term_type,canonical_name,aliases,category,active,priority,confidence,metadata_json
vet_term,SOAP note,"SOAP, SOAPIE, progress note",document_type,true,50,0.95,"{""source_system"":""fluttershy-vet-taxonomy"",""source_file"":""instinct-vet-term-taxonomy.md"",""source_note"":""clinical charting format""}"
vet_term,discharge instructions,"aftercare, home care, release instructions",document_type,true,50,0.95,"{""source_system"":""fluttershy-vet-taxonomy"",""source_file"":""instinct-vet-term-taxonomy.md"",""source_note"":""client-facing handout""}"
vet_term,anesthesia record,"anesthesia sheet, op note",document_type,true,50,0.95,"{""source_system"":""fluttershy-vet-taxonomy"",""source_file"":""instinct-vet-term-taxonomy.md"",""source_note"":""perioperative record""}"
vet_term,treatment plan,"treatment sheet, plan",document_type,true,50,0.95,"{""source_system"":""fluttershy-vet-taxonomy"",""source_file"":""instinct-vet-term-taxonomy.md"",""source_note"":""clinic-authored care plan""}"
vet_term,veterinary,"vet, animal hospital, pet hospital",source,true,50,0.95,"{""source_system"":""fluttershy-vet-taxonomy"",""source_file"":""instinct-vet-term-taxonomy.md"",""source_note"":""clinic-authored or clinic-facing source cue""}"
vet_term,DVM,VMD,source,true,50,0.95,"{""source_system"":""fluttershy-vet-taxonomy"",""source_file"":""instinct-vet-term-taxonomy.md"",""source_note"":""veterinary clinician credential cue""}"
vet_term,patient,"owner, client, pet",source,true,50,0.95,"{""source_system"":""fluttershy-vet-taxonomy"",""source_file"":""instinct-vet-term-taxonomy.md"",""source_note"":""veterinary context cue""}"
treatment,anesthesia,"sedation, induction, recovery",treatment,true,50,0.95,"{""source_system"":""fluttershy-vet-taxonomy"",""source_file"":""instinct-vet-term-taxonomy.md"",""source_note"":""active procedural care""}"
treatment,surgery,"spay, neuter, dental, biopsy",treatment,true,50,0.95,"{""source_system"":""fluttershy-vet-taxonomy"",""source_file"":""instinct-vet-term-taxonomy.md"",""source_note"":""active procedural care""}"
medication,NSAID,"anti-inflammatory, pain control",medication,true,50,0.95,"{""source_system"":""fluttershy-vet-taxonomy"",""source_file"":""instinct-vet-term-taxonomy.md"",""source_note"":""therapeutic context cue""}"
medication,Abaxis VetScan FELV/FIV Rapid Test,Abaxis VetScan FELV/FIV Rapid Test,evh-medications,true,1,0.93,"{""source_system"":""stockroom"",""source_file"":""Stockroom \u00b7 Instinct Stockroom.csv"",""source_rows"":""3139"",""classification"":""heuristic""}"
medication,Abaxis Vetscan UA 10 Strip,Abaxis Vetscan UA 10 Strip,evh-medications,true,1,0.93,"{""source_system"":""stockroom"",""source_file"":""Stockroom \u00b7 Instinct Stockroom.csv"",""source_rows"":""3139"",""classification"":""heuristic""}"
medication,Abaxis Vetscan UA 14 Strip,Abaxis Vetscan UA 14 Strip,evh-medications,true,1,0.93,"{""source_system"":""stockroom"",""source_file"":""Stockroom \u00b7 Instinct Stockroom.csv"",""source_rows"":""3139"",""classification"":""heuristic""}"
medication,Acepromazine 10mg/ml INJ,Acepromazine 10mg/ml INJ,evh-medications,true,1,0.93,"{""source_system"":""stockroom"",""source_file"":""Stockroom \u00b7 Instinct Stockroom.csv"",""source_rows"":""3139"",""classification"":""heuristic""}"
medication,ADAPTIL Diffuser,ADAPTIL Diffuser,evh-medications,true,1,0.93,"{""source_system"":""stockroom"",""source_file"":""Stockroom \u00b7 Instinct Stockroom.csv"",""source_rows"":""3139"",""classification"":""heuristic""}"
medication,ADAPTIL Refills ( ThunderEase),ADAPTIL Refills ( ThunderEase),evh-medications,true,1,0.93,"{""source_system"":""stockroom"",""source_file"":""Stockroom \u00b7 Instinct Stockroom.csv"",""source_rows"":""3139"",""classification"":""heuristic""}"
medication,Adaptil Travel Spray 20ml,Adaptil Travel Spray 20ml,evh-medications,true,1,0.93,"{""source_system"":""stockroom"",""source_file"":""Stockroom \u00b7 Instinct Stockroom.csv"",""source_rows"":""3139"",""classification"":""heuristic""}"
medication,Adequan 100mg/ml INJ,Adequan 100mg/ml INJ,evh-medications,true,1,0.93,"{""source_system"":""stockroom"",""source_file"":""Stockroom \u00b7 Instinct Stockroom.csv"",""source_rows"":""3139"",""classification"":""heuristic""}"
medication,Alfaxalone 10mg/ml INJ (Alfaxan),Alfaxalone 10mg/ml INJ (Alfaxan),evh-medications,true,1,0.93,"{""source_system"":""stockroom"",""source_file"":""Stockroom \u00b7 Instinct Stockroom.csv"",""source_rows"":""3139"",""classification"":""heuristic""}"
medication,Alphatrak Lancets 100ct,Alphatrak Lancets 100ct,evh-medications,true,1,0.93,"{""source_system"":""stockroom"",""source_file"":""Stockroom \u00b7 Instinct Stockroom.csv"",""source_rows"":""3139"",""classification"":""heuristic""}"
medication,Ampicillin ( Polyflex ) 200mg/ml INJ,Ampicillin ( Polyflex ) 200mg/ml INJ,evh-medications,true,1,0.93,"{""source_system"":""stockroom"",""source_file"":""Stockroom \u00b7 Instinct Stockroom.csv"",""source_rows"":""3139"",""classification"":""heuristic""}"
medication,Ampicillin Sulbactam 1.5gm/Vial INJ (37.5mg/mL),Ampicillin Sulbactam 1.5gm/Vial INJ (37.5mg/mL),evh-medications,true,1,0.93,"{""source_system"":""stockroom"",""source_file"":""Stockroom \u00b7 Instinct Stockroom.csv"",""source_rows"":""3139"",""classification"":""heuristic""}"
medication,Ampicllin 1gm INJ (100mg/mL),Ampicllin 1gm INJ (100mg/mL),evh-medications,true,1,0.93,"{""source_system"":""stockroom"",""source_file"":""Stockroom \u00b7 Instinct Stockroom.csv"",""source_rows"":""3139"",""classification"":""heuristic""}"
medication,Antech Accuplex 4 ( HW plus Tick),Antech Accuplex 4 ( HW plus Tick),evh-medications,true,1,0.93,"{""source_system"":""stockroom"",""source_file"":""Stockroom \u00b7 Instinct Stockroom.csv"",""source_rows"":""3139"",""classification"":""heuristic""}"
medication,Antech Canine Heartworm ANTIGEN,Antech Canine Heartworm ANTIGEN,evh-medications,true,1,0.93,"{""source_system"":""stockroom"",""source_file"":""Stockroom \u00b7 Instinct Stockroom.csv"",""source_rows"":""3139"",""classification"":""heuristic""}"
medication,Antech Canine PCR Tick Borne Panel,Antech Canine PCR Tick Borne Panel,evh-medications,true,1,0.93,"{""source_system"":""stockroom"",""source_file"":""Stockroom \u00b7 Instinct Stockroom.csv"",""source_rows"":""3139"",""classification"":""heuristic""}"
medication,Antech Dexamethasone Suppression Test,Antech Dexamethasone Suppression Test,evh-medications,true,1,0.93,"{""source_system"":""stockroom"",""source_file"":""Stockroom \u00b7 Instinct Stockroom.csv"",""source_rows"":""3139"",""classification"":""heuristic""}"
medication,Antech Fastpanel PCR Fel Flea/Tick,Antech Fastpanel PCR Fel Flea/Tick,evh-medications,true,1,0.93,"{""source_system"":""stockroom"",""source_file"":""Stockroom \u00b7 Instinct Stockroom.csv"",""source_rows"":""3139"",""classification"":""heuristic""}"
medication,Antech Feline Heartworm Antig. + Antib.,Antech Feline Heartworm Antig. + Antib.,evh-medications,true,1,0.93,"{""source_system"":""stockroom"",""source_file"":""Stockroom \u00b7 Instinct Stockroom.csv"",""source_rows"":""3139"",""classification"":""heuristic""}"
medication,Antech Phenobarbital Level,Antech Phenobarbital Level,evh-medications,true,1,0.93,"{""source_system"":""stockroom"",""source_file"":""Stockroom \u00b7 Instinct Stockroom.csv"",""source_rows"":""3139"",""classification"":""heuristic""}"
medication,Antech Rabies Antibody Titer Non-Export,Antech Rabies Antibody Titer Non-Export,evh-medications,true,1,0.93,"{""source_system"":""stockroom"",""source_file"":""Stockroom \u00b7 Instinct Stockroom.csv"",""source_rows"":""3139"",""classification"":""heuristic""}"
medication,Antech Tick Serology,Antech Tick Serology,evh-medications,true,1,0.93,"{""source_system"":""stockroom"",""source_file"":""Stockroom \u00b7 Instinct Stockroom.csv"",""source_rows"":""3139"",""classification"":""heuristic""}"
medication,Antisedan ( Atipamazole ) 5mg/ml INJ,Antisedan ( Atipamazole ) 5mg/ml INJ,evh-medications,true,1,0.93,"{""source_system"":""stockroom"",""source_file"":""Stockroom \u00b7 Instinct Stockroom.csv"",""source_rows"":""3139"",""classification"":""heuristic""}"
medication,Aranesp (Darbepoetin) 25 mcg/1ml,Aranesp (Darbepoetin) 25 mcg/1ml,evh-medications,true,1,0.93,"{""source_system"":""stockroom"",""source_file"":""Stockroom \u00b7 Instinct Stockroom.csv"",""source_rows"":""3139"",""classification"":""heuristic""}"
medication,ASO-G Anal Sac Ointment,ASO-G Anal Sac Ointment,evh-medications,true,1,0.93,"{""source_system"":""stockroom"",""source_file"":""Stockroom \u00b7 Instinct Stockroom.csv"",""source_rows"":""3139"",""classification"":""heuristic""}"
medication,Atropine Sulfate 0.54mg/ml INJ,Atropine Sulfate 0.54mg/ml INJ,evh-medications,true,1,0.93,"{""source_system"":""stockroom"",""source_file"":""Stockroom \u00b7 Instinct Stockroom.csv"",""source_rows"":""3139"",""classification"":""heuristic""}"
medication,AX - CRI - Buprenorphine (mg/kg/hr),AX - CRI - Buprenorphine (mg/kg/hr),evh-medications,true,1,0.93,"{""source_system"":""stockroom"",""source_file"":""Stockroom \u00b7 Instinct Stockroom.csv"",""source_rows"":""3139"",""classification"":""heuristic""}"
medication,AX - CRI - Butorphanol (mg/kg/hr),AX - CRI - Butorphanol (mg/kg/hr),evh-medications,true,1,0.93,"{""source_system"":""stockroom"",""source_file"":""Stockroom \u00b7 Instinct Stockroom.csv"",""source_rows"":""3139"",""classification"":""heuristic""}"
medication,AX - CRI - Dexmedetomidine (mcg/kg/hr),AX - CRI - Dexmedetomidine (mcg/kg/hr),evh-medications,true,1,0.93,"{""source_system"":""stockroom"",""source_file"":""Stockroom \u00b7 Instinct Stockroom.csv"",""source_rows"":""3139"",""classification"":""heuristic""}"
medication,AX - CRI - Fentanyl (mg/kg/hr),AX - CRI - Fentanyl (mg/kg/hr),evh-medications,true,1,0.93,"{""source_system"":""stockroom"",""source_file"":""Stockroom \u00b7 Instinct Stockroom.csv"",""source_rows"":""3139"",""classification"":""heuristic""}"
medication,AX - CRI - Fentanyl/Lidocaine/Ketamine (mg/kg/hr),AX - CRI - Fentanyl/Lidocaine/Ketamine (mg/kg/hr),evh-medications,true,1,0.93,"{""source_system"":""stockroom"",""source_file"":""Stockroom \u00b7 Instinct Stockroom.csv"",""source_rows"":""3139"",""classification"":""heuristic""}"
medication,AX - CRI - Fentanyl/Lidocaine/Ketamine (mL/hr),AX - CRI - Fentanyl/Lidocaine/Ketamine (mL/hr),evh-medications,true,1,0.93,"{""source_system"":""stockroom"",""source_file"":""Stockroom \u00b7 Instinct Stockroom.csv"",""source_rows"":""3139"",""classification"":""heuristic""}"
medication,AX - CRI - Hydromorphone/Lidocaine/Ketamine (mg/kg/hr),AX - CRI - Hydromorphone/Lidocaine/Ketamine (mg/kg/hr),evh-medications,true,1,0.93,"{""source_system"":""stockroom"",""source_file"":""Stockroom \u00b7 Instinct Stockroom.csv"",""source_rows"":""3139"",""classification"":""heuristic""}"
medication,AX - CRI - Hydromorphone/Lidocaine/Ketamine (mL/hr),AX - CRI - Hydromorphone/Lidocaine/Ketamine (mL/hr),evh-medications,true,1,0.93,"{""source_system"":""stockroom"",""source_file"":""Stockroom \u00b7 Instinct Stockroom.csv"",""source_rows"":""3139"",""classification"":""heuristic""}"
medication,AX - CRI - Lidocaine (mg/kg/hr),AX - CRI - Lidocaine (mg/kg/hr),evh-medications,true,1,0.93,"{""source_system"":""stockroom"",""source_file"":""Stockroom \u00b7 Instinct Stockroom.csv"",""source_rows"":""3139"",""classification"":""heuristic""}"
medication,AX - CRI - Morphine/Lidocaine/Ketamine (mg/kg/hr),AX - CRI - Morphine/Lidocaine/Ketamine (mg/kg/hr),evh-medications,true,1,0.93,"{""source_system"":""stockroom"",""source_file"":""Stockroom \u00b7 Instinct Stockroom.csv"",""source_rows"":""3139"",""classification"":""heuristic""}"
medication,AX - CRI - Morphine/Lidocaine/Ketamine (mL/hr),AX - CRI - Morphine/Lidocaine/Ketamine (mL/hr),evh-medications,true,1,0.93,"{""source_system"":""stockroom"",""source_file"":""Stockroom \u00b7 Instinct Stockroom.csv"",""source_rows"":""3139"",""classification"":""heuristic""}"
medication,Benzoyl Peroxide Gel 5% 45gm,Benzoyl Peroxide Gel 5% 45gm,evh-medications,true,1,0.93,"{""source_system"":""stockroom"",""source_file"":""Stockroom \u00b7 Instinct Stockroom.csv"",""source_rows"":""3139"",""classification"":""heuristic""}"
medication,Bordetella Injectable Vaccine,Bordetella Injectable Vaccine,evh-medications,true,1,0.93,"{""source_system"":""stockroom"",""source_file"":""Stockroom \u00b7 Instinct Stockroom.csv"",""source_rows"":""3139"",""classification"":""heuristic""}"
medication,Bordetella Intranasal Vaccine,Bordetella Intranasal Vaccine,evh-medications,true,1,0.93,"{""source_system"":""stockroom"",""source_file"":""Stockroom \u00b7 Instinct Stockroom.csv"",""source_rows"":""3139"",""classification"":""heuristic""}"
medication,Bordetella Oral Vaccine,Bordetella Oral Vaccine,evh-medications,true,1,0.93,"{""source_system"":""stockroom"",""source_file"":""Stockroom \u00b7 Instinct Stockroom.csv"",""source_rows"":""3139"",""classification"":""heuristic""}"
medication,BotVax B Clostridium Bot. Type B 10ml,BotVax B Clostridium Bot. Type B 10ml,evh-medications,true,1,0.93,"{""source_system"":""stockroom"",""source_file"":""Stockroom \u00b7 Instinct Stockroom.csv"",""source_rows"":""3139"",""classification"":""heuristic""}"
medication,Bupivicaine ( Marcaine ) 0.5% 5mg/ml INJ,Bupivicaine ( Marcaine ) 0.5% 5mg/ml INJ,evh-medications,true,1,0.93,"{""source_system"":""stockroom"",""source_file"":""Stockroom \u00b7 Instinct Stockroom.csv"",""source_rows"":""3139"",""classification"":""heuristic""}"
medication,Buprenorphine ( Simbadol ) 1.8mg/ml INJ,Buprenorphine ( Simbadol ) 1.8mg/ml INJ,evh-medications,true,1,0.93,"{""source_system"":""stockroom"",""source_file"":""Stockroom \u00b7 Instinct Stockroom.csv"",""source_rows"":""3139"",""classification"":""heuristic""}"
medication,Buprenorphine ( Zorbium ) 2.6-6.6# Tube,Buprenorphine ( Zorbium ) 2.6-6.6# Tube,evh-medications,true,1,0.93,"{""source_system"":""stockroom"",""source_file"":""Stockroom \u00b7 Instinct Stockroom.csv"",""source_rows"":""3139"",""classification"":""heuristic""}"
medication,Buprenorphine ( Zorbium ) 6.6-16.5# Tube,Buprenorphine ( Zorbium ) 6.6-16.5# Tube,evh-medications,true,1,0.93,"{""source_system"":""stockroom"",""source_file"":""Stockroom \u00b7 Instinct Stockroom.csv"",""source_rows"":""3139"",""classification"":""heuristic""}"
medication,Buprenorphine 0.3mg/ml INJ,Buprenorphine 0.3mg/ml INJ,evh-medications,true,1,0.93,"{""source_system"":""stockroom"",""source_file"":""Stockroom \u00b7 Instinct Stockroom.csv"",""source_rows"":""3139"",""classification"":""heuristic""}"
medication,Buprenorphine 0.6mg/ml INJ,Buprenorphine 0.6mg/ml INJ,evh-medications,true,1,0.93,"{""source_system"":""stockroom"",""source_file"":""Stockroom \u00b7 Instinct Stockroom.csv"",""source_rows"":""3139"",""classification"":""heuristic""}"
medication,Butorphanol 10mg/ml INJ ( Torbugesic ),Butorphanol 10mg/ml INJ ( Torbugesic ),evh-medications,true,1,0.93,"{""source_system"":""stockroom"",""source_file"":""Stockroom \u00b7 Instinct Stockroom.csv"",""source_rows"":""3139"",""classification"":""heuristic""}"
medication,Butterfly 19g,Butterfly 19g,evh-medications,true,1,0.93,"{""source_system"":""stockroom"",""source_file"":""Stockroom \u00b7 Instinct Stockroom.csv"",""source_rows"":""3139"",""classification"":""heuristic""}"
medication,Butterfly 21g Blood Collection Set,Butterfly 21g Blood Collection Set,evh-medications,true,1,0.93,"{""source_system"":""stockroom"",""source_file"":""Stockroom \u00b7 Instinct Stockroom.csv"",""source_rows"":""3139"",""classification"":""heuristic""}"
medication,C.E.T. Oral Chew Feline (Fish 30ct),C.E.T. Oral Chew Feline (Fish 30ct),evh-medications,true,1,0.93,"{""source_system"":""stockroom"",""source_file"":""Stockroom \u00b7 Instinct Stockroom.csv"",""source_rows"":""3139"",""classification"":""heuristic""}"
medication,Calcium Gluconate 23% INJ (230mg/mL),Calcium Gluconate 23% INJ (230mg/mL),evh-medications,true,1,0.93,"{""source_system"":""stockroom"",""source_file"":""Stockroom \u00b7 Instinct Stockroom.csv"",""source_rows"":""3139"",""classification"":""heuristic""}"
medication,Calvenza Equine Vaccine,Calvenza Equine Vaccine,evh-medications,true,1,0.93,"{""source_system"":""stockroom"",""source_file"":""Stockroom \u00b7 Instinct Stockroom.csv"",""source_rows"":""3139"",""classification"":""heuristic""}"
medication,Canine Influenza Vaccine H3N2,Canine Influenza Vaccine H3N2,evh-medications,true,1,0.93,"{""source_system"":""stockroom"",""source_file"":""Stockroom \u00b7 Instinct Stockroom.csv"",""source_rows"":""3139"",""classification"":""heuristic""}"
medication,Canine Influenza Vaccine H3N8,Canine Influenza Vaccine H3N8,evh-medications,true,1,0.93,"{""source_system"":""stockroom"",""source_file"":""Stockroom \u00b7 Instinct Stockroom.csv"",""source_rows"":""3139"",""classification"":""heuristic""}"
medication,Canine Influenza Vaccine H3N8 & H3N2 Bivalent Vaccine,Canine Influenza Vaccine H3N8 & H3N2 Bivalent Vaccine,evh-medications,true,1,0.93,"{""source_system"":""stockroom"",""source_file"":""Stockroom \u00b7 Instinct Stockroom.csv"",""source_rows"":""3139"",""classification"":""heuristic""}"
medication,Canine/Feline Imrab 3yr Rabies (Single),Canine/Feline Imrab 3yr Rabies (Single),evh-medications,true,1,0.93,"{""source_system"":""stockroom"",""source_file"":""Stockroom \u00b7 Instinct Stockroom.csv"",""source_rows"":""3139"",""classification"":""heuristic""}"
medication,Carboplatin 10mg/ml,Carboplatin 10mg/ml,evh-medications,true,1,0.93,"{""source_system"":""stockroom"",""source_file"":""Stockroom \u00b7 Instinct Stockroom.csv"",""source_rows"":""3139"",""classification"":""heuristic""}"
medication,Catheter Injection cap,Catheter Injection cap,evh-medications,true,1,0.93,"{""source_system"":""stockroom"",""source_file"":""Stockroom \u00b7 Instinct Stockroom.csv"",""source_rows"":""3139"",""classification"":""heuristic""}"
medication,Cefazolin Sodium 1gm INJ (100mg/mL),Cefazolin Sodium 1gm INJ (100mg/mL),evh-medications,true,1,0.93,"{""source_system"":""stockroom"",""source_file"":""Stockroom \u00b7 Instinct Stockroom.csv"",""source_rows"":""3139"",""classification"":""heuristic""}"
medication,Ceftazidime Injection 1gm (100mg/mL),Ceftazidime Injection 1gm (100mg/mL),evh-medications,true,1,0.93,"{""source_system"":""stockroom"",""source_file"":""Stockroom \u00b7 Instinct Stockroom.csv"",""source_rows"":""3139"",""classification"":""heuristic""}"
medication,Ceftiflex (Ceftiofur Sodium) Powder 1gm (50mg/mL),Ceftiflex (Ceftiofur Sodium) Powder 1gm (50mg/mL),evh-medications,true,1,0.93,"{""source_system"":""stockroom"",""source_file"":""Stockroom \u00b7 Instinct Stockroom.csv"",""source_rows"":""3139"",""classification"":""heuristic""}"
medication,Cerenia ( Maropitant ) 10mg/ml INJ,Cerenia ( Maropitant ) 10mg/ml INJ,evh-medications,true,1,0.93,"{""source_system"":""stockroom"",""source_file"":""Stockroom \u00b7 Instinct Stockroom.csv"",""source_rows"":""3139"",""classification"":""heuristic""}"
medication,CET Chews - Petite 30ct,CET Chews - Petite 30ct,evh-medications,true,1,0.93,"{""source_system"":""stockroom"",""source_file"":""Stockroom \u00b7 Instinct Stockroom.csv"",""source_rows"":""3139"",""classification"":""heuristic""}"
medication,CET Veggident Fresh (30ct Chew LG),CET Veggident Fresh (30ct Chew LG),evh-medications,true,1,0.93,"{""source_system"":""stockroom"",""source_file"":""Stockroom \u00b7 Instinct Stockroom.csv"",""source_rows"":""3139"",""classification"":""heuristic""}"
medication,CET Veggident Fresh Chew (30ct MED),CET Veggident Fresh Chew (30ct MED),evh-medications,true,1,0.93,"{""source_system"":""stockroom"",""source_file"":""Stockroom \u00b7 Instinct Stockroom.csv"",""source_rows"":""3139"",""classification"":""heuristic""}"
medication,CET Veggiedent Fresh (30ct Chew XS),CET Veggiedent Fresh (30ct Chew XS),evh-medications,true,1,0.93,"{""source_system"":""stockroom"",""source_file"":""Stockroom \u00b7 Instinct Stockroom.csv"",""source_rows"":""3139"",""classification"":""heuristic""}"
medication,Chlorhexidine Solution 2% Gallon,Chlorhexidine Solution 2% Gallon,evh-medications,true,1,0.93,"{""source_system"":""stockroom"",""source_file"":""Stockroom \u00b7 Instinct Stockroom.csv"",""source_rows"":""3139"",""classification"":""heuristic""}"
medication,Ciliary Body - Chemical Ablation per Eye,Ciliary Body - Chemical Ablation per Eye,evh-medications,true,1,0.93,"{""source_system"":""stockroom"",""source_file"":""Stockroom \u00b7 Instinct Stockroom.csv"",""source_rows"":""3139"",""classification"":""heuristic""}"
medication,Clean Face / Nose / Eye Area,Clean Face / Nose / Eye Area,evh-medications,true,1,0.93,"{""source_system"":""stockroom"",""source_file"":""Stockroom \u00b7 Instinct Stockroom.csv"",""source_rows"":""3139"",""classification"":""heuristic""}"
medication,Clevor Opth. Sol. 30mg/ml 0.3ml Dropper,Clevor Opth. Sol. 30mg/ml 0.3ml Dropper,evh-medications,true,1,0.93,"{""source_system"":""stockroom"",""source_file"":""Stockroom \u00b7 Instinct Stockroom.csv"",""source_rows"":""3139"",""classification"":""heuristic""}"
medication,Clothesline Fresh Fabric Spray,Clothesline Fresh Fabric Spray,evh-medications,true,1,0.93,"{""source_system"":""stockroom"",""source_file"":""Stockroom \u00b7 Instinct Stockroom.csv"",""source_rows"":""3139"",""classification"":""heuristic""}"
medication,Convenia ( Cefovecin ) 80mg/ml INJ,Convenia ( Cefovecin ) 80mg/ml INJ,evh-medications,true,1,0.93,"{""source_system"":""stockroom"",""source_file"":""Stockroom \u00b7 Instinct Stockroom.csv"",""source_rows"":""3139"",""classification"":""heuristic""}"
medication,Cosyntropin ( Cortrosyn ) 0.25mg/ml INJ,Cosyntropin ( Cortrosyn ) 0.25mg/ml INJ,evh-medications,true,1,0.93,"{""source_system"":""stockroom"",""source_file"":""Stockroom \u00b7 Instinct Stockroom.csv"",""source_rows"":""3139"",""classification"":""heuristic""}"
medication,CRI - Buprenorphine (mg/kg/hr),CRI - Buprenorphine (mg/kg/hr),evh-medications,true,1,0.93,"{""source_system"":""stockroom"",""source_file"":""Stockroom \u00b7 Instinct Stockroom.csv"",""source_rows"":""3139"",""classification"":""heuristic""}"
medication,CRI - Butorphanol (mg/kg/hr),CRI - Butorphanol (mg/kg/hr),evh-medications,true,1,0.93,"{""source_system"":""stockroom"",""source_file"":""Stockroom \u00b7 Instinct Stockroom.csv"",""source_rows"":""3139"",""classification"":""heuristic""}"
medication,CRI - Calcium Gluconate (mg/kg/hr),CRI - Calcium Gluconate (mg/kg/hr),evh-medications,true,1,0.93,"{""source_system"":""stockroom"",""source_file"":""Stockroom \u00b7 Instinct Stockroom.csv"",""source_rows"":""3139"",""classification"":""heuristic""}"
medication,CRI - Dexmedetomidine (mcg/kg/hr),CRI - Dexmedetomidine (mcg/kg/hr),evh-medications,true,1,0.93,"{""source_system"":""stockroom"",""source_file"":""Stockroom \u00b7 Instinct Stockroom.csv"",""source_rows"":""3139"",""classification"":""heuristic""}"
medication,CRI - Epinephrine (mcg/kg/min),CRI - Epinephrine (mcg/kg/min),evh-medications,true,1,0.93,"{""source_system"":""stockroom"",""source_file"":""Stockroom \u00b7 Instinct Stockroom.csv"",""source_rows"":""3139"",""classification"":""heuristic""}"
medication,CRI - Fentanyl (mg/kg/hr),CRI - Fentanyl (mg/kg/hr),evh-medications,true,1,0.93,"{""source_system"":""stockroom"",""source_file"":""Stockroom \u00b7 Instinct Stockroom.csv"",""source_rows"":""3139"",""classification"":""heuristic""}"
medication,CRI - Fentanyl/Lidocaine/Ketamine (mg/kg/hr),CRI - Fentanyl/Lidocaine/Ketamine (mg/kg/hr),evh-medications,true,1,0.93,"{""source_system"":""stockroom"",""source_file"":""Stockroom \u00b7 Instinct Stockroom.csv"",""source_rows"":""3139"",""classification"":""heuristic""}"
medication,CRI - Furosemide (mg/kg/hr),CRI - Furosemide (mg/kg/hr),evh-medications,true,1,0.93,"{""source_system"":""stockroom"",""source_file"":""Stockroom \u00b7 Instinct Stockroom.csv"",""source_rows"":""3139"",""classification"":""heuristic""}"
medication,CRI - Hydromorphone/Lidocaine/Ketamine (mg/kg/hr),CRI - Hydromorphone/Lidocaine/Ketamine (mg/kg/hr),evh-medications,true,1,0.93,"{""source_system"":""stockroom"",""source_file"":""Stockroom \u00b7 Instinct Stockroom.csv"",""source_rows"":""3139"",""classification"":""heuristic""}"
medication,CRI - Insulin (U/kg/hr),CRI - Insulin (U/kg/hr),evh-medications,true,1,0.93,"{""source_system"":""stockroom"",""source_file"":""Stockroom \u00b7 Instinct Stockroom.csv"",""source_rows"":""3139"",""classification"":""heuristic""}"
medication,CRI - Ketamine (mg/kg/hr),CRI - Ketamine (mg/kg/hr),evh-medications,true,1,0.93,"{""source_system"":""stockroom"",""source_file"":""Stockroom \u00b7 Instinct Stockroom.csv"",""source_rows"":""3139"",""classification"":""heuristic""}"
medication,CRI - Lidocaine (mg/kg/hr),CRI - Lidocaine (mg/kg/hr),evh-medications,true,1,0.93,"{""source_system"":""stockroom"",""source_file"":""Stockroom \u00b7 Instinct Stockroom.csv"",""source_rows"":""3139"",""classification"":""heuristic""}"
medication,CRI - Methocarbamol (mg/kg/hr),CRI - Methocarbamol (mg/kg/hr),evh-medications,true,1,0.93,"{""source_system"":""stockroom"",""source_file"":""Stockroom \u00b7 Instinct Stockroom.csv"",""source_rows"":""3139"",""classification"":""heuristic""}"
medication,CRI - Metoclopramide (mg/kg/hr),CRI - Metoclopramide (mg/kg/hr),evh-medications,true,1,0.93,"{""source_system"":""stockroom"",""source_file"":""Stockroom \u00b7 Instinct Stockroom.csv"",""source_rows"":""3139"",""classification"":""heuristic""}"
medication,CRI - Midazolam (mg/kg/hr),CRI - Midazolam (mg/kg/hr),evh-medications,true,1,0.93,"{""source_system"":""stockroom"",""source_file"":""Stockroom \u00b7 Instinct Stockroom.csv"",""source_rows"":""3139"",""classification"":""heuristic""}"
medication,CRI - Morphine/Lidocaine/Ketamine (mg/kg/hr),CRI - Morphine/Lidocaine/Ketamine (mg/kg/hr),evh-medications,true,1,0.93,"{""source_system"":""stockroom"",""source_file"":""Stockroom \u00b7 Instinct Stockroom.csv"",""source_rows"":""3139"",""classification"":""heuristic""}"
medication,CRI - Propofol (mg/kg/min),CRI - Propofol (mg/kg/min),evh-medications,true,1,0.93,"{""source_system"":""stockroom"",""source_file"":""Stockroom \u00b7 Instinct Stockroom.csv"",""source_rows"":""3139"",""classification"":""heuristic""}"
medication,Cucumber Melon Body Spray 8oz,Cucumber Melon Body Spray 8oz,evh-medications,true,1,0.93,"{""source_system"":""stockroom"",""source_file"":""Stockroom \u00b7 Instinct Stockroom.csv"",""source_rows"":""3139"",""classification"":""heuristic""}"
medication,Cucumber/ Melon Ear Rinse 16 oz,Cucumber/ Melon Ear Rinse 16 oz,evh-medications,true,1,0.93,"{""source_system"":""stockroom"",""source_file"":""Stockroom \u00b7 Instinct Stockroom.csv"",""source_rows"":""3139"",""classification"":""heuristic""}"
medication,Cytarabine 100mg/ml INJ,Cytarabine 100mg/ml INJ,evh-medications,true,1,0.93,"{""source_system"":""stockroom"",""source_file"":""Stockroom \u00b7 Instinct Stockroom.csv"",""source_rows"":""3139"",""classification"":""heuristic""}"
medication,Cytopoint 10mg,Cytopoint 10mg,evh-medications,true,1,0.93,"{""source_system"":""stockroom"",""source_file"":""Stockroom \u00b7 Instinct Stockroom.csv"",""source_rows"":""3139"",""classification"":""heuristic""}"
medication,Cytopoint 20mg,Cytopoint 20mg,evh-medications,true,1,0.93,"{""source_system"":""stockroom"",""source_file"":""Stockroom \u00b7 Instinct Stockroom.csv"",""source_rows"":""3139"",""classification"":""heuristic""}"
medication,Cytopoint 30mg,Cytopoint 30mg,evh-medications,true,1,0.93,"{""source_system"":""stockroom"",""source_file"":""Stockroom \u00b7 Instinct Stockroom.csv"",""source_rows"":""3139"",""classification"":""heuristic""}"
medication,Cytopoint 40mg,Cytopoint 40mg,evh-medications,true,1,0.93,"{""source_system"":""stockroom"",""source_file"":""Stockroom \u00b7 Instinct Stockroom.csv"",""source_rows"":""3139"",""classification"":""heuristic""}"
medication,D-128 Germicidal Solution Vedco gallon,D-128 Germicidal Solution Vedco gallon,evh-medications,true,1,0.93,"{""source_system"":""stockroom"",""source_file"":""Stockroom \u00b7 Instinct Stockroom.csv"",""source_rows"":""3139"",""classification"":""heuristic""}"
medication,Depo-Medrol 20mg/ml INJ,Depo-Medrol 20mg/ml INJ,evh-medications,true,1,0.93,"{""source_system"":""stockroom"",""source_file"":""Stockroom \u00b7 Instinct Stockroom.csv"",""source_rows"":""3139"",""classification"":""heuristic""}"
medication,Dermatonin Implant 12 mg,Dermatonin Implant 12 mg,evh-medications,true,1,0.93,"{""source_system"":""stockroom"",""source_file"":""Stockroom \u00b7 Instinct Stockroom.csv"",""source_rows"":""3139"",""classification"":""heuristic""}"
medication,Dermatonin Implant 8.0mg,Dermatonin Implant 8.0mg,evh-medications,true,1,0.93,"{""source_system"":""stockroom"",""source_file"":""Stockroom \u00b7 Instinct Stockroom.csv"",""source_rows"":""3139"",""classification"":""heuristic""}"
medication,Deworm - Litter of 4 or more,Deworm - Litter of 4 or more,evh-medications,true,1,0.93,"{""source_system"":""stockroom"",""source_file"":""Stockroom \u00b7 Instinct Stockroom.csv"",""source_rows"":""3139"",""classification"":""heuristic""}"
medication,Deworm 1-25 lb,Deworm 1-25 lb,evh-medications,true,1,0.93,"{""source_system"":""stockroom"",""source_file"":""Stockroom \u00b7 Instinct Stockroom.csv"",""source_rows"":""3139"",""classification"":""heuristic""}"
medication,Deworm 120-140 lb.,Deworm 120-140 lb.,evh-medications,true,1,0.93,"{""source_system"":""stockroom"",""source_file"":""Stockroom \u00b7 Instinct Stockroom.csv"",""source_rows"":""3139"",""classification"":""heuristic""}"
medication,Deworm 25-60 lb.,Deworm 25-60 lb.,evh-medications,true,1,0.93,"{""source_system"":""stockroom"",""source_file"":""Stockroom \u00b7 Instinct Stockroom.csv"",""source_rows"":""3139"",""classification"":""heuristic""}"
medication,Deworm 61-90 lb,Deworm 61-90 lb,evh-medications,true,1,0.93,"{""source_system"":""stockroom"",""source_file"":""Stockroom \u00b7 Instinct Stockroom.csv"",""source_rows"":""3139"",""classification"":""heuristic""}"
medication,Deworm 91-120 lb.,Deworm 91-120 lb.,evh-medications,true,1,0.93,"{""source_system"":""stockroom"",""source_file"":""Stockroom \u00b7 Instinct Stockroom.csv"",""source_rows"":""3139"",""classification"":""heuristic""}"
medication,Dexamethasone 2mg/ml INJ,Dexamethasone 2mg/ml INJ,evh-medications,true,1,0.93,"{""source_system"":""stockroom"",""source_file"":""Stockroom \u00b7 Instinct Stockroom.csv"",""source_rows"":""3139"",""classification"":""heuristic""}"
medication,Dexamethasone SP 4mg/ml INJ,Dexamethasone SP 4mg/ml INJ,evh-medications,true,1,0.93,"{""source_system"":""stockroom"",""source_file"":""Stockroom \u00b7 Instinct Stockroom.csv"",""source_rows"":""3139"",""classification"":""heuristic""}"
medication,Dexmedetomidine 500mcg/mL INJ,Dexmedetomidine 500mcg/mL INJ,evh-medications,true,1,0.93,"{""source_system"":""stockroom"",""source_file"":""Stockroom \u00b7 Instinct Stockroom.csv"",""source_rows"":""3139"",""classification"":""heuristic""}"
medication,Dextrose 50% Solution INJ,Dextrose 50% Solution INJ,evh-medications,true,1,0.93,"{""source_system"":""stockroom"",""source_file"":""Stockroom \u00b7 Instinct Stockroom.csv"",""source_rows"":""3139"",""classification"":""heuristic""}"
medication,Diazepam 5mg/ml INJ (Valium),Diazepam 5mg/ml INJ (Valium),evh-medications,true,1,0.93,"{""source_system"":""stockroom"",""source_file"":""Stockroom \u00b7 Instinct Stockroom.csv"",""source_rows"":""3139"",""classification"":""heuristic""}"
medication,Diphenhydramine 50mg/ml INJ,Diphenhydramine 50mg/ml INJ,evh-medications,true,1,0.93,"{""source_system"":""stockroom"",""source_file"":""Stockroom \u00b7 Instinct Stockroom.csv"",""source_rows"":""3139"",""classification"":""heuristic""}"
medication,Diroban 50mg/vial INJ (25mg/mL),Diroban 50mg/vial INJ (25mg/mL),evh-medications,true,1,0.93,"{""source_system"":""stockroom"",""source_file"":""Stockroom \u00b7 Instinct Stockroom.csv"",""source_rows"":""3139"",""classification"":""heuristic""}"
medication,"Distemper, Parvo & Vaccine Titer","Distemper, Parvo & Vaccine Titer",evh-medications,true,1,0.93,"{""source_system"":""stockroom"",""source_file"":""Stockroom \u00b7 Instinct Stockroom.csv"",""source_rows"":""3139"",""classification"":""heuristic""}"
medication,Doxorubicin 2mg/ml INJ,Doxorubicin 2mg/ml INJ,evh-medications,true,1,0.93,"{""source_system"":""stockroom"",""source_file"":""Stockroom \u00b7 Instinct Stockroom.csv"",""source_rows"":""3139"",""classification"":""heuristic""}"
medication,Ear - Hematoma Repair,Ear - Hematoma Repair,evh-medications,true,1,0.93,"{""source_system"":""stockroom"",""source_file"":""Stockroom \u00b7 Instinct Stockroom.csv"",""source_rows"":""3139"",""classification"":""heuristic""}"
medication,Ear - Simplera Application,Ear - Simplera Application,evh-medications,true,1,0.93,"{""source_system"":""stockroom"",""source_file"":""Stockroom \u00b7 Instinct Stockroom.csv"",""source_rows"":""3139"",""classification"":""heuristic""}"
medication,Ear -Therapeutic Cleansing,Ear -Therapeutic Cleansing,evh-medications,true,1,0.93,"{""source_system"":""stockroom"",""source_file"":""Stockroom \u00b7 Instinct Stockroom.csv"",""source_rows"":""3139"",""classification"":""heuristic""}"
medication,Ear Flush,Ear Flush,evh-medications,true,1,0.93,"{""source_system"":""stockroom"",""source_file"":""Stockroom \u00b7 Instinct Stockroom.csv"",""source_rows"":""3139"",""classification"":""heuristic""}"
medication,Ear Flush - Courtesy,Ear Flush - Courtesy,evh-medications,true,1,0.93,"{""source_system"":""stockroom"",""source_file"":""Stockroom \u00b7 Instinct Stockroom.csv"",""source_rows"":""3139"",""classification"":""heuristic""}"
medication,Ear Hair Removal and Flushing,Ear Hair Removal and Flushing,evh-medications,true,1,0.93,"{""source_system"":""stockroom"",""source_file"":""Stockroom \u00b7 Instinct Stockroom.csv"",""source_rows"":""3139"",""classification"":""heuristic""}"
medication,Ear Hematoma - Draining & Taping,Ear Hematoma - Draining & Taping,evh-medications,true,1,0.93,"{""source_system"":""stockroom"",""source_file"":""Stockroom \u00b7 Instinct Stockroom.csv"",""source_rows"":""3139"",""classification"":""heuristic""}"
medication,Ear Hematoma with Cannula Placement,Ear Hematoma with Cannula Placement,evh-medications,true,1,0.93,"{""source_system"":""stockroom"",""source_file"":""Stockroom \u00b7 Instinct Stockroom.csv"",""source_rows"":""3139"",""classification"":""heuristic""}"
medication,Ear Polyp Removal,Ear Polyp Removal,evh-medications,true,1,0.93,"{""source_system"":""stockroom"",""source_file"":""Stockroom \u00b7 Instinct Stockroom.csv"",""source_rows"":""3139"",""classification"":""heuristic""}"
medication,Eaze-off Spray,Eaze-off Spray,evh-medications,true,1,0.93,"{""source_system"":""stockroom"",""source_file"":""Stockroom \u00b7 Instinct Stockroom.csv"",""source_rows"":""3139"",""classification"":""heuristic""}"
medication,EMPLOYEE - Banofen Diphenhydramine 50mg CAP,EMPLOYEE - Banofen Diphenhydramine 50mg CAP,evh-medications,true,1,0.93,"{""source_system"":""stockroom"",""source_file"":""Stockroom \u00b7 Instinct Stockroom.csv"",""source_rows"":""3139"",""classification"":""heuristic""}"
medication,EMPLOYEE - Cosamin ASU Joint Health 230ct. CAP,EMPLOYEE - Cosamin ASU Joint Health 230ct. CAP,evh-medications,true,1,0.93,"{""source_system"":""stockroom"",""source_file"":""Stockroom \u00b7 Instinct Stockroom.csv"",""source_rows"":""3139"",""classification"":""heuristic""}"
medication,EMPLOYEE - Watermelon Frost 24's TAB,EMPLOYEE - Watermelon Frost 24's TAB,evh-medications,true,1,0.93,"{""source_system"":""stockroom"",""source_file"":""Stockroom \u00b7 Instinct Stockroom.csv"",""source_rows"":""3139"",""classification"":""heuristic""}"
medication,Enrofloxacin ( Baytril ) 100mg/ml INJ,Enrofloxacin ( Baytril ) 100mg/ml INJ,evh-medications,true,1,0.93,"{""source_system"":""stockroom"",""source_file"":""Stockroom \u00b7 Instinct Stockroom.csv"",""source_rows"":""3139"",""classification"":""heuristic""}"
medication,Enrofloxacin ( Baytril ) 22.7mg/ml INJ,Enrofloxacin ( Baytril ) 22.7mg/ml INJ,evh-medications,true,1,0.93,"{""source_system"":""stockroom"",""source_file"":""Stockroom \u00b7 Instinct Stockroom.csv"",""source_rows"":""3139"",""classification"":""heuristic""}"
medication,Epinephrine 1mg/ml ( 1:1000 ) INJ,Epinephrine 1mg/ml ( 1:1000 ) INJ,evh-medications,true,1,0.93,"{""source_system"":""stockroom"",""source_file"":""Stockroom \u00b7 Instinct Stockroom.csv"",""source_rows"":""3139"",""classification"":""heuristic""}"
medication,EpiOtic Advanced Ear flush 8oz,EpiOtic Advanced Ear flush 8oz,evh-medications,true,1,0.93,"{""source_system"":""stockroom"",""source_file"":""Stockroom \u00b7 Instinct Stockroom.csv"",""source_rows"":""3139"",""classification"":""heuristic""}"
medication,Euthasol INJ,Euthasol INJ,evh-medications,true,1,0.93,"{""source_system"":""stockroom"",""source_file"":""Stockroom \u00b7 Instinct Stockroom.csv"",""source_rows"":""3139"",""classification"":""heuristic""}"
medication,Eye - Cleansing/Medicating,Eye - Cleansing/Medicating,evh-medications,true,1,0.93,"{""source_system"":""stockroom"",""source_file"":""Stockroom \u00b7 Instinct Stockroom.csv"",""source_rows"":""3139"",""classification"":""heuristic""}"
medication,Eye - Conjuctival Flap,Eye - Conjuctival Flap,evh-medications,true,1,0.93,"{""source_system"":""stockroom"",""source_file"":""Stockroom \u00b7 Instinct Stockroom.csv"",""source_rows"":""3139"",""classification"":""heuristic""}"
medication,Eye - Corneal Staining,Eye - Corneal Staining,evh-medications,true,1,0.93,"{""source_system"":""stockroom"",""source_file"":""Stockroom \u00b7 Instinct Stockroom.csv"",""source_rows"":""3139"",""classification"":""heuristic""}"
medication,Eye - Entropion Repair ea,Eye - Entropion Repair ea,evh-medications,true,1,0.93,"{""source_system"":""stockroom"",""source_file"":""Stockroom \u00b7 Instinct Stockroom.csv"",""source_rows"":""3139"",""classification"":""heuristic""}"
medication,Eye - Enucleation,Eye - Enucleation,evh-medications,true,1,0.93,"{""source_system"":""stockroom"",""source_file"":""Stockroom \u00b7 Instinct Stockroom.csv"",""source_rows"":""3139"",""classification"":""heuristic""}"
medication,Eye - IOP Measurement (Record Vitals),Eye - IOP Measurement (Record Vitals),evh-medications,true,1,0.93,"{""source_system"":""stockroom"",""source_file"":""Stockroom \u00b7 Instinct Stockroom.csv"",""source_rows"":""3139"",""classification"":""heuristic""}"
medication,Eye - Tack Lids Each Pup,Eye - Tack Lids Each Pup,evh-medications,true,1,0.93,"{""source_system"":""stockroom"",""source_file"":""Stockroom \u00b7 Instinct Stockroom.csv"",""source_rows"":""3139"",""classification"":""heuristic""}"
medication,Eye - Tarsorrhaphy,Eye - Tarsorrhaphy,evh-medications,true,1,0.93,"{""source_system"":""stockroom"",""source_file"":""Stockroom \u00b7 Instinct Stockroom.csv"",""source_rows"":""3139"",""classification"":""heuristic""}"
medication,Eye-Removal 3rd Eyelid Gland,Eye-Removal 3rd Eyelid Gland,evh-medications,true,1,0.93,"{""source_system"":""stockroom"",""source_file"":""Stockroom \u00b7 Instinct Stockroom.csv"",""source_rows"":""3139"",""classification"":""heuristic""}"
medication,Eye/ Cauterize hair,Eye/ Cauterize hair,evh-medications,true,1,0.93,"{""source_system"":""stockroom"",""source_file"":""Stockroom \u00b7 Instinct Stockroom.csv"",""source_rows"":""3139"",""classification"":""heuristic""}"
medication,Eye/Flush tear ducts,Eye/Flush tear ducts,evh-medications,true,1,0.93,"{""source_system"":""stockroom"",""source_file"":""Stockroom \u00b7 Instinct Stockroom.csv"",""source_rows"":""3139"",""classification"":""heuristic""}"
medication,Famotidine 10mg/ml INJ,Famotidine 10mg/ml INJ,evh-medications,true,1,0.93,"{""source_system"":""stockroom"",""source_file"":""Stockroom \u00b7 Instinct Stockroom.csv"",""source_rows"":""3139"",""classification"":""heuristic""}"
medication,Fecal solution,Fecal solution,evh-medications,true,1,0.93,"{""source_system"":""stockroom"",""source_file"":""Stockroom \u00b7 Instinct Stockroom.csv"",""source_rows"":""3139"",""classification"":""heuristic""}"
medication,Feline Leukemia (FeLV) Vaccine,Feline Leukemia (FeLV) Vaccine,evh-medications,true,1,0.93,"{""source_system"":""stockroom"",""source_file"":""Stockroom \u00b7 Instinct Stockroom.csv"",""source_rows"":""3139"",""classification"":""heuristic""}"
medication,Feline Purevax FeLV,Feline Purevax FeLV,evh-medications,true,1,0.93,"{""source_system"":""stockroom"",""source_file"":""Stockroom \u00b7 Instinct Stockroom.csv"",""source_rows"":""3139"",""classification"":""heuristic""}"
medication,Feline Purevax FVRCP,Feline Purevax FVRCP,evh-medications,true,1,0.93,"{""source_system"":""stockroom"",""source_file"":""Stockroom \u00b7 Instinct Stockroom.csv"",""source_rows"":""3139"",""classification"":""heuristic""}"
medication,Feline Purevax Rabies 1 Year 0.5ml Dose,Feline Purevax Rabies 1 Year 0.5ml Dose,evh-medications,true,1,0.93,"{""source_system"":""stockroom"",""source_file"":""Stockroom \u00b7 Instinct Stockroom.csv"",""source_rows"":""3139"",""classification"":""heuristic""}"
medication,Feline RCP Purevax  Annual,Feline RCP Purevax  Annual,evh-medications,true,1,0.93,"{""source_system"":""stockroom"",""source_file"":""Stockroom \u00b7 Instinct Stockroom.csv"",""source_rows"":""3139"",""classification"":""heuristic""}"
medication,Feliway Diffuser Refill 30 Day,Feliway Diffuser Refill 30 Day,evh-medications,true,1,0.93,"{""source_system"":""stockroom"",""source_file"":""Stockroom \u00b7 Instinct Stockroom.csv"",""source_rows"":""3139"",""classification"":""heuristic""}"
medication,Feliway Multi Cat Refill 30 Day,Feliway Multi Cat Refill 30 Day,evh-medications,true,1,0.93,"{""source_system"":""stockroom"",""source_file"":""Stockroom \u00b7 Instinct Stockroom.csv"",""source_rows"":""3139"",""classification"":""heuristic""}"
medication,Feliway Spray 20ml,Feliway Spray 20ml,evh-medications,true,1,0.93,"{""source_system"":""stockroom"",""source_file"":""Stockroom \u00b7 Instinct Stockroom.csv"",""source_rows"":""3139"",""classification"":""heuristic""}"
medication,Feliway Spray 219 ml,Feliway Spray 219 ml,evh-medications,true,1,0.93,"{""source_system"":""stockroom"",""source_file"":""Stockroom \u00b7 Instinct Stockroom.csv"",""source_rows"":""3139"",""classification"":""heuristic""}"
medication,Feliway Spray 60ml,Feliway Spray 60ml,evh-medications,true,1,0.93,"{""source_system"":""stockroom"",""source_file"":""Stockroom \u00b7 Instinct Stockroom.csv"",""source_rows"":""3139"",""classification"":""heuristic""}"
medication,Feliway Wipe Single,Feliway Wipe Single,evh-medications,true,1,0.93,"{""source_system"":""stockroom"",""source_file"":""Stockroom \u00b7 Instinct Stockroom.csv"",""source_rows"":""3139"",""classification"":""heuristic""}"
medication,Fentanyl 50mcg/mL INJ,Fentanyl 50mcg/mL INJ,evh-medications,true,1,0.93,"{""source_system"":""stockroom"",""source_file"":""Stockroom \u00b7 Instinct Stockroom.csv"",""source_rows"":""3139"",""classification"":""heuristic""}"
medication,File Folders 1/3 Tab,File Folders 1/3 Tab,evh-medications,true,1,0.93,"{""source_system"":""stockroom"",""source_file"":""Stockroom \u00b7 Instinct Stockroom.csv"",""source_rows"":""3139"",""classification"":""heuristic""}"
medication,FIV Vaccine,FIV Vaccine,evh-medications,true,1,0.93,"{""source_system"":""stockroom"",""source_file"":""Stockroom \u00b7 Instinct Stockroom.csv"",""source_rows"":""3139"",""classification"":""heuristic""}"
medication,Foley Catheter 6fr x 30cm 1.5ml Balloon,Foley Catheter 6fr x 30cm 1.5ml Balloon,evh-medications,true,1,0.93,"{""source_system"":""stockroom"",""source_file"":""Stockroom \u00b7 Instinct Stockroom.csv"",""source_rows"":""3139"",""classification"":""heuristic""}"
medication,Foley Catheter10fr x 30cm 3ml Balloon,Foley Catheter10fr x 30cm 3ml Balloon,evh-medications,true,1,0.93,"{""source_system"":""stockroom"",""source_file"":""Stockroom \u00b7 Instinct Stockroom.csv"",""source_rows"":""3139"",""classification"":""heuristic""}"
medication,Free Interceptor from Elanco for Employe,Free Interceptor from Elanco for Employe,evh-medications,true,1,0.93,"{""source_system"":""stockroom"",""source_file"":""Stockroom \u00b7 Instinct Stockroom.csv"",""source_rows"":""3139"",""classification"":""heuristic""}"
medication,Furosemide ( Lasix ) 50mg/ml INJ,Furosemide ( Lasix ) 50mg/ml INJ,evh-medications,true,1,0.93,"{""source_system"":""stockroom"",""source_file"":""Stockroom \u00b7 Instinct Stockroom.csv"",""source_rows"":""3139"",""classification"":""heuristic""}"
medication,FVRCCP/Rabies Combo,FVRCCP/Rabies Combo,evh-medications,true,1,0.93,"{""source_system"":""stockroom"",""source_file"":""Stockroom \u00b7 Instinct Stockroom.csv"",""source_rows"":""3139"",""classification"":""heuristic""}"
medication,Gentamicin Sulfate 100mg/ml INJ,Gentamicin Sulfate 100mg/ml INJ,evh-medications,true,1,0.93,"{""source_system"":""stockroom"",""source_file"":""Stockroom \u00b7 Instinct Stockroom.csv"",""source_rows"":""3139"",""classification"":""heuristic""}"
medication,Heartgard 12+12 Nexgard $40 Rebate,Heartgard 12+12 Nexgard $40 Rebate,evh-medications,true,1,0.93,"{""source_system"":""stockroom"",""source_file"":""Stockroom \u00b7 Instinct Stockroom.csv"",""source_rows"":""3139"",""classification"":""heuristic""}"
medication,Heartgard 12+6 Nexgard $30 Rebate,Heartgard 12+6 Nexgard $30 Rebate,evh-medications,true,1,0.93,"{""source_system"":""stockroom"",""source_file"":""Stockroom \u00b7 Instinct Stockroom.csv"",""source_rows"":""3139"",""classification"":""heuristic""}"
medication,Heartgard 12ct $15 Instant Rebate,Heartgard 12ct $15 Instant Rebate,evh-medications,true,1,0.93,"{""source_system"":""stockroom"",""source_file"":""Stockroom \u00b7 Instinct Stockroom.csv"",""source_rows"":""3139"",""classification"":""heuristic""}"
medication,Heartgard 6+6 Nexgard $20 Rebate,Heartgard 6+6 Nexgard $20 Rebate,evh-medications,true,1,0.93,"{""source_system"":""stockroom"",""source_file"":""Stockroom \u00b7 Instinct Stockroom.csv"",""source_rows"":""3139"",""classification"":""heuristic""}"
medication,Heartgard Plus 6+6 NexGard $20 Rebate,Heartgard Plus 6+6 NexGard $20 Rebate,evh-medications,true,1,0.93,"{""source_system"":""stockroom"",""source_file"":""Stockroom \u00b7 Instinct Stockroom.csv"",""source_rows"":""3139"",""classification"":""heuristic""}"
medication,Heparin 1000 IU/ml INJ,Heparin 1000 IU/ml INJ,evh-medications,true,1,0.93,"{""source_system"":""stockroom"",""source_file"":""Stockroom \u00b7 Instinct Stockroom.csv"",""source_rows"":""3139"",""classification"":""heuristic""}"
medication,Heparin 5000 units/ml INJ,Heparin 5000 units/ml INJ,evh-medications,true,1,0.93,"{""source_system"":""stockroom"",""source_file"":""Stockroom \u00b7 Instinct Stockroom.csv"",""source_rows"":""3139"",""classification"":""heuristic""}"
medication,Hetastarch 250 ml,Hetastarch 250 ml,evh-medications,true,1,0.93,"{""source_system"":""stockroom"",""source_file"":""Stockroom \u00b7 Instinct Stockroom.csv"",""source_rows"":""3139"",""classification"":""heuristic""}"
medication,Hetastarch 500 ml,Hetastarch 500 ml,evh-medications,true,1,0.93,"{""source_system"":""stockroom"",""source_file"":""Stockroom \u00b7 Instinct Stockroom.csv"",""source_rows"":""3139"",""classification"":""heuristic""}"
medication,Hippie Love Fabric Spray,Hippie Love Fabric Spray,evh-medications,true,1,0.93,"{""source_system"":""stockroom"",""source_file"":""Stockroom \u00b7 Instinct Stockroom.csv"",""source_rows"":""3139"",""classification"":""heuristic""}"
medication,Humulin-R Insulin U-100 10ml,Humulin-R Insulin U-100 10ml,evh-medications,true,1,0.93,"{""source_system"":""stockroom"",""source_file"":""Stockroom \u00b7 Instinct Stockroom.csv"",""source_rows"":""3139"",""classification"":""heuristic""}"
medication,Hydromorphone 2mg/ml INJ,Hydromorphone 2mg/ml INJ,evh-medications,true,1,0.93,"{""source_system"":""stockroom"",""source_file"":""Stockroom \u00b7 Instinct Stockroom.csv"",""source_rows"":""3139"",""classification"":""heuristic""}"
medication,Ibuprofen 800mg (500ct),Ibuprofen 800mg (500ct),evh-medications,true,1,0.93,"{""source_system"":""stockroom"",""source_file"":""Stockroom \u00b7 Instinct Stockroom.csv"",""source_rows"":""3139"",""classification"":""heuristic""}"
medication,IH Humulin-N Insulin U-100 10ml,IH Humulin-N Insulin U-100 10ml,evh-medications,true,1,0.93,"{""source_system"":""stockroom"",""source_file"":""Stockroom \u00b7 Instinct Stockroom.csv"",""source_rows"":""3139"",""classification"":""heuristic""}"
medication,Imrab Rabies Vaccine (1 yr) K9- Feline,Imrab Rabies Vaccine (1 yr) K9- Feline,evh-medications,true,1,0.93,"{""source_system"":""stockroom"",""source_file"":""Stockroom \u00b7 Instinct Stockroom.csv"",""source_rows"":""3139"",""classification"":""heuristic""}"
medication,In House Abaxis Vetscan Rapid CPL Test,In House Abaxis Vetscan Rapid CPL Test,evh-medications,true,1,0.93,"{""source_system"":""stockroom"",""source_file"":""Stockroom \u00b7 Instinct Stockroom.csv"",""source_rows"":""3139"",""classification"":""heuristic""}"
medication,In House Abx Phenobarbital Chem Profile,In House Abx Phenobarbital Chem Profile,evh-medications,true,1,0.93,"{""source_system"":""stockroom"",""source_file"":""Stockroom \u00b7 Instinct Stockroom.csv"",""source_rows"":""3139"",""classification"":""heuristic""}"
medication,In House Ear swab / cytology,In House Ear swab / cytology,evh-medications,true,1,0.93,"{""source_system"":""stockroom"",""source_file"":""Stockroom \u00b7 Instinct Stockroom.csv"",""source_rows"":""3139"",""classification"":""heuristic""}"
medication,In House Heartworm occult-stat,In House Heartworm occult-stat,evh-medications,true,1,0.93,"{""source_system"":""stockroom"",""source_file"":""Stockroom \u00b7 Instinct Stockroom.csv"",""source_rows"":""3139"",""classification"":""heuristic""}"
medication,In House Skin Scrape/Tape/Ear Cytology,In House Skin Scrape/Tape/Ear Cytology,evh-medications,true,1,0.93,"{""source_system"":""stockroom"",""source_file"":""Stockroom \u00b7 Instinct Stockroom.csv"",""source_rows"":""3139"",""classification"":""heuristic""}"
medication,Inj - Analgesic,Inj - Analgesic,evh-medications,true,1,0.93,"{""source_system"":""stockroom"",""source_file"":""Stockroom \u00b7 Instinct Stockroom.csv"",""source_rows"":""3139"",""classification"":""heuristic""}"
medication,Inj - Cytopoint Administration,Inj - Cytopoint Administration,evh-medications,true,1,0.93,"{""source_system"":""stockroom"",""source_file"":""Stockroom \u00b7 Instinct Stockroom.csv"",""source_rows"":""3139"",""classification"":""heuristic""}"
medication,Inj - NSAID,Inj - NSAID,evh-medications,true,1,0.93,"{""source_system"":""stockroom"",""source_file"":""Stockroom \u00b7 Instinct Stockroom.csv"",""source_rows"":""3139"",""classification"":""heuristic""}"
medication,Insulin - Ask Dr. (Note Type),Insulin - Ask Dr. (Note Type),evh-medications,true,1,0.93,"{""source_system"":""stockroom"",""source_file"":""Stockroom \u00b7 Instinct Stockroom.csv"",""source_rows"":""3139"",""classification"":""heuristic""}"
medication,Insulin LIke Growth Factor (MSU VDL),Insulin LIke Growth Factor (MSU VDL),evh-medications,true,1,0.93,"{""source_system"":""stockroom"",""source_file"":""Stockroom \u00b7 Instinct Stockroom.csv"",""source_rows"":""3139"",""classification"":""heuristic""}"
medication,Insulin Syringes 29G 0.30cc U-40 100ct,Insulin Syringes 29G 0.30cc U-40 100ct,evh-medications,true,1,0.93,"{""source_system"":""stockroom"",""source_file"":""Stockroom \u00b7 Instinct Stockroom.csv"",""source_rows"":""3139"",""classification"":""heuristic""}"
medication,Insulin syringes 29g 0.3cc U-100 100ct,Insulin syringes 29g 0.3cc U-100 100ct,evh-medications,true,1,0.93,"{""source_system"":""stockroom"",""source_file"":""Stockroom \u00b7 Instinct Stockroom.csv"",""source_rows"":""3139"",""classification"":""heuristic""}"
medication,Insulin Syringes 29G 0.5cc U-40 100ct,Insulin Syringes 29G 0.5cc U-40 100ct,evh-medications,true,1,0.93,"{""source_system"":""stockroom"",""source_file"":""Stockroom \u00b7 Instinct Stockroom.csv"",""source_rows"":""3139"",""classification"":""heuristic""}"
medication,IVF Additive - Dextrose (%),IVF Additive - Dextrose (%),evh-medications,true,1,0.93,"{""source_system"":""stockroom"",""source_file"":""Stockroom \u00b7 Instinct Stockroom.csv"",""source_rows"":""3139"",""classification"":""heuristic""}"
medication,IVF Additive - Metoclopramide (mL/L),IVF Additive - Metoclopramide (mL/L),evh-medications,true,1,0.93,"{""source_system"":""stockroom"",""source_file"":""Stockroom \u00b7 Instinct Stockroom.csv"",""source_rows"":""3139"",""classification"":""heuristic""}"
medication,Ketamine 100mg/ml INJ,Ketamine 100mg/ml INJ,evh-medications,true,1,0.93,"{""source_system"":""stockroom"",""source_file"":""Stockroom \u00b7 Instinct Stockroom.csv"",""source_rows"":""3139"",""classification"":""heuristic""}"
medication,Kwik Stop Styptic Gel 4oz,Kwik Stop Styptic Gel 4oz,evh-medications,true,1,0.93,"{""source_system"":""stockroom"",""source_file"":""Stockroom \u00b7 Instinct Stockroom.csv"",""source_rows"":""3139"",""classification"":""heuristic""}"
medication,Lateral Ear Resection - Bilateral,Lateral Ear Resection - Bilateral,evh-medications,true,1,0.93,"{""source_system"":""stockroom"",""source_file"":""Stockroom \u00b7 Instinct Stockroom.csv"",""source_rows"":""3139"",""classification"":""heuristic""}"
medication,Lateral Ear Resection - Unilateral,Lateral Ear Resection - Unilateral,evh-medications,true,1,0.93,"{""source_system"":""stockroom"",""source_file"":""Stockroom \u00b7 Instinct Stockroom.csv"",""source_rows"":""3139"",""classification"":""heuristic""}"
medication,Lavender lemonade Spray,Lavender lemonade Spray,evh-medications,true,1,0.93,"{""source_system"":""stockroom"",""source_file"":""Stockroom \u00b7 Instinct Stockroom.csv"",""source_rows"":""3139"",""classification"":""heuristic""}"
medication,Leptospirosis (4 serovar) Vaccine,Leptospirosis (4 serovar) Vaccine,evh-medications,true,1,0.93,"{""source_system"":""stockroom"",""source_file"":""Stockroom \u00b7 Instinct Stockroom.csv"",""source_rows"":""3139"",""classification"":""heuristic""}"
medication,Librela 10mg/ml Vial 22.2 - 44.1#,Librela 10mg/ml Vial 22.2 - 44.1#,evh-medications,true,1,0.93,"{""source_system"":""stockroom"",""source_file"":""Stockroom \u00b7 Instinct Stockroom.csv"",""source_rows"":""3139"",""classification"":""heuristic""}"
medication,Librela 15mg/ml Vial 44.2 - 66.1#,Librela 15mg/ml Vial 44.2 - 66.1#,evh-medications,true,1,0.93,"{""source_system"":""stockroom"",""source_file"":""Stockroom \u00b7 Instinct Stockroom.csv"",""source_rows"":""3139"",""classification"":""heuristic""}"
medication,Librela 20mg/ml Vial 66.2 - 88.2#,Librela 20mg/ml Vial 66.2 - 88.2#,evh-medications,true,1,0.93,"{""source_system"":""stockroom"",""source_file"":""Stockroom \u00b7 Instinct Stockroom.csv"",""source_rows"":""3139"",""classification"":""heuristic""}"
medication,Librela 30mg/ml Vial 88.3 - 132.3#,Librela 30mg/ml Vial 88.3 - 132.3#,evh-medications,true,1,0.93,"{""source_system"":""stockroom"",""source_file"":""Stockroom \u00b7 Instinct Stockroom.csv"",""source_rows"":""3139"",""classification"":""heuristic""}"
medication,Librela 5mg/ml Vial 11 - 22.1#,Librela 5mg/ml Vial 11 - 22.1#,evh-medications,true,1,0.93,"{""source_system"":""stockroom"",""source_file"":""Stockroom \u00b7 Instinct Stockroom.csv"",""source_rows"":""3139"",""classification"":""heuristic""}"
medication,Lidocaine 4% Cream ( 15g ),Lidocaine 4% Cream ( 15g ),evh-medications,true,1,0.93,"{""source_system"":""stockroom"",""source_file"":""Stockroom \u00b7 Instinct Stockroom.csv"",""source_rows"":""3139"",""classification"":""heuristic""}"
medication,Lidocaine HCL 2% 20mg/ml INJ,Lidocaine HCL 2% 20mg/ml INJ,evh-medications,true,1,0.93,"{""source_system"":""stockroom"",""source_file"":""Stockroom \u00b7 Instinct Stockroom.csv"",""source_rows"":""3139"",""classification"":""heuristic""}"
medication,Lidocaine Jelly,Lidocaine Jelly,evh-medications,true,1,0.93,"{""source_system"":""stockroom"",""source_file"":""Stockroom \u00b7 Instinct Stockroom.csv"",""source_rows"":""3139"",""classification"":""heuristic""}"
medication,Lidocaine Topical Ointment 5% (50 gm) - (IH Only),Lidocaine Topical Ointment 5% (50 gm) - (IH Only),evh-medications,true,1,0.93,"{""source_system"":""stockroom"",""source_file"":""Stockroom \u00b7 Instinct Stockroom.csv"",""source_rows"":""3139"",""classification"":""heuristic""}"
medication,Liners trash (White) 30x36.62ml,Liners trash (White) 30x36.62ml,evh-medications,true,1,0.93,"{""source_system"":""stockroom"",""source_file"":""Stockroom \u00b7 Instinct Stockroom.csv"",""source_rows"":""3139"",""classification"":""heuristic""}"
medication,Lube jelly 3g 12,Lube jelly 3g 12,evh-medications,true,1,0.93,"{""source_system"":""stockroom"",""source_file"":""Stockroom \u00b7 Instinct Stockroom.csv"",""source_rows"":""3139"",""classification"":""heuristic""}"
medication,Lyme Vaccine,Lyme Vaccine,evh-medications,true,1,0.93,"{""source_system"":""stockroom"",""source_file"":""Stockroom \u00b7 Instinct Stockroom.csv"",""source_rows"":""3139"",""classification"":""heuristic""}"
medication,Make New Insulin CRI (q24hrs),Make New Insulin CRI (q24hrs),evh-medications,true,1,0.93,"{""source_system"":""stockroom"",""source_file"":""Stockroom \u00b7 Instinct Stockroom.csv"",""source_rows"":""3139"",""classification"":""heuristic""}"
medication,Mannitol 20% INJ,Mannitol 20% INJ,evh-medications,true,1,0.93,"{""source_system"":""stockroom"",""source_file"":""Stockroom \u00b7 Instinct Stockroom.csv"",""source_rows"":""3139"",""classification"":""heuristic""}"
medication,Meloxicam 5mg/ml INJ,Meloxicam 5mg/ml INJ,evh-medications,true,1,0.93,"{""source_system"":""stockroom"",""source_file"":""Stockroom \u00b7 Instinct Stockroom.csv"",""source_rows"":""3139"",""classification"":""heuristic""}"
medication,Methadone 10mg/ml INJ,Methadone 10mg/ml INJ,evh-medications,true,1,0.93,"{""source_system"":""stockroom"",""source_file"":""Stockroom \u00b7 Instinct Stockroom.csv"",""source_rows"":""3139"",""classification"":""heuristic""}"
medication,Metoclopramide ( Reglan ) 5mg/ml INJ,Metoclopramide ( Reglan ) 5mg/ml INJ,evh-medications,true,1,0.93,"{""source_system"":""stockroom"",""source_file"":""Stockroom \u00b7 Instinct Stockroom.csv"",""source_rows"":""3139"",""classification"":""heuristic""}"
medication,Metronidazole ( Flagyl ) 5mg/ml INJ,Metronidazole ( Flagyl ) 5mg/ml INJ,evh-medications,true,1,0.93,"{""source_system"":""stockroom"",""source_file"":""Stockroom \u00b7 Instinct Stockroom.csv"",""source_rows"":""3139"",""classification"":""heuristic""}"
medication,Midazolam 5mg/ml INJ,Midazolam 5mg/ml INJ,evh-medications,true,1,0.93,"{""source_system"":""stockroom"",""source_file"":""Stockroom \u00b7 Instinct Stockroom.csv"",""source_rows"":""3139"",""classification"":""heuristic""}"
medication,Mitoxantrone 2 mg/ml (10ml),Mitoxantrone 2 mg/ml (10ml),evh-medications,true,1,0.93,"{""source_system"":""stockroom"",""source_file"":""Stockroom \u00b7 Instinct Stockroom.csv"",""source_rows"":""3139"",""classification"":""heuristic""}"
medication,Naloxone 0.4mg/ml INJ,Naloxone 0.4mg/ml INJ,evh-medications,true,1,0.93,"{""source_system"":""stockroom"",""source_file"":""Stockroom \u00b7 Instinct Stockroom.csv"",""source_rows"":""3139"",""classification"":""heuristic""}"
medication,Nerve Block ( Marcaine / Lidocaine Inj),Nerve Block ( Marcaine / Lidocaine Inj),evh-medications,true,1,0.93,"{""source_system"":""stockroom"",""source_file"":""Stockroom \u00b7 Instinct Stockroom.csv"",""source_rows"":""3139"",""classification"":""heuristic""}"
medication,Nexgard 12ct $20 Instant Rebate,Nexgard 12ct $20 Instant Rebate,evh-medications,true,1,0.93,"{""source_system"":""stockroom"",""source_file"":""Stockroom \u00b7 Instinct Stockroom.csv"",""source_rows"":""3139"",""classification"":""heuristic""}"
medication,Nexgard 12ct $35 Instant Rebate,Nexgard 12ct $35 Instant Rebate,evh-medications,true,1,0.93,"{""source_system"":""stockroom"",""source_file"":""Stockroom \u00b7 Instinct Stockroom.csv"",""source_rows"":""3139"",""classification"":""heuristic""}"
medication,Nexgard 12ct $45 Instant Rebate,Nexgard 12ct $45 Instant Rebate,evh-medications,true,1,0.93,"{""source_system"":""stockroom"",""source_file"":""Stockroom \u00b7 Instinct Stockroom.csv"",""source_rows"":""3139"",""classification"":""heuristic""}"
medication,Nexgard 6ct $10 Instant Rebate,Nexgard 6ct $10 Instant Rebate,evh-medications,true,1,0.93,"{""source_system"":""stockroom"",""source_file"":""Stockroom \u00b7 Instinct Stockroom.csv"",""source_rows"":""3139"",""classification"":""heuristic""}"
medication,Nexgard 6ct $15 Instant Rebate,Nexgard 6ct $15 Instant Rebate,evh-medications,true,1,0.93,"{""source_system"":""stockroom"",""source_file"":""Stockroom \u00b7 Instinct Stockroom.csv"",""source_rows"":""3139"",""classification"":""heuristic""}"
medication,NexGard COMBO 12ct $45 Instant Rebate,NexGard COMBO 12ct $45 Instant Rebate,evh-medications,true,1,0.93,"{""source_system"":""stockroom"",""source_file"":""Stockroom \u00b7 Instinct Stockroom.csv"",""source_rows"":""3139"",""classification"":""heuristic""}"
medication,NexGard COMBO 12ct $50 Instant Rebate,NexGard COMBO 12ct $50 Instant Rebate,evh-medications,true,1,0.93,"{""source_system"":""stockroom"",""source_file"":""Stockroom \u00b7 Instinct Stockroom.csv"",""source_rows"":""3139"",""classification"":""heuristic""}"
medication,NexGard COMBO 6ct $20 Instant Rebate,NexGard COMBO 6ct $20 Instant Rebate,evh-medications,true,1,0.93,"{""source_system"":""stockroom"",""source_file"":""Stockroom \u00b7 Instinct Stockroom.csv"",""source_rows"":""3139"",""classification"":""heuristic""}"
medication,NexGard COMBO Kitten 3ct $10 Rebate,NexGard COMBO Kitten 3ct $10 Rebate,evh-medications,true,1,0.93,"{""source_system"":""stockroom"",""source_file"":""Stockroom \u00b7 Instinct Stockroom.csv"",""source_rows"":""3139"",""classification"":""heuristic""}"
medication,NexGard Plus 12ct $105 Instant Rebate,NexGard Plus 12ct $105 Instant Rebate,evh-medications,true,1,0.93,"{""source_system"":""stockroom"",""source_file"":""Stockroom \u00b7 Instinct Stockroom.csv"",""source_rows"":""3139"",""classification"":""heuristic""}"
medication,NexGard PLUS 12ct $65 Instant Rebate,NexGard PLUS 12ct $65 Instant Rebate,evh-medications,true,1,0.93,"{""source_system"":""stockroom"",""source_file"":""Stockroom \u00b7 Instinct Stockroom.csv"",""source_rows"":""3139"",""classification"":""heuristic""}"
medication,NexGard PLUS 6ct $25 Instant Rebate,NexGard PLUS 6ct $25 Instant Rebate,evh-medications,true,1,0.93,"{""source_system"":""stockroom"",""source_file"":""Stockroom \u00b7 Instinct Stockroom.csv"",""source_rows"":""3139"",""classification"":""heuristic""}"
medication,NexGard PLUS 6ct $35 Instant Rebate,NexGard PLUS 6ct $35 Instant Rebate,evh-medications,true,1,0.93,"{""source_system"":""stockroom"",""source_file"":""Stockroom \u00b7 Instinct Stockroom.csv"",""source_rows"":""3139"",""classification"":""heuristic""}"
medication,NexGard PLUS Puppy <1yr 3ct $10 Rebate,NexGard PLUS Puppy <1yr 3ct $10 Rebate,evh-medications,true,1,0.93,"{""source_system"":""stockroom"",""source_file"":""Stockroom \u00b7 Instinct Stockroom.csv"",""source_rows"":""3139"",""classification"":""heuristic""}"
medication,Nexgard/Heartgard Brand Offer,Nexgard/Heartgard Brand Offer,evh-medications,true,1,0.93,"{""source_system"":""stockroom"",""source_file"":""Stockroom \u00b7 Instinct Stockroom.csv"",""source_rows"":""3139"",""classification"":""heuristic""}"
medication,Nolvasan solution gal,Nolvasan solution gal,evh-medications,true,1,0.93,"{""source_system"":""stockroom"",""source_file"":""Stockroom \u00b7 Instinct Stockroom.csv"",""source_rows"":""3139"",""classification"":""heuristic""}"
medication,OM-Eye Drops,OM-Eye Drops,evh-medications,true,1,0.93,"{""source_system"":""stockroom"",""source_file"":""Stockroom \u00b7 Instinct Stockroom.csv"",""source_rows"":""3139"",""classification"":""heuristic""}"
medication,Ondansetron (Zofran) 2mg/ml INJ,Ondansetron (Zofran) 2mg/ml INJ,evh-medications,true,1,0.93,"{""source_system"":""stockroom"",""source_file"":""Stockroom \u00b7 Instinct Stockroom.csv"",""source_rows"":""3139"",""classification"":""heuristic""}"
medication,Onsior 20mg/ml (Robenacoxib) INJ,Onsior 20mg/ml (Robenacoxib) INJ,evh-medications,true,1,0.93,"{""source_system"":""stockroom"",""source_file"":""Stockroom \u00b7 Instinct Stockroom.csv"",""source_rows"":""3139"",""classification"":""heuristic""}"
medication,Oravet Chew Large 50# & over,Oravet Chew Large 50# & over,evh-medications,true,1,0.93,"{""source_system"":""stockroom"",""source_file"":""Stockroom \u00b7 Instinct Stockroom.csv"",""source_rows"":""3139"",""classification"":""heuristic""}"
medication,Oravet Chew Large 50# & over Free 14ct B,Oravet Chew Large 50# & over Free 14ct B,evh-medications,true,1,0.93,"{""source_system"":""stockroom"",""source_file"":""Stockroom \u00b7 Instinct Stockroom.csv"",""source_rows"":""3139"",""classification"":""heuristic""}"
medication,Oravet Chew Medium 25-50#,Oravet Chew Medium 25-50#,evh-medications,true,1,0.93,"{""source_system"":""stockroom"",""source_file"":""Stockroom \u00b7 Instinct Stockroom.csv"",""source_rows"":""3139"",""classification"":""heuristic""}"
medication,Oravet Chew Small 10-24#,Oravet Chew Small 10-24#,evh-medications,true,1,0.93,"{""source_system"":""stockroom"",""source_file"":""Stockroom \u00b7 Instinct Stockroom.csv"",""source_rows"":""3139"",""classification"":""heuristic""}"
medication,Oravet Chew X-Small Under 10# Free 14ct,Oravet Chew X-Small Under 10# Free 14ct,evh-medications,true,1,0.93,"{""source_system"":""stockroom"",""source_file"":""Stockroom \u00b7 Instinct Stockroom.csv"",""source_rows"":""3139"",""classification"":""heuristic""}"
medication,OraVet Chews 14ct,OraVet Chews 14ct,evh-medications,true,1,0.93,"{""source_system"":""stockroom"",""source_file"":""Stockroom \u00b7 Instinct Stockroom.csv"",""source_rows"":""3139"",""classification"":""heuristic""}"
medication,Oravet Chews Under 10#,Oravet Chews Under 10#,evh-medications,true,1,0.93,"{""source_system"":""stockroom"",""source_file"":""Stockroom \u00b7 Instinct Stockroom.csv"",""source_rows"":""3139"",""classification"":""heuristic""}"
medication,Other - Administer Ear Medication 1,Other - Administer Ear Medication 1,evh-medications,true,1,0.93,"{""source_system"":""stockroom"",""source_file"":""Stockroom \u00b7 Instinct Stockroom.csv"",""source_rows"":""3139"",""classification"":""heuristic""}"
medication,Other - Administer Ear Medication 10,Other - Administer Ear Medication 10,evh-medications,true,1,0.93,"{""source_system"":""stockroom"",""source_file"":""Stockroom \u00b7 Instinct Stockroom.csv"",""source_rows"":""3139"",""classification"":""heuristic""}"
medication,Other - Administer Ear Medication 2,Other - Administer Ear Medication 2,evh-medications,true,1,0.93,"{""source_system"":""stockroom"",""source_file"":""Stockroom \u00b7 Instinct Stockroom.csv"",""source_rows"":""3139"",""classification"":""heuristic""}"
medication,Other - Administer Ear Medication 3,Other - Administer Ear Medication 3,evh-medications,true,1,0.93,"{""source_system"":""stockroom"",""source_file"":""Stockroom \u00b7 Instinct Stockroom.csv"",""source_rows"":""3139"",""classification"":""heuristic""}"
medication,Other - Administer Ear Medication 4,Other - Administer Ear Medication 4,evh-medications,true,1,0.93,"{""source_system"":""stockroom"",""source_file"":""Stockroom \u00b7 Instinct Stockroom.csv"",""source_rows"":""3139"",""classification"":""heuristic""}"
medication,Other - Administer Ear Medication 5,Other - Administer Ear Medication 5,evh-medications,true,1,0.93,"{""source_system"":""stockroom"",""source_file"":""Stockroom \u00b7 Instinct Stockroom.csv"",""source_rows"":""3139"",""classification"":""heuristic""}"
medication,Other - Administer Ear Medication 6,Other - Administer Ear Medication 6,evh-medications,true,1,0.93,"{""source_system"":""stockroom"",""source_file"":""Stockroom \u00b7 Instinct Stockroom.csv"",""source_rows"":""3139"",""classification"":""heuristic""}"
medication,Other - Administer Ear Medication 7,Other - Administer Ear Medication 7,evh-medications,true,1,0.93,"{""source_system"":""stockroom"",""source_file"":""Stockroom \u00b7 Instinct Stockroom.csv"",""source_rows"":""3139"",""classification"":""heuristic""}"
medication,Other - Administer Ear Medication 8,Other - Administer Ear Medication 8,evh-medications,true,1,0.93,"{""source_system"":""stockroom"",""source_file"":""Stockroom \u00b7 Instinct Stockroom.csv"",""source_rows"":""3139"",""classification"":""heuristic""}"
medication,Other - Administer Ear Medication 9,Other - Administer Ear Medication 9,evh-medications,true,1,0.93,"{""source_system"":""stockroom"",""source_file"":""Stockroom \u00b7 Instinct Stockroom.csv"",""source_rows"":""3139"",""classification"":""heuristic""}"
medication,Other - Administer Eye Medication 1,Other - Administer Eye Medication 1,evh-medications,true,1,0.93,"{""source_system"":""stockroom"",""source_file"":""Stockroom \u00b7 Instinct Stockroom.csv"",""source_rows"":""3139"",""classification"":""heuristic""}"
medication,Other - Administer Eye Medication 10,Other - Administer Eye Medication 10,evh-medications,true,1,0.93,"{""source_system"":""stockroom"",""source_file"":""Stockroom \u00b7 Instinct Stockroom.csv"",""source_rows"":""3139"",""classification"":""heuristic""}"
medication,Other - Administer Eye Medication 2,Other - Administer Eye Medication 2,evh-medications,true,1,0.93,"{""source_system"":""stockroom"",""source_file"":""Stockroom \u00b7 Instinct Stockroom.csv"",""source_rows"":""3139"",""classification"":""heuristic""}"
medication,Other - Administer Eye Medication 3,Other - Administer Eye Medication 3,evh-medications,true,1,0.93,"{""source_system"":""stockroom"",""source_file"":""Stockroom \u00b7 Instinct Stockroom.csv"",""source_rows"":""3139"",""classification"":""heuristic""}"
medication,Other - Administer Eye Medication 4,Other - Administer Eye Medication 4,evh-medications,true,1,0.93,"{""source_system"":""stockroom"",""source_file"":""Stockroom \u00b7 Instinct Stockroom.csv"",""source_rows"":""3139"",""classification"":""heuristic""}"
medication,Other - Administer Eye Medication 5,Other - Administer Eye Medication 5,evh-medications,true,1,0.93,"{""source_system"":""stockroom"",""source_file"":""Stockroom \u00b7 Instinct Stockroom.csv"",""source_rows"":""3139"",""classification"":""heuristic""}"
medication,Other - Administer Eye Medication 6,Other - Administer Eye Medication 6,evh-medications,true,1,0.93,"{""source_system"":""stockroom"",""source_file"":""Stockroom \u00b7 Instinct Stockroom.csv"",""source_rows"":""3139"",""classification"":""heuristic""}"
medication,Other - Administer Eye Medication 7,Other - Administer Eye Medication 7,evh-medications,true,1,0.93,"{""source_system"":""stockroom"",""source_file"":""Stockroom \u00b7 Instinct Stockroom.csv"",""source_rows"":""3139"",""classification"":""heuristic""}"
medication,Other - Administer Eye Medication 8,Other - Administer Eye Medication 8,evh-medications,true,1,0.93,"{""source_system"":""stockroom"",""source_file"":""Stockroom \u00b7 Instinct Stockroom.csv"",""source_rows"":""3139"",""classification"":""heuristic""}"
medication,Other - Administer Eye Medication 9,Other - Administer Eye Medication 9,evh-medications,true,1,0.93,"{""source_system"":""stockroom"",""source_file"":""Stockroom \u00b7 Instinct Stockroom.csv"",""source_rows"":""3139"",""classification"":""heuristic""}"
medication,Oxytocin 20Units/ml INJ,Oxytocin 20Units/ml INJ,evh-medications,true,1,0.93,"{""source_system"":""stockroom"",""source_file"":""Stockroom \u00b7 Instinct Stockroom.csv"",""source_rows"":""3139"",""classification"":""heuristic""}"
medication,Phenobarbital 65mg/ml 1ml Vial INJ,Phenobarbital 65mg/ml 1ml Vial INJ,evh-medications,true,1,0.93,"{""source_system"":""stockroom"",""source_file"":""Stockroom \u00b7 Instinct Stockroom.csv"",""source_rows"":""3139"",""classification"":""heuristic""}"
medication,Potassium Chloride 2mEq/ml (10ml) INJ,Potassium Chloride 2mEq/ml (10ml) INJ,evh-medications,true,1,0.93,"{""source_system"":""stockroom"",""source_file"":""Stockroom \u00b7 Instinct Stockroom.csv"",""source_rows"":""3139"",""classification"":""heuristic""}"
medication,Potassium Chloride 2mEq/ml (20ml) INJ,Potassium Chloride 2mEq/ml (20ml) INJ,evh-medications,true,1,0.93,"{""source_system"":""stockroom"",""source_file"":""Stockroom \u00b7 Instinct Stockroom.csv"",""source_rows"":""3139"",""classification"":""heuristic""}"
medication,Praziquantel 56.8mg/ml INJ,Praziquantel 56.8mg/ml INJ,evh-medications,true,1,0.93,"{""source_system"":""stockroom"",""source_file"":""Stockroom \u00b7 Instinct Stockroom.csv"",""source_rows"":""3139"",""classification"":""heuristic""}"
medication,Prestige V+WNV 1ml Equine VX,Prestige V+WNV 1ml Equine VX,evh-medications,true,1,0.93,"{""source_system"":""stockroom"",""source_file"":""Stockroom \u00b7 Instinct Stockroom.csv"",""source_rows"":""3139"",""classification"":""heuristic""}"
medication,ProHeart 12 Injection,ProHeart 12 Injection,evh-medications,true,1,0.93,"{""source_system"":""stockroom"",""source_file"":""Stockroom \u00b7 Instinct Stockroom.csv"",""source_rows"":""3139"",""classification"":""heuristic""}"
medication,Proheart12 10mg/ml 10ml Vial (0-25 lbs),Proheart12 10mg/ml 10ml Vial (0-25 lbs),evh-medications,true,1,0.93,"{""source_system"":""stockroom"",""source_file"":""Stockroom \u00b7 Instinct Stockroom.csv"",""source_rows"":""3139"",""classification"":""heuristic""}"
medication,Proheart12 10mg/ml 10ml Vial (26-50 lbs),Proheart12 10mg/ml 10ml Vial (26-50 lbs),evh-medications,true,1,0.93,"{""source_system"":""stockroom"",""source_file"":""Stockroom \u00b7 Instinct Stockroom.csv"",""source_rows"":""3139"",""classification"":""heuristic""}"
medication,Proheart12 10mg/ml 10ml Vial (51-100 lbs),Proheart12 10mg/ml 10ml Vial (51-100 lbs),evh-medications,true,1,0.93,"{""source_system"":""stockroom"",""source_file"":""Stockroom \u00b7 Instinct Stockroom.csv"",""source_rows"":""3139"",""classification"":""heuristic""}"
medication,Proheart12 10mg/ml 10ml Vial (Over 100 lbs),Proheart12 10mg/ml 10ml Vial (Over 100 lbs),evh-medications,true,1,0.93,"{""source_system"":""stockroom"",""source_file"":""Stockroom \u00b7 Instinct Stockroom.csv"",""source_rows"":""3139"",""classification"":""heuristic""}"
medication,Proparacaine HCl 0.5% (15ml) (IH Only),Proparacaine HCl 0.5% (15ml) (IH Only),evh-medications,true,1,0.93,"{""source_system"":""stockroom"",""source_file"":""Stockroom \u00b7 Instinct Stockroom.csv"",""source_rows"":""3139"",""classification"":""heuristic""}"
medication,Prophy Paste Cups,Prophy Paste Cups,evh-medications,true,1,0.93,"{""source_system"":""stockroom"",""source_file"":""Stockroom \u00b7 Instinct Stockroom.csv"",""source_rows"":""3139"",""classification"":""heuristic""}"
medication,Propofol 10mg/ml INJ,Propofol 10mg/ml INJ,evh-medications,true,1,0.93,"{""source_system"":""stockroom"",""source_file"":""Stockroom \u00b7 Instinct Stockroom.csv"",""source_rows"":""3139"",""classification"":""heuristic""}"
medication,Propylene Gylcol 473ml,Propylene Gylcol 473ml,evh-medications,true,1,0.93,"{""source_system"":""stockroom"",""source_file"":""Stockroom \u00b7 Instinct Stockroom.csv"",""source_rows"":""3139"",""classification"":""heuristic""}"
medication,Providone Iodine Solution 32 oz,Providone Iodine Solution 32 oz,evh-medications,true,1,0.93,"{""source_system"":""stockroom"",""source_file"":""Stockroom \u00b7 Instinct Stockroom.csv"",""source_rows"":""3139"",""classification"":""heuristic""}"
medication,PZI Insulin Syringes 40U 1/2cc Cat,PZI Insulin Syringes 40U 1/2cc Cat,evh-medications,true,1,0.93,"{""source_system"":""stockroom"",""source_file"":""Stockroom \u00b7 Instinct Stockroom.csv"",""source_rows"":""3139"",""classification"":""heuristic""}"
medication,Rabies Canine 3yr,Rabies Canine 3yr,evh-medications,true,1,0.93,"{""source_system"":""stockroom"",""source_file"":""Stockroom \u00b7 Instinct Stockroom.csv"",""source_rows"":""3139"",""classification"":""heuristic""}"
medication,Rabies Feline Purevax 1 Year,Rabies Feline Purevax 1 Year,evh-medications,true,1,0.93,"{""source_system"":""stockroom"",""source_file"":""Stockroom \u00b7 Instinct Stockroom.csv"",""source_rows"":""3139"",""classification"":""heuristic""}"
medication,Rabies Ring,Rabies Ring,evh-medications,true,1,0.93,"{""source_system"":""stockroom"",""source_file"":""Stockroom \u00b7 Instinct Stockroom.csv"",""source_rows"":""3139"",""classification"":""heuristic""}"
medication,Rabies Serology (RFFIT)† Titer,Rabies Serology (RFFIT)† Titer,evh-medications,true,1,0.93,"{""source_system"":""stockroom"",""source_file"":""Stockroom \u00b7 Instinct Stockroom.csv"",""source_rows"":""3139"",""classification"":""heuristic""}"
medication,Rabies Tag - Large,Rabies Tag - Large,evh-medications,true,1,0.93,"{""source_system"":""stockroom"",""source_file"":""Stockroom \u00b7 Instinct Stockroom.csv"",""source_rows"":""3139"",""classification"":""heuristic""}"
medication,Rabies Tag - Mini,Rabies Tag - Mini,evh-medications,true,1,0.93,"{""source_system"":""stockroom"",""source_file"":""Stockroom \u00b7 Instinct Stockroom.csv"",""source_rows"":""3139"",""classification"":""heuristic""}"
medication,Rabies Vaccine (Canine) 1yr,Rabies Vaccine (Canine) 1yr,evh-medications,true,1,0.93,"{""source_system"":""stockroom"",""source_file"":""Stockroom \u00b7 Instinct Stockroom.csv"",""source_rows"":""3139"",""classification"":""heuristic""}"
medication,Rabies Vaccine (Feline) 3yr,Rabies Vaccine (Feline) 3yr,evh-medications,true,1,0.93,"{""source_system"":""stockroom"",""source_file"":""Stockroom \u00b7 Instinct Stockroom.csv"",""source_rows"":""3139"",""classification"":""heuristic""}"
medication,Rabies Vaccine (Ferret),Rabies Vaccine (Ferret),evh-medications,true,1,0.93,"{""source_system"":""stockroom"",""source_file"":""Stockroom \u00b7 Instinct Stockroom.csv"",""source_rows"":""3139"",""classification"":""heuristic""}"
medication,Rattlesnake Vaccine,Rattlesnake Vaccine,evh-medications,true,1,0.93,"{""source_system"":""stockroom"",""source_file"":""Stockroom \u00b7 Instinct Stockroom.csv"",""source_rows"":""3139"",""classification"":""heuristic""}"
medication,Recovery Plus Liquid Feed 20gm,Recovery Plus Liquid Feed 20gm,evh-medications,true,1,0.93,"{""source_system"":""stockroom"",""source_file"":""Stockroom \u00b7 Instinct Stockroom.csv"",""source_rows"":""3139"",""classification"":""heuristic""}"
medication,Reissue Rabies Tag,Reissue Rabies Tag,evh-medications,true,1,0.93,"{""source_system"":""stockroom"",""source_file"":""Stockroom \u00b7 Instinct Stockroom.csv"",""source_rows"":""3139"",""classification"":""heuristic""}"
medication,Ripe Rasberry Body Spray 4 oz,Ripe Rasberry Body Spray 4 oz,evh-medications,true,1,0.93,"{""source_system"":""stockroom"",""source_file"":""Stockroom \u00b7 Instinct Stockroom.csv"",""source_rows"":""3139"",""classification"":""heuristic""}"
medication,RX  Benazepril 5mg Tab,RX  Benazepril 5mg Tab,evh-medications,true,1,0.93,"{""source_system"":""stockroom"",""source_file"":""Stockroom \u00b7 Instinct Stockroom.csv"",""source_rows"":""3139"",""classification"":""heuristic""}"
medication,RX Acepromazine 25mg TAB,RX Acepromazine 25mg TAB,evh-medications,true,1,0.93,"{""source_system"":""stockroom"",""source_file"":""Stockroom \u00b7 Instinct Stockroom.csv"",""source_rows"":""3139"",""classification"":""heuristic""}"
medication,RX Acne Med. Benzoyl Per. Gel 5% 1.5oz,RX Acne Med. Benzoyl Per. Gel 5% 1.5oz,evh-medications,true,1,0.93,"{""source_system"":""stockroom"",""source_file"":""Stockroom \u00b7 Instinct Stockroom.csv"",""source_rows"":""3139"",""classification"":""heuristic""}"
medication,RX Acyclovir 400mg TAB,RX Acyclovir 400mg TAB,evh-medications,true,1,0.93,"{""source_system"":""stockroom"",""source_file"":""Stockroom \u00b7 Instinct Stockroom.csv"",""source_rows"":""3139"",""classification"":""heuristic""}"
medication,RX Aluminum Hydroxide Gel Powder 40 Dram,RX Aluminum Hydroxide Gel Powder 40 Dram,evh-medications,true,1,0.93,"{""source_system"":""stockroom"",""source_file"":""Stockroom \u00b7 Instinct Stockroom.csv"",""source_rows"":""3139"",""classification"":""heuristic""}"
medication,RX Amantadine Oral Solution 50mg/5ml (10mg/mL),RX Amantadine Oral Solution 50mg/5ml (10mg/mL),evh-medications,true,1,0.93,"{""source_system"":""stockroom"",""source_file"":""Stockroom \u00b7 Instinct Stockroom.csv"",""source_rows"":""3139"",""classification"":""heuristic""}"
medication,RX Amlodipine 2.5 mg TAB,RX Amlodipine 2.5 mg TAB,evh-medications,true,1,0.93,"{""source_system"":""stockroom"",""source_file"":""Stockroom \u00b7 Instinct Stockroom.csv"",""source_rows"":""3139"",""classification"":""heuristic""}"
medication,RX Amlodipine 5mg TAB,RX Amlodipine 5mg TAB,evh-medications,true,1,0.93,"{""source_system"":""stockroom"",""source_file"":""Stockroom \u00b7 Instinct Stockroom.csv"",""source_rows"":""3139"",""classification"":""heuristic""}"
medication,RX Amoxi Drops 30ml (50mg/mL),RX Amoxi Drops 30ml (50mg/mL),evh-medications,true,1,0.93,"{""source_system"":""stockroom"",""source_file"":""Stockroom \u00b7 Instinct Stockroom.csv"",""source_rows"":""3139"",""classification"":""heuristic""}"
medication,RX Amoxi-drops 15ml (50mg/mL),RX Amoxi-drops 15ml (50mg/mL),evh-medications,true,1,0.93,"{""source_system"":""stockroom"",""source_file"":""Stockroom \u00b7 Instinct Stockroom.csv"",""source_rows"":""3139"",""classification"":""heuristic""}"
medication,RX Amoxicillin 250mg CAP,RX Amoxicillin 250mg CAP,evh-medications,true,1,0.93,"{""source_system"":""stockroom"",""source_file"":""Stockroom \u00b7 Instinct Stockroom.csv"",""source_rows"":""3139"",""classification"":""heuristic""}"
medication,RX Amoxicillin 500mg CAP,RX Amoxicillin 500mg CAP,evh-medications,true,1,0.93,"{""source_system"":""stockroom"",""source_file"":""Stockroom \u00b7 Instinct Stockroom.csv"",""source_rows"":""3139"",""classification"":""heuristic""}"
medication,RX Amoxicillin/Clav. ( Betacillin ) 15 ml (62.5mg/mL),RX Amoxicillin/Clav. ( Betacillin ) 15 ml (62.5mg/mL),evh-medications,true,1,0.93,"{""source_system"":""stockroom"",""source_file"":""Stockroom \u00b7 Instinct Stockroom.csv"",""source_rows"":""3139"",""classification"":""heuristic""}"
medication,RX Amoxicillin/Clavulanate 125mg TAB,RX Amoxicillin/Clavulanate 125mg TAB,evh-medications,true,1,0.93,"{""source_system"":""stockroom"",""source_file"":""Stockroom \u00b7 Instinct Stockroom.csv"",""source_rows"":""3139"",""classification"":""heuristic""}"
medication,RX Amoxicillin/Clavulanate 375mg TAB,RX Amoxicillin/Clavulanate 375mg TAB,evh-medications,true,1,0.93,"{""source_system"":""stockroom"",""source_file"":""Stockroom \u00b7 Instinct Stockroom.csv"",""source_rows"":""3139"",""classification"":""heuristic""}"
medication,RX Animax Ointment 15 ml,RX Animax Ointment 15 ml,evh-medications,true,1,0.93,"{""source_system"":""stockroom"",""source_file"":""Stockroom \u00b7 Instinct Stockroom.csv"",""source_rows"":""3139"",""classification"":""heuristic""}"
medication,RX Animax Ointment 30 ml,RX Animax Ointment 30 ml,evh-medications,true,1,0.93,"{""source_system"":""stockroom"",""source_file"":""Stockroom \u00b7 Instinct Stockroom.csv"",""source_rows"":""3139"",""classification"":""heuristic""}"
medication,RX Apoquel 16mg TAB,RX Apoquel 16mg TAB,evh-medications,true,1,0.93,"{""source_system"":""stockroom"",""source_file"":""Stockroom \u00b7 Instinct Stockroom.csv"",""source_rows"":""3139"",""classification"":""heuristic""}"
medication,RX Apoquel 3.6mg TAB,RX Apoquel 3.6mg TAB,evh-medications,true,1,0.93,"{""source_system"":""stockroom"",""source_file"":""Stockroom \u00b7 Instinct Stockroom.csv"",""source_rows"":""3139"",""classification"":""heuristic""}"
medication,RX Apoquel 5.4mg TAB,RX Apoquel 5.4mg TAB,evh-medications,true,1,0.93,"{""source_system"":""stockroom"",""source_file"":""Stockroom \u00b7 Instinct Stockroom.csv"",""source_rows"":""3139"",""classification"":""heuristic""}"
medication,RX Artificial Tears 3.5g,RX Artificial Tears 3.5g,evh-medications,true,1,0.93,"{""source_system"":""stockroom"",""source_file"":""Stockroom \u00b7 Instinct Stockroom.csv"",""source_rows"":""3139"",""classification"":""heuristic""}"
medication,RX Atopica (Cycloporine) 50mg CAP,RX Atopica (Cycloporine) 50mg CAP,evh-medications,true,1,0.93,"{""source_system"":""stockroom"",""source_file"":""Stockroom \u00b7 Instinct Stockroom.csv"",""source_rows"":""3139"",""classification"":""heuristic""}"
medication,RX Atopica (Cyclosporine) 100 mg CAP,RX Atopica (Cyclosporine) 100 mg CAP,evh-medications,true,1,0.93,"{""source_system"":""stockroom"",""source_file"":""Stockroom \u00b7 Instinct Stockroom.csv"",""source_rows"":""3139"",""classification"":""heuristic""}"
medication,RX Atopica (Cyclosporine) 25mg CAP,RX Atopica (Cyclosporine) 25mg CAP,evh-medications,true,1,0.93,"{""source_system"":""stockroom"",""source_file"":""Stockroom \u00b7 Instinct Stockroom.csv"",""source_rows"":""3139"",""classification"":""heuristic""}"
medication,RX Atopica/Cats 100mg/ml 17ml Vial,RX Atopica/Cats 100mg/ml 17ml Vial,evh-medications,true,1,0.93,"{""source_system"":""stockroom"",""source_file"":""Stockroom \u00b7 Instinct Stockroom.csv"",""source_rows"":""3139"",""classification"":""heuristic""}"
medication,RX Atopica/Cats 100mg/ml 5ml Vial,RX Atopica/Cats 100mg/ml 5ml Vial,evh-medications,true,1,0.93,"{""source_system"":""stockroom"",""source_file"":""Stockroom \u00b7 Instinct Stockroom.csv"",""source_rows"":""3139"",""classification"":""heuristic""}"
medication,RX Atropine Eye Ointment 1% 3.5gm,RX Atropine Eye Ointment 1% 3.5gm,evh-medications,true,1,0.93,"{""source_system"":""stockroom"",""source_file"":""Stockroom \u00b7 Instinct Stockroom.csv"",""source_rows"":""3139"",""classification"":""heuristic""}"
medication,RX Atropine Sulfate 1% Solution (opht.),RX Atropine Sulfate 1% Solution (opht.),evh-medications,true,1,0.93,"{""source_system"":""stockroom"",""source_file"":""Stockroom \u00b7 Instinct Stockroom.csv"",""source_rows"":""3139"",""classification"":""heuristic""}"
medication,RX Azithromycin 250mg TAB 30ct.,RX Azithromycin 250mg TAB 30ct.,evh-medications,true,1,0.93,"{""source_system"":""stockroom"",""source_file"":""Stockroom \u00b7 Instinct Stockroom.csv"",""source_rows"":""3139"",""classification"":""heuristic""}"
medication,RX Azithromycin Susp 200mg/5 ml (40mg/mL) (30cc),RX Azithromycin Susp 200mg/5 ml (40mg/mL) (30cc),evh-medications,true,1,0.93,"{""source_system"":""stockroom"",""source_file"":""Stockroom \u00b7 Instinct Stockroom.csv"",""source_rows"":""3139"",""classification"":""heuristic""}"
medication,RX Azodyl Small CAP (Kidney Supplement),RX Azodyl Small CAP (Kidney Supplement),evh-medications,true,1,0.93,"{""source_system"":""stockroom"",""source_file"":""Stockroom \u00b7 Instinct Stockroom.csv"",""source_rows"":""3139"",""classification"":""heuristic""}"
medication,RX Bladder Support Soft Chews 60 count,RX Bladder Support Soft Chews 60 count,evh-medications,true,1,0.93,"{""source_system"":""stockroom"",""source_file"":""Stockroom \u00b7 Instinct Stockroom.csv"",""source_rows"":""3139"",""classification"":""heuristic""}"
medication,RX Bone Stasis 200 0.5g CAP,RX Bone Stasis 200 0.5g CAP,evh-medications,true,1,0.93,"{""source_system"":""stockroom"",""source_file"":""Stockroom \u00b7 Instinct Stockroom.csv"",""source_rows"":""3139"",""classification"":""heuristic""}"
medication,RX Breast Stasis Formula 0.5g 200ct CAP,RX Breast Stasis Formula 0.5g 200ct CAP,evh-medications,true,1,0.93,"{""source_system"":""stockroom"",""source_file"":""Stockroom \u00b7 Instinct Stockroom.csv"",""source_rows"":""3139"",""classification"":""heuristic""}"
medication,RX Buprenorphine 0.5mg/ml ORAL,RX Buprenorphine 0.5mg/ml ORAL,evh-medications,true,1,0.93,"{""source_system"":""stockroom"",""source_file"":""Stockroom \u00b7 Instinct Stockroom.csv"",""source_rows"":""3139"",""classification"":""heuristic""}"
medication,RX Carprofen (Rimadyl) 100mg TAB,RX Carprofen (Rimadyl) 100mg TAB,evh-medications,true,1,0.93,"{""source_system"":""stockroom"",""source_file"":""Stockroom \u00b7 Instinct Stockroom.csv"",""source_rows"":""3139"",""classification"":""heuristic""}"
medication,RX Carprofen (Rimadyl) 25mg TAB,RX Carprofen (Rimadyl) 25mg TAB,evh-medications,true,1,0.93,"{""source_system"":""stockroom"",""source_file"":""Stockroom \u00b7 Instinct Stockroom.csv"",""source_rows"":""3139"",""classification"":""heuristic""}"
medication,RX Carprofen (Rimadyl) 75mg TAB,RX Carprofen (Rimadyl) 75mg TAB,evh-medications,true,1,0.93,"{""source_system"":""stockroom"",""source_file"":""Stockroom \u00b7 Instinct Stockroom.csv"",""source_rows"":""3139"",""classification"":""heuristic""}"
medication,RX Cefpodoxime 100mg TAB (Antibiotic),RX Cefpodoxime 100mg TAB (Antibiotic),evh-medications,true,1,0.93,"{""source_system"":""stockroom"",""source_file"":""Stockroom \u00b7 Instinct Stockroom.csv"",""source_rows"":""3139"",""classification"":""heuristic""}"
medication,RX Cefpodoxime 200mg TAB (Antibiotic),RX Cefpodoxime 200mg TAB (Antibiotic),evh-medications,true,1,0.93,"{""source_system"":""stockroom"",""source_file"":""Stockroom \u00b7 Instinct Stockroom.csv"",""source_rows"":""3139"",""classification"":""heuristic""}"
medication,RX Chlorpheniramine Maleate 4mg TAB,RX Chlorpheniramine Maleate 4mg TAB,evh-medications,true,1,0.93,"{""source_system"":""stockroom"",""source_file"":""Stockroom \u00b7 Instinct Stockroom.csv"",""source_rows"":""3139"",""classification"":""heuristic""}"
medication,RX Ciprofloxacin 250mg TAB,RX Ciprofloxacin 250mg TAB,evh-medications,true,1,0.93,"{""source_system"":""stockroom"",""source_file"":""Stockroom \u00b7 Instinct Stockroom.csv"",""source_rows"":""3139"",""classification"":""heuristic""}"
medication,RX Ciprofloxacin 500mg TAB,RX Ciprofloxacin 500mg TAB,evh-medications,true,1,0.93,"{""source_system"":""stockroom"",""source_file"":""Stockroom \u00b7 Instinct Stockroom.csv"",""source_rows"":""3139"",""classification"":""heuristic""}"
medication,RX Cisapride 10mg Gourmed Tab Chick.Flavor,RX Cisapride 10mg Gourmed Tab Chick.Flavor,evh-medications,true,1,0.93,"{""source_system"":""stockroom"",""source_file"":""Stockroom \u00b7 Instinct Stockroom.csv"",""source_rows"":""3139"",""classification"":""heuristic""}"
medication,RX Clindamycin 100mg Quad TAB,RX Clindamycin 100mg Quad TAB,evh-medications,true,1,0.93,"{""source_system"":""stockroom"",""source_file"":""Stockroom \u00b7 Instinct Stockroom.csv"",""source_rows"":""3139"",""classification"":""heuristic""}"
medication,RX Clindamycin 150mg CAP,RX Clindamycin 150mg CAP,evh-medications,true,1,0.93,"{""source_system"":""stockroom"",""source_file"":""Stockroom \u00b7 Instinct Stockroom.csv"",""source_rows"":""3139"",""classification"":""heuristic""}"
medication,RX Clindamycin 25mg TAB,RX Clindamycin 25mg TAB,evh-medications,true,1,0.93,"{""source_system"":""stockroom"",""source_file"":""Stockroom \u00b7 Instinct Stockroom.csv"",""source_rows"":""3139"",""classification"":""heuristic""}"
medication,RX Clindamycin 25mg/ml LIQ,RX Clindamycin 25mg/ml LIQ,evh-medications,true,1,0.93,"{""source_system"":""stockroom"",""source_file"":""Stockroom \u00b7 Instinct Stockroom.csv"",""source_rows"":""3139"",""classification"":""heuristic""}"
medication,RX Clindamycin 75mg CAP,RX Clindamycin 75mg CAP,evh-medications,true,1,0.93,"{""source_system"":""stockroom"",""source_file"":""Stockroom \u00b7 Instinct Stockroom.csv"",""source_rows"":""3139"",""classification"":""heuristic""}"
medication,RX Clopidogrel 75 mg TAB,RX Clopidogrel 75 mg TAB,evh-medications,true,1,0.93,"{""source_system"":""stockroom"",""source_file"":""Stockroom \u00b7 Instinct Stockroom.csv"",""source_rows"":""3139"",""classification"":""heuristic""}"
medication,RX Comfortrate ( Maropitant ) 16mg TAB,RX Comfortrate ( Maropitant ) 16mg TAB,evh-medications,true,1,0.93,"{""source_system"":""stockroom"",""source_file"":""Stockroom \u00b7 Instinct Stockroom.csv"",""source_rows"":""3139"",""classification"":""heuristic""}"
medication,RX Comfortrate ( Maropitant ) 24 mg TAB,RX Comfortrate ( Maropitant ) 24 mg TAB,evh-medications,true,1,0.93,"{""source_system"":""stockroom"",""source_file"":""Stockroom \u00b7 Instinct Stockroom.csv"",""source_rows"":""3139"",""classification"":""heuristic""}"
medication,RX Comfortrate ( Maropitant ) 60mg TAB,RX Comfortrate ( Maropitant ) 60mg TAB,evh-medications,true,1,0.93,"{""source_system"":""stockroom"",""source_file"":""Stockroom \u00b7 Instinct Stockroom.csv"",""source_rows"":""3139"",""classification"":""heuristic""}"
medication,RX Composure Behavioral Health 60ct. Chew,RX Composure Behavioral Health 60ct. Chew,evh-medications,true,1,0.93,"{""source_system"":""stockroom"",""source_file"":""Stockroom \u00b7 Instinct Stockroom.csv"",""source_rows"":""3139"",""classification"":""heuristic""}"
medication,RX Conc. Breast Stasis Formula 50ct CAP,RX Conc. Breast Stasis Formula 50ct CAP,evh-medications,true,1,0.93,"{""source_system"":""stockroom"",""source_file"":""Stockroom \u00b7 Instinct Stockroom.csv"",""source_rows"":""3139"",""classification"":""heuristic""}"
medication,RX Conc. Cervical Formula 100ct CAP,RX Conc. Cervical Formula 100ct CAP,evh-medications,true,1,0.93,"{""source_system"":""stockroom"",""source_file"":""Stockroom \u00b7 Instinct Stockroom.csv"",""source_rows"":""3139"",""classification"":""heuristic""}"
medication,RX Conc. Damp Heat Skin 50ct CAP,RX Conc. Damp Heat Skin 50ct CAP,evh-medications,true,1,0.93,"{""source_system"":""stockroom"",""source_file"":""Stockroom \u00b7 Instinct Stockroom.csv"",""source_rows"":""3139"",""classification"":""heuristic""}"
medication,RX Conc. Di Gu Pi San 100ct CAP,RX Conc. Di Gu Pi San 100ct CAP,evh-medications,true,1,0.93,"{""source_system"":""stockroom"",""source_file"":""Stockroom \u00b7 Instinct Stockroom.csv"",""source_rows"":""3139"",""classification"":""heuristic""}"
medication,RX Conc. Di Tan Tang 100ct CAP,RX Conc. Di Tan Tang 100ct CAP,evh-medications,true,1,0.93,"{""source_system"":""stockroom"",""source_file"":""Stockroom \u00b7 Instinct Stockroom.csv"",""source_rows"":""3139"",""classification"":""heuristic""}"
medication,RX Conc. Di Tan Tang Powder 90g,RX Conc. Di Tan Tang Powder 90g,evh-medications,true,1,0.93,"{""source_system"":""stockroom"",""source_file"":""Stockroom \u00b7 Instinct Stockroom.csv"",""source_rows"":""3139"",""classification"":""heuristic""}"
medication,RX Conc. Hindquarter Weakness 50ct CAP,RX Conc. Hindquarter Weakness 50ct CAP,evh-medications,true,1,0.93,"{""source_system"":""stockroom"",""source_file"":""Stockroom \u00b7 Instinct Stockroom.csv"",""source_rows"":""3139"",""classification"":""heuristic""}"
medication,RX Conc. Hindquarter Weakness Powder 90g,RX Conc. Hindquarter Weakness Powder 90g,evh-medications,true,1,0.93,"{""source_system"":""stockroom"",""source_file"":""Stockroom \u00b7 Instinct Stockroom.csv"",""source_rows"":""3139"",""classification"":""heuristic""}"
medication,RX Conc. Hindquater Weakness 100ct CAP,RX Conc. Hindquater Weakness 100ct CAP,evh-medications,true,1,0.93,"{""source_system"":""stockroom"",""source_file"":""Stockroom \u00b7 Instinct Stockroom.csv"",""source_rows"":""3139"",""classification"":""heuristic""}"
medication,RX Conc. Jin Suo Gu Jing 0.5mg 100ct CAP,RX Conc. Jin Suo Gu Jing 0.5mg 100ct CAP,evh-medications,true,1,0.93,"{""source_system"":""stockroom"",""source_file"":""Stockroom \u00b7 Instinct Stockroom.csv"",""source_rows"":""3139"",""classification"":""heuristic""}"
medication,RX Conc. Max's Formula 0.5g 100ct CAP,RX Conc. Max's Formula 0.5g 100ct CAP,evh-medications,true,1,0.93,"{""source_system"":""stockroom"",""source_file"":""Stockroom \u00b7 Instinct Stockroom.csv"",""source_rows"":""3139"",""classification"":""heuristic""}"
medication,RX Conc. Phlegm Fat Formula 100ct CAP,RX Conc. Phlegm Fat Formula 100ct CAP,evh-medications,true,1,0.93,"{""source_system"":""stockroom"",""source_file"":""Stockroom \u00b7 Instinct Stockroom.csv"",""source_rows"":""3139"",""classification"":""heuristic""}"
medication,RX Conc. Shen Calmer Powder 90g,RX Conc. Shen Calmer Powder 90g,evh-medications,true,1,0.93,"{""source_system"":""stockroom"",""source_file"":""Stockroom \u00b7 Instinct Stockroom.csv"",""source_rows"":""3139"",""classification"":""heuristic""}"
medication,RX Conc. Si Wu Xiao Feng 100 ct CAP,RX Conc. Si Wu Xiao Feng 100 ct CAP,evh-medications,true,1,0.93,"{""source_system"":""stockroom"",""source_file"":""Stockroom \u00b7 Instinct Stockroom.csv"",""source_rows"":""3139"",""classification"":""heuristic""}"
medication,RX Conc. Stomach Happy 50ct CAP,RX Conc. Stomach Happy 50ct CAP,evh-medications,true,1,0.93,"{""source_system"":""stockroom"",""source_file"":""Stockroom \u00b7 Instinct Stockroom.csv"",""source_rows"":""3139"",""classification"":""heuristic""}"
medication,RX Conc. Stomach Happy Powder 90g,RX Conc. Stomach Happy Powder 90g,evh-medications,true,1,0.93,"{""source_system"":""stockroom"",""source_file"":""Stockroom \u00b7 Instinct Stockroom.csv"",""source_rows"":""3139"",""classification"":""heuristic""}"
medication,RX Conc. Tendon/Ligament 100ct CAP,RX Conc. Tendon/Ligament 100ct CAP,evh-medications,true,1,0.93,"{""source_system"":""stockroom"",""source_file"":""Stockroom \u00b7 Instinct Stockroom.csv"",""source_rows"":""3139"",""classification"":""heuristic""}"
medication,RX Conc. Tendon/Ligament Powder 90g,RX Conc. Tendon/Ligament Powder 90g,evh-medications,true,1,0.93,"{""source_system"":""stockroom"",""source_file"":""Stockroom \u00b7 Instinct Stockroom.csv"",""source_rows"":""3139"",""classification"":""heuristic""}"
medication,RX Conc. Xin Yi San 0.5g 100ct CAP,RX Conc. Xin Yi San 0.5g 100ct CAP,evh-medications,true,1,0.93,"{""source_system"":""stockroom"",""source_file"":""Stockroom \u00b7 Instinct Stockroom.csv"",""source_rows"":""3139"",""classification"":""heuristic""}"
medication,RX Conc. Zhen Xin San 90g Powder,RX Conc. Zhen Xin San 90g Powder,evh-medications,true,1,0.93,"{""source_system"":""stockroom"",""source_file"":""Stockroom \u00b7 Instinct Stockroom.csv"",""source_rows"":""3139"",""classification"":""heuristic""}"
medication,RX Concentrated Body Sore 50ct CAP,RX Concentrated Body Sore 50ct CAP,evh-medications,true,1,0.93,"{""source_system"":""stockroom"",""source_file"":""Stockroom \u00b7 Instinct Stockroom.csv"",""source_rows"":""3139"",""classification"":""heuristic""}"
medication,RX Concentrated Body Sore Powder 90g,RX Concentrated Body Sore Powder 90g,evh-medications,true,1,0.93,"{""source_system"":""stockroom"",""source_file"":""Stockroom \u00b7 Instinct Stockroom.csv"",""source_rows"":""3139"",""classification"":""heuristic""}"
medication,RX Concentrated Di Gu Pi San Powder 90g,RX Concentrated Di Gu Pi San Powder 90g,evh-medications,true,1,0.93,"{""source_system"":""stockroom"",""source_file"":""Stockroom \u00b7 Instinct Stockroom.csv"",""source_rows"":""3139"",""classification"":""heuristic""}"
medication,RX Concentrated Four Gentleman 90g Powder,RX Concentrated Four Gentleman 90g Powder,evh-medications,true,1,0.93,"{""source_system"":""stockroom"",""source_file"":""Stockroom \u00b7 Instinct Stockroom.csv"",""source_rows"":""3139"",""classification"":""heuristic""}"
medication,RX Concentrated Heart Qi Tonic 100ct CAP,RX Concentrated Heart Qi Tonic 100ct CAP,evh-medications,true,1,0.93,"{""source_system"":""stockroom"",""source_file"":""Stockroom \u00b7 Instinct Stockroom.csv"",""source_rows"":""3139"",""classification"":""heuristic""}"
medication,RX Concentrated Jin Gui Shen Qi Powder 90g,RX Concentrated Jin Gui Shen Qi Powder 90g,evh-medications,true,1,0.93,"{""source_system"":""stockroom"",""source_file"":""Stockroom \u00b7 Instinct Stockroom.csv"",""source_rows"":""3139"",""classification"":""heuristic""}"
medication,RX Concentrated Jin Suo Gu Jing Powder 90g,RX Concentrated Jin Suo Gu Jing Powder 90g,evh-medications,true,1,0.93,"{""source_system"":""stockroom"",""source_file"":""Stockroom \u00b7 Instinct Stockroom.csv"",""source_rows"":""3139"",""classification"":""heuristic""}"
medication,RX Concentrated Liver Happy 100ct CAP,RX Concentrated Liver Happy 100ct CAP,evh-medications,true,1,0.93,"{""source_system"":""stockroom"",""source_file"":""Stockroom \u00b7 Instinct Stockroom.csv"",""source_rows"":""3139"",""classification"":""heuristic""}"
medication,RX Concentrated Liver Happy 50ct CAP,RX Concentrated Liver Happy 50ct CAP,evh-medications,true,1,0.93,"{""source_system"":""stockroom"",""source_file"":""Stockroom \u00b7 Instinct Stockroom.csv"",""source_rows"":""3139"",""classification"":""heuristic""}"
medication,RX Concentrated Red Front Door 100ct CAP,RX Concentrated Red Front Door 100ct CAP,evh-medications,true,1,0.93,"{""source_system"":""stockroom"",""source_file"":""Stockroom \u00b7 Instinct Stockroom.csv"",""source_rows"":""3139"",""classification"":""heuristic""}"
medication,RX Concentrated Red Front Door 50ct CAP,RX Concentrated Red Front Door 50ct CAP,evh-medications,true,1,0.93,"{""source_system"":""stockroom"",""source_file"":""Stockroom \u00b7 Instinct Stockroom.csv"",""source_rows"":""3139"",""classification"":""heuristic""}"
medication,RX Concentrated Rehmannia 11 0.5g 100ct CAP,RX Concentrated Rehmannia 11 0.5g 100ct CAP,evh-medications,true,1,0.93,"{""source_system"":""stockroom"",""source_file"":""Stockroom \u00b7 Instinct Stockroom.csv"",""source_rows"":""3139"",""classification"":""heuristic""}"
medication,RX Concentrated Rehmannia 14 0.5g 100ct CAP,RX Concentrated Rehmannia 14 0.5g 100ct CAP,evh-medications,true,1,0.93,"{""source_system"":""stockroom"",""source_file"":""Stockroom \u00b7 Instinct Stockroom.csv"",""source_rows"":""3139"",""classification"":""heuristic""}"
medication,RX Concentrated Shen Calmer 50ct CAP,RX Concentrated Shen Calmer 50ct CAP,evh-medications,true,1,0.93,"{""source_system"":""stockroom"",""source_file"":""Stockroom \u00b7 Instinct Stockroom.csv"",""source_rows"":""3139"",""classification"":""heuristic""}"
medication,RX Concentrated Stasis Breaker 100ct CAP,RX Concentrated Stasis Breaker 100ct CAP,evh-medications,true,1,0.93,"{""source_system"":""stockroom"",""source_file"":""Stockroom \u00b7 Instinct Stockroom.csv"",""source_rows"":""3139"",""classification"":""heuristic""}"
medication,RX Concentrated Stasis Breaker Powder 90g,RX Concentrated Stasis Breaker Powder 90g,evh-medications,true,1,0.93,"{""source_system"":""stockroom"",""source_file"":""Stockroom \u00b7 Instinct Stockroom.csv"",""source_rows"":""3139"",""classification"":""heuristic""}"
medication,RX Concentrated Wei Qi Booster (100 ct CAP),RX Concentrated Wei Qi Booster (100 ct CAP),evh-medications,true,1,0.93,"{""source_system"":""stockroom"",""source_file"":""Stockroom \u00b7 Instinct Stockroom.csv"",""source_rows"":""3139"",""classification"":""heuristic""}"
medication,RX Cosequin for Cats Soft Chews 60ct,RX Cosequin for Cats Soft Chews 60ct,evh-medications,true,1,0.93,"{""source_system"":""stockroom"",""source_file"":""Stockroom \u00b7 Instinct Stockroom.csv"",""source_rows"":""3139"",""classification"":""heuristic""}"
medication,RX Credelio for Cats 2.0 - 4.0# Chew Single,RX Credelio for Cats 2.0 - 4.0# Chew Single,evh-medications,true,1,0.93,"{""source_system"":""stockroom"",""source_file"":""Stockroom \u00b7 Instinct Stockroom.csv"",""source_rows"":""3139"",""classification"":""heuristic""}"
medication,RX Credelio for Cats 4.1 - 17.0# Chew Sing.,RX Credelio for Cats 4.1 - 17.0# Chew Sing.,evh-medications,true,1,0.93,"{""source_system"":""stockroom"",""source_file"":""Stockroom \u00b7 Instinct Stockroom.csv"",""source_rows"":""3139"",""classification"":""heuristic""}"
medication,RX Dasuquin Advanced Soft Chew 64ct Large,RX Dasuquin Advanced Soft Chew 64ct Large,evh-medications,true,1,0.93,"{""source_system"":""stockroom"",""source_file"":""Stockroom \u00b7 Instinct Stockroom.csv"",""source_rows"":""3139"",""classification"":""heuristic""}"
medication,RX Dasuquin Advanced Soft Chew 64ct Sm/Med,RX Dasuquin Advanced Soft Chew 64ct Sm/Med,evh-medications,true,1,0.93,"{""source_system"":""stockroom"",""source_file"":""Stockroom \u00b7 Instinct Stockroom.csv"",""source_rows"":""3139"",""classification"":""heuristic""}"
medication,RX Denamarin Chew Advanced (Large),RX Denamarin Chew Advanced (Large),evh-medications,true,1,0.93,"{""source_system"":""stockroom"",""source_file"":""Stockroom \u00b7 Instinct Stockroom.csv"",""source_rows"":""3139"",""classification"":""heuristic""}"
medication,RX Denamarin Chew Advanced (Small),RX Denamarin Chew Advanced (Small),evh-medications,true,1,0.93,"{""source_system"":""stockroom"",""source_file"":""Stockroom \u00b7 Instinct Stockroom.csv"",""source_rows"":""3139"",""classification"":""heuristic""}"
medication,RX Deracoxib (Coxiba) 100mg TAB,RX Deracoxib (Coxiba) 100mg TAB,evh-medications,true,1,0.93,"{""source_system"":""stockroom"",""source_file"":""Stockroom \u00b7 Instinct Stockroom.csv"",""source_rows"":""3139"",""classification"":""heuristic""}"
medication,RX Deracoxib (Coxiba) 25mg TAB,RX Deracoxib (Coxiba) 25mg TAB,evh-medications,true,1,0.93,"{""source_system"":""stockroom"",""source_file"":""Stockroom \u00b7 Instinct Stockroom.csv"",""source_rows"":""3139"",""classification"":""heuristic""}"
medication,RX Deracoxib (Coxiba) 75mg TAB,RX Deracoxib (Coxiba) 75mg TAB,evh-medications,true,1,0.93,"{""source_system"":""stockroom"",""source_file"":""Stockroom \u00b7 Instinct Stockroom.csv"",""source_rows"":""3139"",""classification"":""heuristic""}"
medication,RX Di Gu Pi San Powder 200g,RX Di Gu Pi San Powder 200g,evh-medications,true,1,0.93,"{""source_system"":""stockroom"",""source_file"":""Stockroom \u00b7 Instinct Stockroom.csv"",""source_rows"":""3139"",""classification"":""heuristic""}"
medication,RX Di Tan Tang Powder 200g,RX Di Tan Tang Powder 200g,evh-medications,true,1,0.93,"{""source_system"":""stockroom"",""source_file"":""Stockroom \u00b7 Instinct Stockroom.csv"",""source_rows"":""3139"",""classification"":""heuristic""}"
medication,RX Diazepam 5mg TAB ( Valium ),RX Diazepam 5mg TAB ( Valium ),evh-medications,true,1,0.93,"{""source_system"":""stockroom"",""source_file"":""Stockroom \u00b7 Instinct Stockroom.csv"",""source_rows"":""3139"",""classification"":""heuristic""}"
medication,RX Double P II 0.5g 200ct CAP,RX Double P II 0.5g 200ct CAP,evh-medications,true,1,0.93,"{""source_system"":""stockroom"",""source_file"":""Stockroom \u00b7 Instinct Stockroom.csv"",""source_rows"":""3139"",""classification"":""heuristic""}"
medication,RX Double P II 100ct CAP,RX Double P II 100ct CAP,evh-medications,true,1,0.93,"{""source_system"":""stockroom"",""source_file"":""Stockroom \u00b7 Instinct Stockroom.csv"",""source_rows"":""3139"",""classification"":""heuristic""}"
medication,RX Double P II Powder 200g,RX Double P II Powder 200g,evh-medications,true,1,0.93,"{""source_system"":""stockroom"",""source_file"":""Stockroom \u00b7 Instinct Stockroom.csv"",""source_rows"":""3139"",""classification"":""heuristic""}"
medication,RX Doxycycline 100 mg TAB,RX Doxycycline 100 mg TAB,evh-medications,true,1,0.93,"{""source_system"":""stockroom"",""source_file"":""Stockroom \u00b7 Instinct Stockroom.csv"",""source_rows"":""3139"",""classification"":""heuristic""}"
medication,RX Doxycycline 100mg/ml SUSP.,RX Doxycycline 100mg/ml SUSP.,evh-medications,true,1,0.93,"{""source_system"":""stockroom"",""source_file"":""Stockroom \u00b7 Instinct Stockroom.csv"",""source_rows"":""3139"",""classification"":""heuristic""}"
medication,RX Doxycycline 150mg Flex TAB,RX Doxycycline 150mg Flex TAB,evh-medications,true,1,0.93,"{""source_system"":""stockroom"",""source_file"":""Stockroom \u00b7 Instinct Stockroom.csv"",""source_rows"":""3139"",""classification"":""heuristic""}"
medication,RX Doxycycline 50mg TAB,RX Doxycycline 50mg TAB,evh-medications,true,1,0.93,"{""source_system"":""stockroom"",""source_file"":""Stockroom \u00b7 Instinct Stockroom.csv"",""source_rows"":""3139"",""classification"":""heuristic""}"
medication,RX Easotic ear Ointment 10ml,RX Easotic ear Ointment 10ml,evh-medications,true,1,0.93,"{""source_system"":""stockroom"",""source_file"":""Stockroom \u00b7 Instinct Stockroom.csv"",""source_rows"":""3139"",""classification"":""heuristic""}"
medication,RX Eight Righteous 200g,RX Eight Righteous 200g,evh-medications,true,1,0.93,"{""source_system"":""stockroom"",""source_file"":""Stockroom \u00b7 Instinct Stockroom.csv"",""source_rows"":""3139"",""classification"":""heuristic""}"
medication,RX Enalapril 10mg TAB,RX Enalapril 10mg TAB,evh-medications,true,1,0.93,"{""source_system"":""stockroom"",""source_file"":""Stockroom \u00b7 Instinct Stockroom.csv"",""source_rows"":""3139"",""classification"":""heuristic""}"
medication,RX Enalapril 20mg TAB,RX Enalapril 20mg TAB,evh-medications,true,1,0.93,"{""source_system"":""stockroom"",""source_file"":""Stockroom \u00b7 Instinct Stockroom.csv"",""source_rows"":""3139"",""classification"":""heuristic""}"
medication,RX Enalapril 5mg TAB,RX Enalapril 5mg TAB,evh-medications,true,1,0.93,"{""source_system"":""stockroom"",""source_file"":""Stockroom \u00b7 Instinct Stockroom.csv"",""source_rows"":""3139"",""classification"":""heuristic""}"
medication,RX Enrofloxacin (Baytril ) 22.7mg TAB,RX Enrofloxacin (Baytril ) 22.7mg TAB,evh-medications,true,1,0.93,"{""source_system"":""stockroom"",""source_file"":""Stockroom \u00b7 Instinct Stockroom.csv"",""source_rows"":""3139"",""classification"":""heuristic""}"
medication,RX Enrofloxacin (Baytril ) 68mg Taste TAB,RX Enrofloxacin (Baytril ) 68mg Taste TAB,evh-medications,true,1,0.93,"{""source_system"":""stockroom"",""source_file"":""Stockroom \u00b7 Instinct Stockroom.csv"",""source_rows"":""3139"",""classification"":""heuristic""}"
medication,RX Enrofloxacin (Baytril) 136mg TAB,RX Enrofloxacin (Baytril) 136mg TAB,evh-medications,true,1,0.93,"{""source_system"":""stockroom"",""source_file"":""Stockroom \u00b7 Instinct Stockroom.csv"",""source_rows"":""3139"",""classification"":""heuristic""}"
medication,RX Epakitin 180gm,RX Epakitin 180gm,evh-medications,true,1,0.93,"{""source_system"":""stockroom"",""source_file"":""Stockroom \u00b7 Instinct Stockroom.csv"",""source_rows"":""3139"",""classification"":""heuristic""}"
medication,RX Epakitin 60gm,RX Epakitin 60gm,evh-medications,true,1,0.93,"{""source_system"":""stockroom"",""source_file"":""Stockroom \u00b7 Instinct Stockroom.csv"",""source_rows"":""3139"",""classification"":""heuristic""}"
medication,RX Erythromycin Oph Ointment,RX Erythromycin Oph Ointment,evh-medications,true,1,0.93,"{""source_system"":""stockroom"",""source_file"":""Stockroom \u00b7 Instinct Stockroom.csv"",""source_rows"":""3139"",""classification"":""heuristic""}"
medication,RX Eye Serum Drops,RX Eye Serum Drops,evh-medications,true,1,0.93,"{""source_system"":""stockroom"",""source_file"":""Stockroom \u00b7 Instinct Stockroom.csv"",""source_rows"":""3139"",""classification"":""heuristic""}"
medication,RX Famotidine 10mg TAB,RX Famotidine 10mg TAB,evh-medications,true,1,0.93,"{""source_system"":""stockroom"",""source_file"":""Stockroom \u00b7 Instinct Stockroom.csv"",""source_rows"":""3139"",""classification"":""heuristic""}"
medication,RX Famotidine 20mg TAB,RX Famotidine 20mg TAB,evh-medications,true,1,0.93,"{""source_system"":""stockroom"",""source_file"":""Stockroom \u00b7 Instinct Stockroom.csv"",""source_rows"":""3139"",""classification"":""heuristic""}"
medication,RX Fan Xie Ye 200g,RX Fan Xie Ye 200g,evh-medications,true,1,0.93,"{""source_system"":""stockroom"",""source_file"":""Stockroom \u00b7 Instinct Stockroom.csv"",""source_rows"":""3139"",""classification"":""heuristic""}"
medication,RX Felanorm (Methimazole) 5mg/ml 30ml Bot,RX Felanorm (Methimazole) 5mg/ml 30ml Bot,evh-medications,true,1,0.93,"{""source_system"":""stockroom"",""source_file"":""Stockroom \u00b7 Instinct Stockroom.csv"",""source_rows"":""3139"",""classification"":""heuristic""}"
medication,RX Fenbendazole ( Panacur ) 100mg/ml LIQ,RX Fenbendazole ( Panacur ) 100mg/ml LIQ,evh-medications,true,1,0.93,"{""source_system"":""stockroom"",""source_file"":""Stockroom \u00b7 Instinct Stockroom.csv"",""source_rows"":""3139"",""classification"":""heuristic""}"
medication,RX Flexadin Advanced Chews 60ct,RX Flexadin Advanced Chews 60ct,evh-medications,true,1,0.93,"{""source_system"":""stockroom"",""source_file"":""Stockroom \u00b7 Instinct Stockroom.csv"",""source_rows"":""3139"",""classification"":""heuristic""}"
medication,RX Fluoxetine 10mg TAB,RX Fluoxetine 10mg TAB,evh-medications,true,1,0.93,"{""source_system"":""stockroom"",""source_file"":""Stockroom \u00b7 Instinct Stockroom.csv"",""source_rows"":""3139"",""classification"":""heuristic""}"
medication,RX Fluoxetine 20mg CAP,RX Fluoxetine 20mg CAP,evh-medications,true,1,0.93,"{""source_system"":""stockroom"",""source_file"":""Stockroom \u00b7 Instinct Stockroom.csv"",""source_rows"":""3139"",""classification"":""heuristic""}"
medication,RX Fluoxetine 40mg CAP,RX Fluoxetine 40mg CAP,evh-medications,true,1,0.93,"{""source_system"":""stockroom"",""source_file"":""Stockroom \u00b7 Instinct Stockroom.csv"",""source_rows"":""3139"",""classification"":""heuristic""}"
medication,RX Four Immortals 200g,RX Four Immortals 200g,evh-medications,true,1,0.93,"{""source_system"":""stockroom"",""source_file"":""Stockroom \u00b7 Instinct Stockroom.csv"",""source_rows"":""3139"",""classification"":""heuristic""}"
medication,RX Furosemide (Lasix) 12.5 mg TAB,RX Furosemide (Lasix) 12.5 mg TAB,evh-medications,true,1,0.93,"{""source_system"":""stockroom"",""source_file"":""Stockroom \u00b7 Instinct Stockroom.csv"",""source_rows"":""3139"",""classification"":""heuristic""}"
medication,RX Furosemide (Lasix) 20 mg TAB,RX Furosemide (Lasix) 20 mg TAB,evh-medications,true,1,0.93,"{""source_system"":""stockroom"",""source_file"":""Stockroom \u00b7 Instinct Stockroom.csv"",""source_rows"":""3139"",""classification"":""heuristic""}"
medication,RX Furosemide (Lasix) 50 mg TAB,RX Furosemide (Lasix) 50 mg TAB,evh-medications,true,1,0.93,"{""source_system"":""stockroom"",""source_file"":""Stockroom \u00b7 Instinct Stockroom.csv"",""source_rows"":""3139"",""classification"":""heuristic""}"
medication,RX Gabapentin 100mg CAP,RX Gabapentin 100mg CAP,evh-medications,true,1,0.93,"{""source_system"":""stockroom"",""source_file"":""Stockroom \u00b7 Instinct Stockroom.csv"",""source_rows"":""3139"",""classification"":""heuristic""}"
medication,RX Gabapentin 100mg Quad TAB,RX Gabapentin 100mg Quad TAB,evh-medications,true,1,0.93,"{""source_system"":""stockroom"",""source_file"":""Stockroom \u00b7 Instinct Stockroom.csv"",""source_rows"":""3139"",""classification"":""heuristic""}"
medication,RX Gabapentin 25mg TAB,RX Gabapentin 25mg TAB,evh-medications,true,1,0.93,"{""source_system"":""stockroom"",""source_file"":""Stockroom \u00b7 Instinct Stockroom.csv"",""source_rows"":""3139"",""classification"":""heuristic""}"
medication,RX Gabapentin 300mg CAP,RX Gabapentin 300mg CAP,evh-medications,true,1,0.93,"{""source_system"":""stockroom"",""source_file"":""Stockroom \u00b7 Instinct Stockroom.csv"",""source_rows"":""3139"",""classification"":""heuristic""}"
medication,RX Gabapentin 50mg/ml Susp.,RX Gabapentin 50mg/ml Susp.,evh-medications,true,1,0.93,"{""source_system"":""stockroom"",""source_file"":""Stockroom \u00b7 Instinct Stockroom.csv"",""source_rows"":""3139"",""classification"":""heuristic""}"
medication,RX Gabapentin 600mg CAP,RX Gabapentin 600mg CAP,evh-medications,true,1,0.93,"{""source_system"":""stockroom"",""source_file"":""Stockroom \u00b7 Instinct Stockroom.csv"",""source_rows"":""3139"",""classification"":""heuristic""}"
medication,RX Galliprant 100 mg TAB,RX Galliprant 100 mg TAB,evh-medications,true,1,0.93,"{""source_system"":""stockroom"",""source_file"":""Stockroom \u00b7 Instinct Stockroom.csv"",""source_rows"":""3139"",""classification"":""heuristic""}"
medication,RX Galliprant 20mg TAB,RX Galliprant 20mg TAB,evh-medications,true,1,0.93,"{""source_system"":""stockroom"",""source_file"":""Stockroom \u00b7 Instinct Stockroom.csv"",""source_rows"":""3139"",""classification"":""heuristic""}"
medication,RX Galliprant 60mg TAB,RX Galliprant 60mg TAB,evh-medications,true,1,0.93,"{""source_system"":""stockroom"",""source_file"":""Stockroom \u00b7 Instinct Stockroom.csv"",""source_rows"":""3139"",""classification"":""heuristic""}"
medication,RX GenOne/Gentamicin K9 Topical Spray 120ml,RX GenOne/Gentamicin K9 Topical Spray 120ml,evh-medications,true,1,0.93,"{""source_system"":""stockroom"",""source_file"":""Stockroom \u00b7 Instinct Stockroom.csv"",""source_rows"":""3139"",""classification"":""heuristic""}"
medication,RX GenOne/Gentamicin K9 Topical Spray 240ml,RX GenOne/Gentamicin K9 Topical Spray 240ml,evh-medications,true,1,0.93,"{""source_system"":""stockroom"",""source_file"":""Stockroom \u00b7 Instinct Stockroom.csv"",""source_rows"":""3139"",""classification"":""heuristic""}"
medication,RX GenOne/Gentamicin Topical Spray 60ml,RX GenOne/Gentamicin Topical Spray 60ml,evh-medications,true,1,0.93,"{""source_system"":""stockroom"",""source_file"":""Stockroom \u00b7 Instinct Stockroom.csv"",""source_rows"":""3139"",""classification"":""heuristic""}"
medication,RX Glyco Flex 2 Bite Chews Feline-Vetri-Sci,RX Glyco Flex 2 Bite Chews Feline-Vetri-Sci,evh-medications,true,1,0.93,"{""source_system"":""stockroom"",""source_file"":""Stockroom \u00b7 Instinct Stockroom.csv"",""source_rows"":""3139"",""classification"":""heuristic""}"
medication,RX Heart Qi Tonic 200ct CAP,RX Heart Qi Tonic 200ct CAP,evh-medications,true,1,0.93,"{""source_system"":""stockroom"",""source_file"":""Stockroom \u00b7 Instinct Stockroom.csv"",""source_rows"":""3139"",""classification"":""heuristic""}"
medication,RX Heartgard Plus 1 - 25# Single,RX Heartgard Plus 1 - 25# Single,evh-medications,true,1,0.93,"{""source_system"":""stockroom"",""source_file"":""Stockroom \u00b7 Instinct Stockroom.csv"",""source_rows"":""3139"",""classification"":""heuristic""}"
medication,RX Heartgard Plus 26-50# Single,RX Heartgard Plus 26-50# Single,evh-medications,true,1,0.93,"{""source_system"":""stockroom"",""source_file"":""Stockroom \u00b7 Instinct Stockroom.csv"",""source_rows"":""3139"",""classification"":""heuristic""}"
medication,RX Heartgard Plus 51-100# Single,RX Heartgard Plus 51-100# Single,evh-medications,true,1,0.93,"{""source_system"":""stockroom"",""source_file"":""Stockroom \u00b7 Instinct Stockroom.csv"",""source_rows"":""3139"",""classification"":""heuristic""}"
medication,RX Hemp CBD Oil for Dogs 60ml,RX Hemp CBD Oil for Dogs 60ml,evh-medications,true,1,0.93,"{""source_system"":""stockroom"",""source_file"":""Stockroom \u00b7 Instinct Stockroom.csv"",""source_rows"":""3139"",""classification"":""heuristic""}"
medication,RX Hemp Mobility OIl for Cats 15ml,RX Hemp Mobility OIl for Cats 15ml,evh-medications,true,1,0.93,"{""source_system"":""stockroom"",""source_file"":""Stockroom \u00b7 Instinct Stockroom.csv"",""source_rows"":""3139"",""classification"":""heuristic""}"
medication,RX Hemp Mobility Oil for Dogs 15ml,RX Hemp Mobility Oil for Dogs 15ml,evh-medications,true,1,0.93,"{""source_system"":""stockroom"",""source_file"":""Stockroom \u00b7 Instinct Stockroom.csv"",""source_rows"":""3139"",""classification"":""heuristic""}"
medication,RX Hemp Mobility Oil for Dogs 20ml,RX Hemp Mobility Oil for Dogs 20ml,evh-medications,true,1,0.93,"{""source_system"":""stockroom"",""source_file"":""Stockroom \u00b7 Instinct Stockroom.csv"",""source_rows"":""3139"",""classification"":""heuristic""}"
medication,RX Hemp Mobility Oil for Dogs 30ml,RX Hemp Mobility Oil for Dogs 30ml,evh-medications,true,1,0.93,"{""source_system"":""stockroom"",""source_file"":""Stockroom \u00b7 Instinct Stockroom.csv"",""source_rows"":""3139"",""classification"":""heuristic""}"
medication,RX Hemp Oil Soft Gel Medium Dog,RX Hemp Oil Soft Gel Medium Dog,evh-medications,true,1,0.93,"{""source_system"":""stockroom"",""source_file"":""Stockroom \u00b7 Instinct Stockroom.csv"",""source_rows"":""3139"",""classification"":""heuristic""}"
medication,RX Hindquarter Weakness 0.5g 200ct CAP,RX Hindquarter Weakness 0.5g 200ct CAP,evh-medications,true,1,0.93,"{""source_system"":""stockroom"",""source_file"":""Stockroom \u00b7 Instinct Stockroom.csv"",""source_rows"":""3139"",""classification"":""heuristic""}"
medication,RX Hindquarter Weakness Powder 200g,RX Hindquarter Weakness Powder 200g,evh-medications,true,1,0.93,"{""source_system"":""stockroom"",""source_file"":""Stockroom \u00b7 Instinct Stockroom.csv"",""source_rows"":""3139"",""classification"":""heuristic""}"
medication,RX Hydrocodone 5mg TAB,RX Hydrocodone 5mg TAB,evh-medications,true,1,0.93,"{""source_system"":""stockroom"",""source_file"":""Stockroom \u00b7 Instinct Stockroom.csv"",""source_rows"":""3139"",""classification"":""heuristic""}"
medication,RX Hydrocodone 5mg/Homatropine 1.5mg/5ml (1mg/mL),RX Hydrocodone 5mg/Homatropine 1.5mg/5ml (1mg/mL),evh-medications,true,1,0.93,"{""source_system"":""stockroom"",""source_file"":""Stockroom \u00b7 Instinct Stockroom.csv"",""source_rows"":""3139"",""classification"":""heuristic""}"
medication,RX Hydrocodone/Chlorpheniramine 10&8mg/5ml (2mg/mL),RX Hydrocodone/Chlorpheniramine 10&8mg/5ml (2mg/mL),evh-medications,true,1,0.93,"{""source_system"":""stockroom"",""source_file"":""Stockroom \u00b7 Instinct Stockroom.csv"",""source_rows"":""3139"",""classification"":""heuristic""}"
medication,RX Hydroxyzine 10mg TAB,RX Hydroxyzine 10mg TAB,evh-medications,true,1,0.93,"{""source_system"":""stockroom"",""source_file"":""Stockroom \u00b7 Instinct Stockroom.csv"",""source_rows"":""3139"",""classification"":""heuristic""}"
medication,RX Hydroxyzine 25mg TAB,RX Hydroxyzine 25mg TAB,evh-medications,true,1,0.93,"{""source_system"":""stockroom"",""source_file"":""Stockroom \u00b7 Instinct Stockroom.csv"",""source_rows"":""3139"",""classification"":""heuristic""}"
medication,RX Hydroxyzine 50mg TAB,RX Hydroxyzine 50mg TAB,evh-medications,true,1,0.93,"{""source_system"":""stockroom"",""source_file"":""Stockroom \u00b7 Instinct Stockroom.csv"",""source_rows"":""3139"",""classification"":""heuristic""}"
medication,RX I Lid n Lash 50ml,RX I Lid n Lash 50ml,evh-medications,true,1,0.93,"{""source_system"":""stockroom"",""source_file"":""Stockroom \u00b7 Instinct Stockroom.csv"",""source_rows"":""3139"",""classification"":""heuristic""}"
medication,RX I-Drop Vet Plus Lubricating Drops 10ml,RX I-Drop Vet Plus Lubricating Drops 10ml,evh-medications,true,1,0.93,"{""source_system"":""stockroom"",""source_file"":""Stockroom \u00b7 Instinct Stockroom.csv"",""source_rows"":""3139"",""classification"":""heuristic""}"
medication,RX Immunotherapy Sublingual Drops ( Set of 2),RX Immunotherapy Sublingual Drops ( Set of 2),evh-medications,true,1,0.93,"{""source_system"":""stockroom"",""source_file"":""Stockroom \u00b7 Instinct Stockroom.csv"",""source_rows"":""3139"",""classification"":""heuristic""}"
medication,RX Jin Suo Gu Jing - 900g,RX Jin Suo Gu Jing - 900g,evh-medications,true,1,0.93,"{""source_system"":""stockroom"",""source_file"":""Stockroom \u00b7 Instinct Stockroom.csv"",""source_rows"":""3139"",""classification"":""heuristic""}"
medication,RX Jin Suo Gu Jing 200g,RX Jin Suo Gu Jing 200g,evh-medications,true,1,0.93,"{""source_system"":""stockroom"",""source_file"":""Stockroom \u00b7 Instinct Stockroom.csv"",""source_rows"":""3139"",""classification"":""heuristic""}"
medication,RX Jin Suo Gu Jing 600g,RX Jin Suo Gu Jing 600g,evh-medications,true,1,0.93,"{""source_system"":""stockroom"",""source_file"":""Stockroom \u00b7 Instinct Stockroom.csv"",""source_rows"":""3139"",""classification"":""heuristic""}"
medication,RX Keflex ( Cephalexin ) 500mg CAP,RX Keflex ( Cephalexin ) 500mg CAP,evh-medications,true,1,0.93,"{""source_system"":""stockroom"",""source_file"":""Stockroom \u00b7 Instinct Stockroom.csv"",""source_rows"":""3139"",""classification"":""heuristic""}"
medication,RX Keflex (Cephalexin) 250mg CAP,RX Keflex (Cephalexin) 250mg CAP,evh-medications,true,1,0.93,"{""source_system"":""stockroom"",""source_file"":""Stockroom \u00b7 Instinct Stockroom.csv"",""source_rows"":""3139"",""classification"":""heuristic""}"
medication,RX Ketoconazole 200 mg TAB,RX Ketoconazole 200 mg TAB,evh-medications,true,1,0.93,"{""source_system"":""stockroom"",""source_file"":""Stockroom \u00b7 Instinct Stockroom.csv"",""source_rows"":""3139"",""classification"":""heuristic""}"
medication,RX Ketorolac 0.5% Opth. Solution,RX Ketorolac 0.5% Opth. Solution,evh-medications,true,1,0.93,"{""source_system"":""stockroom"",""source_file"":""Stockroom \u00b7 Instinct Stockroom.csv"",""source_rows"":""3139"",""classification"":""heuristic""}"
medication,RX Krillex Concentrate Soft Chews 60ct,RX Krillex Concentrate Soft Chews 60ct,evh-medications,true,1,0.93,"{""source_system"":""stockroom"",""source_file"":""Stockroom \u00b7 Instinct Stockroom.csv"",""source_rows"":""3139"",""classification"":""heuristic""}"
medication,RX Lactulose 10g/15ml Oral Solution,RX Lactulose 10g/15ml Oral Solution,evh-medications,true,1,0.93,"{""source_system"":""stockroom"",""source_file"":""Stockroom \u00b7 Instinct Stockroom.csv"",""source_rows"":""3139"",""classification"":""heuristic""}"
medication,RX Levothyroxine ( ThyroTab ) 0.3mg TAB,RX Levothyroxine ( ThyroTab ) 0.3mg TAB,evh-medications,true,1,0.93,"{""source_system"":""stockroom"",""source_file"":""Stockroom \u00b7 Instinct Stockroom.csv"",""source_rows"":""3139"",""classification"":""heuristic""}"
medication,RX Levothyroxine ( ThyroVet ) 0.1mg TAB,RX Levothyroxine ( ThyroVet ) 0.1mg TAB,evh-medications,true,1,0.93,"{""source_system"":""stockroom"",""source_file"":""Stockroom \u00b7 Instinct Stockroom.csv"",""source_rows"":""3139"",""classification"":""heuristic""}"
medication,RX Levothyroxine ( ThyroVet ) 0.2mg TAB,RX Levothyroxine ( ThyroVet ) 0.2mg TAB,evh-medications,true,1,0.93,"{""source_system"":""stockroom"",""source_file"":""Stockroom \u00b7 Instinct Stockroom.csv"",""source_rows"":""3139"",""classification"":""heuristic""}"
medication,RX Levothyroxine ( ThyroVet ) 0.4mg TAB,RX Levothyroxine ( ThyroVet ) 0.4mg TAB,evh-medications,true,1,0.93,"{""source_system"":""stockroom"",""source_file"":""Stockroom \u00b7 Instinct Stockroom.csv"",""source_rows"":""3139"",""classification"":""heuristic""}"
medication,RX Levothyroxine ( ThyroVet ) 0.5mg TAB,RX Levothyroxine ( ThyroVet ) 0.5mg TAB,evh-medications,true,1,0.93,"{""source_system"":""stockroom"",""source_file"":""Stockroom \u00b7 Instinct Stockroom.csv"",""source_rows"":""3139"",""classification"":""heuristic""}"
medication,RX Levothyroxine ( ThyroVet ) 0.6mg TAB,RX Levothyroxine ( ThyroVet ) 0.6mg TAB,evh-medications,true,1,0.93,"{""source_system"":""stockroom"",""source_file"":""Stockroom \u00b7 Instinct Stockroom.csv"",""source_rows"":""3139"",""classification"":""heuristic""}"
medication,RX Levothyroxine ( ThyroVet ) 0.7mg TAB,RX Levothyroxine ( ThyroVet ) 0.7mg TAB,evh-medications,true,1,0.93,"{""source_system"":""stockroom"",""source_file"":""Stockroom \u00b7 Instinct Stockroom.csv"",""source_rows"":""3139"",""classification"":""heuristic""}"
medication,RX Levothyroxine ( ThyroVet ) 0.8mg TAB,RX Levothyroxine ( ThyroVet ) 0.8mg TAB,evh-medications,true,1,0.93,"{""source_system"":""stockroom"",""source_file"":""Stockroom \u00b7 Instinct Stockroom.csv"",""source_rows"":""3139"",""classification"":""heuristic""}"
medication,RX Liver Happy Teapills (200ct) TAB,RX Liver Happy Teapills (200ct) TAB,evh-medications,true,1,0.93,"{""source_system"":""stockroom"",""source_file"":""Stockroom \u00b7 Instinct Stockroom.csv"",""source_rows"":""3139"",""classification"":""heuristic""}"
medication,RX Losartan 100mg TAB (90ct),RX Losartan 100mg TAB (90ct),evh-medications,true,1,0.93,"{""source_system"":""stockroom"",""source_file"":""Stockroom \u00b7 Instinct Stockroom.csv"",""source_rows"":""3139"",""classification"":""heuristic""}"
medication,RX Losartan 50mg TAB (90ct),RX Losartan 50mg TAB (90ct),evh-medications,true,1,0.93,"{""source_system"":""stockroom"",""source_file"":""Stockroom \u00b7 Instinct Stockroom.csv"",""source_rows"":""3139"",""classification"":""heuristic""}"
medication,RX Marbofloxacin ( Zeniquin ) 25mg TAB,RX Marbofloxacin ( Zeniquin ) 25mg TAB,evh-medications,true,1,0.93,"{""source_system"":""stockroom"",""source_file"":""Stockroom \u00b7 Instinct Stockroom.csv"",""source_rows"":""3139"",""classification"":""heuristic""}"
medication,RX Marbofloxacin (Marboquin) 100mg TAB,RX Marbofloxacin (Marboquin) 100mg TAB,evh-medications,true,1,0.93,"{""source_system"":""stockroom"",""source_file"":""Stockroom \u00b7 Instinct Stockroom.csv"",""source_rows"":""3139"",""classification"":""heuristic""}"
medication,RX Marbofloxacin 25mg/ml Susp.,RX Marbofloxacin 25mg/ml Susp.,evh-medications,true,1,0.93,"{""source_system"":""stockroom"",""source_file"":""Stockroom \u00b7 Instinct Stockroom.csv"",""source_rows"":""3139"",""classification"":""heuristic""}"
medication,RX Maropitant (Cerenia) 160mg Tablets 4pk,RX Maropitant (Cerenia) 160mg Tablets 4pk,evh-medications,true,1,0.93,"{""source_system"":""stockroom"",""source_file"":""Stockroom \u00b7 Instinct Stockroom.csv"",""source_rows"":""3139"",""classification"":""heuristic""}"
medication,RX Meloxicam 7.5mg TAB,RX Meloxicam 7.5mg TAB,evh-medications,true,1,0.93,"{""source_system"":""stockroom"",""source_file"":""Stockroom \u00b7 Instinct Stockroom.csv"",""source_rows"":""3139"",""classification"":""heuristic""}"
medication,RX Meloxidyl (Meloxicam) ORAL 200 ml (1.5mg/mL),RX Meloxidyl (Meloxicam) ORAL 200 ml (1.5mg/mL),evh-medications,true,1,0.93,"{""source_system"":""stockroom"",""source_file"":""Stockroom \u00b7 Instinct Stockroom.csv"",""source_rows"":""3139"",""classification"":""heuristic""}"
medication,RX Methimazole (Felimazole) 2.5mg TAB,RX Methimazole (Felimazole) 2.5mg TAB,evh-medications,true,1,0.93,"{""source_system"":""stockroom"",""source_file"":""Stockroom \u00b7 Instinct Stockroom.csv"",""source_rows"":""3139"",""classification"":""heuristic""}"
medication,RX Methimazole (Felimazole) 5mg TAB,RX Methimazole (Felimazole) 5mg TAB,evh-medications,true,1,0.93,"{""source_system"":""stockroom"",""source_file"":""Stockroom \u00b7 Instinct Stockroom.csv"",""source_rows"":""3139"",""classification"":""heuristic""}"
medication,RX Methimazole 5mg (Uncoated) TAB,RX Methimazole 5mg (Uncoated) TAB,evh-medications,true,1,0.93,"{""source_system"":""stockroom"",""source_file"":""Stockroom \u00b7 Instinct Stockroom.csv"",""source_rows"":""3139"",""classification"":""heuristic""}"
medication,RX Methocarbamol 500mg TAB,RX Methocarbamol 500mg TAB,evh-medications,true,1,0.93,"{""source_system"":""stockroom"",""source_file"":""Stockroom \u00b7 Instinct Stockroom.csv"",""source_rows"":""3139"",""classification"":""heuristic""}"
medication,RX Metoclopramide ( Reglan ) 5mg/5ml (1mg/mL) LIQ,RX Metoclopramide ( Reglan ) 5mg/5ml (1mg/mL) LIQ,evh-medications,true,1,0.93,"{""source_system"":""stockroom"",""source_file"":""Stockroom \u00b7 Instinct Stockroom.csv"",""source_rows"":""3139"",""classification"":""heuristic""}"
medication,RX Metoclopramide (Reglan) 10mg TAB,RX Metoclopramide (Reglan) 10mg TAB,evh-medications,true,1,0.93,"{""source_system"":""stockroom"",""source_file"":""Stockroom \u00b7 Instinct Stockroom.csv"",""source_rows"":""3139"",""classification"":""heuristic""}"
medication,RX Metoclopramide (Reglan) 5mg TAB,RX Metoclopramide (Reglan) 5mg TAB,evh-medications,true,1,0.93,"{""source_system"":""stockroom"",""source_file"":""Stockroom \u00b7 Instinct Stockroom.csv"",""source_rows"":""3139"",""classification"":""heuristic""}"
medication,RX Metronidazole (Flagyl) 100mg/ml Susp.,RX Metronidazole (Flagyl) 100mg/ml Susp.,evh-medications,true,1,0.93,"{""source_system"":""stockroom"",""source_file"":""Stockroom \u00b7 Instinct Stockroom.csv"",""source_rows"":""3139"",""classification"":""heuristic""}"
medication,RX Metronidazole (Flagyl) 250mg TAB,RX Metronidazole (Flagyl) 250mg TAB,evh-medications,true,1,0.93,"{""source_system"":""stockroom"",""source_file"":""Stockroom \u00b7 Instinct Stockroom.csv"",""source_rows"":""3139"",""classification"":""heuristic""}"
medication,RX Metronidazole (Flagyl) 500mg TAB,RX Metronidazole (Flagyl) 500mg TAB,evh-medications,true,1,0.93,"{""source_system"":""stockroom"",""source_file"":""Stockroom \u00b7 Instinct Stockroom.csv"",""source_rows"":""3139"",""classification"":""heuristic""}"
medication,RX Mirataz Transdermal Ointment,RX Mirataz Transdermal Ointment,evh-medications,true,1,0.93,"{""source_system"":""stockroom"",""source_file"":""Stockroom \u00b7 Instinct Stockroom.csv"",""source_rows"":""3139"",""classification"":""heuristic""}"
medication,RX Mirtazapine 1.8mg Simply Melt TAB,RX Mirtazapine 1.8mg Simply Melt TAB,evh-medications,true,1,0.93,"{""source_system"":""stockroom"",""source_file"":""Stockroom \u00b7 Instinct Stockroom.csv"",""source_rows"":""3139"",""classification"":""heuristic""}"
medication,RX Mirtazapine 15mg TAB,RX Mirtazapine 15mg TAB,evh-medications,true,1,0.93,"{""source_system"":""stockroom"",""source_file"":""Stockroom \u00b7 Instinct Stockroom.csv"",""source_rows"":""3139"",""classification"":""heuristic""}"
medication,RX Muricin (Mupirocin) 2% Oint. 15g,RX Muricin (Mupirocin) 2% Oint. 15g,evh-medications,true,1,0.93,"{""source_system"":""stockroom"",""source_file"":""Stockroom \u00b7 Instinct Stockroom.csv"",""source_rows"":""3139"",""classification"":""heuristic""}"
medication,RX Neo/Poly/B/HC Ointment,RX Neo/Poly/B/HC Ointment,evh-medications,true,1,0.93,"{""source_system"":""stockroom"",""source_file"":""Stockroom \u00b7 Instinct Stockroom.csv"",""source_rows"":""3139"",""classification"":""heuristic""}"
medication,RX NeoPoly Bac Oph Oint 3.5g,RX NeoPoly Bac Oph Oint 3.5g,evh-medications,true,1,0.93,"{""source_system"":""stockroom"",""source_file"":""Stockroom \u00b7 Instinct Stockroom.csv"",""source_rows"":""3139"",""classification"":""heuristic""}"
medication,RX Neopoly Dex Eye Drops,RX Neopoly Dex Eye Drops,evh-medications,true,1,0.93,"{""source_system"":""stockroom"",""source_file"":""Stockroom \u00b7 Instinct Stockroom.csv"",""source_rows"":""3139"",""classification"":""heuristic""}"
medication,RX Neopolydex Eye Ointment,RX Neopolydex Eye Ointment,evh-medications,true,1,0.93,"{""source_system"":""stockroom"",""source_file"":""Stockroom \u00b7 Instinct Stockroom.csv"",""source_rows"":""3139"",""classification"":""heuristic""}"
medication,RX New Xiang Ru San 600g Powder,RX New Xiang Ru San 600g Powder,evh-medications,true,1,0.93,"{""source_system"":""stockroom"",""source_file"":""Stockroom \u00b7 Instinct Stockroom.csv"",""source_rows"":""3139"",""classification"":""heuristic""}"
medication,RX Nexgard COMBO for Cats 1.8-5.5#,RX Nexgard COMBO for Cats 1.8-5.5#,evh-medications,true,1,0.93,"{""source_system"":""stockroom"",""source_file"":""Stockroom \u00b7 Instinct Stockroom.csv"",""source_rows"":""3139"",""classification"":""heuristic""}"
medication,RX Nexgard COMBO for Cats 5.6-16.5#,RX Nexgard COMBO for Cats 5.6-16.5#,evh-medications,true,1,0.93,"{""source_system"":""stockroom"",""source_file"":""Stockroom \u00b7 Instinct Stockroom.csv"",""source_rows"":""3139"",""classification"":""heuristic""}"
medication,RX Nexgard Flea/Tick Chew 04 - 10 lb,RX Nexgard Flea/Tick Chew 04 - 10 lb,evh-medications,true,1,0.93,"{""source_system"":""stockroom"",""source_file"":""Stockroom \u00b7 Instinct Stockroom.csv"",""source_rows"":""3139"",""classification"":""heuristic""}"
medication,RX Nexgard Flea/Tick Chew 10.1 - 24 lb,RX Nexgard Flea/Tick Chew 10.1 - 24 lb,evh-medications,true,1,0.93,"{""source_system"":""stockroom"",""source_file"":""Stockroom \u00b7 Instinct Stockroom.csv"",""source_rows"":""3139"",""classification"":""heuristic""}"
medication,RX Nexgard Flea/Tick Chew 24.1 - 60 lb,RX Nexgard Flea/Tick Chew 24.1 - 60 lb,evh-medications,true,1,0.93,"{""source_system"":""stockroom"",""source_file"":""Stockroom \u00b7 Instinct Stockroom.csv"",""source_rows"":""3139"",""classification"":""heuristic""}"
medication,RX Nexgard Flea/Tick Chew 60.1 - 121 lb,RX Nexgard Flea/Tick Chew 60.1 - 121 lb,evh-medications,true,1,0.93,"{""source_system"":""stockroom"",""source_file"":""Stockroom \u00b7 Instinct Stockroom.csv"",""source_rows"":""3139"",""classification"":""heuristic""}"
medication,RX Nexgard Plus for Dogs 17 - 33#,RX Nexgard Plus for Dogs 17 - 33#,evh-medications,true,1,0.93,"{""source_system"":""stockroom"",""source_file"":""Stockroom \u00b7 Instinct Stockroom.csv"",""source_rows"":""3139"",""classification"":""heuristic""}"
medication,RX Nexgard Plus for Dogs 33.1 - 66#,RX Nexgard Plus for Dogs 33.1 - 66#,evh-medications,true,1,0.93,"{""source_system"":""stockroom"",""source_file"":""Stockroom \u00b7 Instinct Stockroom.csv"",""source_rows"":""3139"",""classification"":""heuristic""}"
medication,RX Nexgard Plus for Dogs 4 - 8#,RX Nexgard Plus for Dogs 4 - 8#,evh-medications,true,1,0.93,"{""source_system"":""stockroom"",""source_file"":""Stockroom \u00b7 Instinct Stockroom.csv"",""source_rows"":""3139"",""classification"":""heuristic""}"
medication,RX Nexgard Plus for Dogs 66 - 132#,RX Nexgard Plus for Dogs 66 - 132#,evh-medications,true,1,0.93,"{""source_system"":""stockroom"",""source_file"":""Stockroom \u00b7 Instinct Stockroom.csv"",""source_rows"":""3139"",""classification"":""heuristic""}"
medication,RX Nexgard Plus for Dogs 8.1 - 17#,RX Nexgard Plus for Dogs 8.1 - 17#,evh-medications,true,1,0.93,"{""source_system"":""stockroom"",""source_file"":""Stockroom \u00b7 Instinct Stockroom.csv"",""source_rows"":""3139"",""classification"":""heuristic""}"
medication,RX NutriHerb - Bright Mind 120ct CAP,RX NutriHerb - Bright Mind 120ct CAP,evh-medications,true,1,0.93,"{""source_system"":""stockroom"",""source_file"":""Stockroom \u00b7 Instinct Stockroom.csv"",""source_rows"":""3139"",""classification"":""heuristic""}"
medication,RX Ondansetron (Zofran) 4mg TAB,RX Ondansetron (Zofran) 4mg TAB,evh-medications,true,1,0.93,"{""source_system"":""stockroom"",""source_file"":""Stockroom \u00b7 Instinct Stockroom.csv"",""source_rows"":""3139"",""classification"":""heuristic""}"
medication,RX Ondansetron (Zofran) 8mg TAB,RX Ondansetron (Zofran) 8mg TAB,evh-medications,true,1,0.93,"{""source_system"":""stockroom"",""source_file"":""Stockroom \u00b7 Instinct Stockroom.csv"",""source_rows"":""3139"",""classification"":""heuristic""}"
medication,RX Ophiopogon Formula 0.5g CAP (200ct),RX Ophiopogon Formula 0.5g CAP (200ct),evh-medications,true,1,0.93,"{""source_system"":""stockroom"",""source_file"":""Stockroom \u00b7 Instinct Stockroom.csv"",""source_rows"":""3139"",""classification"":""heuristic""}"
medication,RX Optixcare Eye Lube Plus 20g,RX Optixcare Eye Lube Plus 20g,evh-medications,true,1,0.93,"{""source_system"":""stockroom"",""source_file"":""Stockroom \u00b7 Instinct Stockroom.csv"",""source_rows"":""3139"",""classification"":""heuristic""}"
medication,RX Palladia 10mg TAB,RX Palladia 10mg TAB,evh-medications,true,1,0.93,"{""source_system"":""stockroom"",""source_file"":""Stockroom \u00b7 Instinct Stockroom.csv"",""source_rows"":""3139"",""classification"":""heuristic""}"
medication,RX Palladia 15mg TAB,RX Palladia 15mg TAB,evh-medications,true,1,0.93,"{""source_system"":""stockroom"",""source_file"":""Stockroom \u00b7 Instinct Stockroom.csv"",""source_rows"":""3139"",""classification"":""heuristic""}"
medication,RX Palladia 50mg TAB,RX Palladia 50mg TAB,evh-medications,true,1,0.93,"{""source_system"":""stockroom"",""source_file"":""Stockroom \u00b7 Instinct Stockroom.csv"",""source_rows"":""3139"",""classification"":""heuristic""}"
medication,RX PancrePlus Enzyme Concentrate 500ct TAB,RX PancrePlus Enzyme Concentrate 500ct TAB,evh-medications,true,1,0.93,"{""source_system"":""stockroom"",""source_file"":""Stockroom \u00b7 Instinct Stockroom.csv"",""source_rows"":""3139"",""classification"":""heuristic""}"
medication,RX Paroxetine 10mg TAB,RX Paroxetine 10mg TAB,evh-medications,true,1,0.93,"{""source_system"":""stockroom"",""source_file"":""Stockroom \u00b7 Instinct Stockroom.csv"",""source_rows"":""3139"",""classification"":""heuristic""}"
medication,RX Paroxetine 20mg TAB,RX Paroxetine 20mg TAB,evh-medications,true,1,0.93,"{""source_system"":""stockroom"",""source_file"":""Stockroom \u00b7 Instinct Stockroom.csv"",""source_rows"":""3139"",""classification"":""heuristic""}"
medication,RX Pet-Tinic 30ml,RX Pet-Tinic 30ml,evh-medications,true,1,0.93,"{""source_system"":""stockroom"",""source_file"":""Stockroom \u00b7 Instinct Stockroom.csv"",""source_rows"":""3139"",""classification"":""heuristic""}"
medication,RX Pimobendan 5mg Quad TAB,RX Pimobendan 5mg Quad TAB,evh-medications,true,1,0.93,"{""source_system"":""stockroom"",""source_file"":""Stockroom \u00b7 Instinct Stockroom.csv"",""source_rows"":""3139"",""classification"":""heuristic""}"
medication,RX Prazosin HCI 1mg/ml,RX Prazosin HCI 1mg/ml,evh-medications,true,1,0.93,"{""source_system"":""stockroom"",""source_file"":""Stockroom \u00b7 Instinct Stockroom.csv"",""source_rows"":""3139"",""classification"":""heuristic""}"
medication,RX Prednisolone 5mg TAB,RX Prednisolone 5mg TAB,evh-medications,true,1,0.93,"{""source_system"":""stockroom"",""source_file"":""Stockroom \u00b7 Instinct Stockroom.csv"",""source_rows"":""3139"",""classification"":""heuristic""}"
medication,RX Prednisolone Syrup 15mg/5ml (3mg/mL),RX Prednisolone Syrup 15mg/5ml (3mg/mL),evh-medications,true,1,0.93,"{""source_system"":""stockroom"",""source_file"":""Stockroom \u00b7 Instinct Stockroom.csv"",""source_rows"":""3139"",""classification"":""heuristic""}"
medication,RX Prednisone 10mg TAB,RX Prednisone 10mg TAB,evh-medications,true,1,0.93,"{""source_system"":""stockroom"",""source_file"":""Stockroom \u00b7 Instinct Stockroom.csv"",""source_rows"":""3139"",""classification"":""heuristic""}"
medication,RX Prednisone 1mg Tablet,RX Prednisone 1mg Tablet,evh-medications,true,1,0.93,"{""source_system"":""stockroom"",""source_file"":""Stockroom \u00b7 Instinct Stockroom.csv"",""source_rows"":""3139"",""classification"":""heuristic""}"
medication,RX Prednisone 20MG TAB,RX Prednisone 20MG TAB,evh-medications,true,1,0.93,"{""source_system"":""stockroom"",""source_file"":""Stockroom \u00b7 Instinct Stockroom.csv"",""source_rows"":""3139"",""classification"":""heuristic""}"
medication,RX Prednisone 5mg TAB,RX Prednisone 5mg TAB,evh-medications,true,1,0.93,"{""source_system"":""stockroom"",""source_file"":""Stockroom \u00b7 Instinct Stockroom.csv"",""source_rows"":""3139"",""classification"":""heuristic""}"
medication,RX Pro-Pectalin Anti-Diarrheal Gel 15cc,RX Pro-Pectalin Anti-Diarrheal Gel 15cc,evh-medications,true,1,0.93,"{""source_system"":""stockroom"",""source_file"":""Stockroom \u00b7 Instinct Stockroom.csv"",""source_rows"":""3139"",""classification"":""heuristic""}"
medication,RX Pro-Pectalin Anti-Diarrheal Gel 30cc,RX Pro-Pectalin Anti-Diarrheal Gel 30cc,evh-medications,true,1,0.93,"{""source_system"":""stockroom"",""source_file"":""Stockroom \u00b7 Instinct Stockroom.csv"",""source_rows"":""3139"",""classification"":""heuristic""}"
medication,RX Pro-Pectalin Anti-Diarrheal TAB,RX Pro-Pectalin Anti-Diarrheal TAB,evh-medications,true,1,0.93,"{""source_system"":""stockroom"",""source_file"":""Stockroom \u00b7 Instinct Stockroom.csv"",""source_rows"":""3139"",""classification"":""heuristic""}"
medication,RX Proviable DC Probiotic Supp. CAP,RX Proviable DC Probiotic Supp. CAP,evh-medications,true,1,0.93,"{""source_system"":""stockroom"",""source_file"":""Stockroom \u00b7 Instinct Stockroom.csv"",""source_rows"":""3139"",""classification"":""heuristic""}"
medication,RX Pyrantel Pamoate Liquid (50mg/mL),RX Pyrantel Pamoate Liquid (50mg/mL),evh-medications,true,1,0.93,"{""source_system"":""stockroom"",""source_file"":""Stockroom \u00b7 Instinct Stockroom.csv"",""source_rows"":""3139"",""classification"":""heuristic""}"
medication,RX Red Front Door (200ct) CAP,RX Red Front Door (200ct) CAP,evh-medications,true,1,0.93,"{""source_system"":""stockroom"",""source_file"":""Stockroom \u00b7 Instinct Stockroom.csv"",""source_rows"":""3139"",""classification"":""heuristic""}"
medication,RX Redonyl Ultra Soft Chew 200mg (120 ct),RX Redonyl Ultra Soft Chew 200mg (120 ct),evh-medications,true,1,0.93,"{""source_system"":""stockroom"",""source_file"":""Stockroom \u00b7 Instinct Stockroom.csv"",""source_rows"":""3139"",""classification"":""heuristic""}"
medication,RX Rejensa Joint Care Chew 30ct Tub,RX Rejensa Joint Care Chew 30ct Tub,evh-medications,true,1,0.93,"{""source_system"":""stockroom"",""source_file"":""Stockroom \u00b7 Instinct Stockroom.csv"",""source_rows"":""3139"",""classification"":""heuristic""}"
medication,RX Rejensa Joint Care Chew 60ct Tub,RX Rejensa Joint Care Chew 60ct Tub,evh-medications,true,1,0.93,"{""source_system"":""stockroom"",""source_file"":""Stockroom \u00b7 Instinct Stockroom.csv"",""source_rows"":""3139"",""classification"":""heuristic""}"
medication,RX Renal K+ Powder 100g,RX Renal K+ Powder 100g,evh-medications,true,1,0.93,"{""source_system"":""stockroom"",""source_file"":""Stockroom \u00b7 Instinct Stockroom.csv"",""source_rows"":""3139"",""classification"":""heuristic""}"
medication,RX Revolution Plus Cat 11.1 - 22#,RX Revolution Plus Cat 11.1 - 22#,evh-medications,true,1,0.93,"{""source_system"":""stockroom"",""source_file"":""Stockroom \u00b7 Instinct Stockroom.csv"",""source_rows"":""3139"",""classification"":""heuristic""}"
medication,RX Revolution Plus Cat 2.8 - 5.5#,RX Revolution Plus Cat 2.8 - 5.5#,evh-medications,true,1,0.93,"{""source_system"":""stockroom"",""source_file"":""Stockroom \u00b7 Instinct Stockroom.csv"",""source_rows"":""3139"",""classification"":""heuristic""}"
medication,RX Revolution Plus Cat 5.6 - 11#,RX Revolution Plus Cat 5.6 - 11#,evh-medications,true,1,0.93,"{""source_system"":""stockroom"",""source_file"":""Stockroom \u00b7 Instinct Stockroom.csv"",""source_rows"":""3139"",""classification"":""heuristic""}"
medication,RX Rilexine Chew TAB 300mg (Cephalexin),RX Rilexine Chew TAB 300mg (Cephalexin),evh-medications,true,1,0.93,"{""source_system"":""stockroom"",""source_file"":""Stockroom \u00b7 Instinct Stockroom.csv"",""source_rows"":""3139"",""classification"":""heuristic""}"
medication,RX Rilexine Chew TAB 600mg (Cephalexin),RX Rilexine Chew TAB 600mg (Cephalexin),evh-medications,true,1,0.93,"{""source_system"":""stockroom"",""source_file"":""Stockroom \u00b7 Instinct Stockroom.csv"",""source_rows"":""3139"",""classification"":""heuristic""}"
medication,RX Shen Calmer Powder 200g,RX Shen Calmer Powder 200g,evh-medications,true,1,0.93,"{""source_system"":""stockroom"",""source_file"":""Stockroom \u00b7 Instinct Stockroom.csv"",""source_rows"":""3139"",""classification"":""heuristic""}"
medication,RX Sildenafil 20mg TAB,RX Sildenafil 20mg TAB,evh-medications,true,1,0.93,"{""source_system"":""stockroom"",""source_file"":""Stockroom \u00b7 Instinct Stockroom.csv"",""source_rows"":""3139"",""classification"":""heuristic""}"
medication,RX Silver Sulfadiazine 1% 50gm,RX Silver Sulfadiazine 1% 50gm,evh-medications,true,1,0.93,"{""source_system"":""stockroom"",""source_file"":""Stockroom \u00b7 Instinct Stockroom.csv"",""source_rows"":""3139"",""classification"":""heuristic""}"
medication,RX Simparica Trio 11.1 - 22# Carmel,RX Simparica Trio 11.1 - 22# Carmel,evh-medications,true,1,0.93,"{""source_system"":""stockroom"",""source_file"":""Stockroom \u00b7 Instinct Stockroom.csv"",""source_rows"":""3139"",""classification"":""heuristic""}"
medication,RX Simparica Trio 22.1 - 44# Teal,RX Simparica Trio 22.1 - 44# Teal,evh-medications,true,1,0.93,"{""source_system"":""stockroom"",""source_file"":""Stockroom \u00b7 Instinct Stockroom.csv"",""source_rows"":""3139"",""classification"":""heuristic""}"
medication,RX Simparica Trio 44.1 - 88# Green,RX Simparica Trio 44.1 - 88# Green,evh-medications,true,1,0.93,"{""source_system"":""stockroom"",""source_file"":""Stockroom \u00b7 Instinct Stockroom.csv"",""source_rows"":""3139"",""classification"":""heuristic""}"
medication,RX Simparica Trio 5.6 - 11# Purple,RX Simparica Trio 5.6 - 11# Purple,evh-medications,true,1,0.93,"{""source_system"":""stockroom"",""source_file"":""Stockroom \u00b7 Instinct Stockroom.csv"",""source_rows"":""3139"",""classification"":""heuristic""}"
medication,RX Simparica Trio 88.1 - 132# Brown,RX Simparica Trio 88.1 - 132# Brown,evh-medications,true,1,0.93,"{""source_system"":""stockroom"",""source_file"":""Stockroom \u00b7 Instinct Stockroom.csv"",""source_rows"":""3139"",""classification"":""heuristic""}"
medication,RX Simplera Otic Solution 1ml,RX Simplera Otic Solution 1ml,evh-medications,true,1,0.93,"{""source_system"":""stockroom"",""source_file"":""Stockroom \u00b7 Instinct Stockroom.csv"",""source_rows"":""3139"",""classification"":""heuristic""}"
medication,RX SMZ TMP 960 mg TAB 500ct,RX SMZ TMP 960 mg TAB 500ct,evh-medications,true,1,0.93,"{""source_system"":""stockroom"",""source_file"":""Stockroom \u00b7 Instinct Stockroom.csv"",""source_rows"":""3139"",""classification"":""heuristic""}"
medication,RX Solva-Ker Gel 30ml Tube,RX Solva-Ker Gel 30ml Tube,evh-medications,true,1,0.93,"{""source_system"":""stockroom"",""source_file"":""Stockroom \u00b7 Instinct Stockroom.csv"",""source_rows"":""3139"",""classification"":""heuristic""}"
medication,RX Stomach Happy 0.5 mg 200ct CAP,RX Stomach Happy 0.5 mg 200ct CAP,evh-medications,true,1,0.93,"{""source_system"":""stockroom"",""source_file"":""Stockroom \u00b7 Instinct Stockroom.csv"",""source_rows"":""3139"",""classification"":""heuristic""}"
medication,RX Sucralfate 1gm TAB,RX Sucralfate 1gm TAB,evh-medications,true,1,0.93,"{""source_system"":""stockroom"",""source_file"":""Stockroom \u00b7 Instinct Stockroom.csv"",""source_rows"":""3139"",""classification"":""heuristic""}"
medication,RX Synotic Otic 8ml,RX Synotic Otic 8ml,evh-medications,true,1,0.93,"{""source_system"":""stockroom"",""source_file"":""Stockroom \u00b7 Instinct Stockroom.csv"",""source_rows"":""3139"",""classification"":""heuristic""}"
medication,RX Telmisartan 20mg TAB 30ct,RX Telmisartan 20mg TAB 30ct,evh-medications,true,1,0.93,"{""source_system"":""stockroom"",""source_file"":""Stockroom \u00b7 Instinct Stockroom.csv"",""source_rows"":""3139"",""classification"":""heuristic""}"
medication,RX Telmisartan 40mg TAB 30ct,RX Telmisartan 40mg TAB 30ct,evh-medications,true,1,0.93,"{""source_system"":""stockroom"",""source_file"":""Stockroom \u00b7 Instinct Stockroom.csv"",""source_rows"":""3139"",""classification"":""heuristic""}"
medication,RX Temaril - P TAB,RX Temaril - P TAB,evh-medications,true,1,0.93,"{""source_system"":""stockroom"",""source_file"":""Stockroom \u00b7 Instinct Stockroom.csv"",""source_rows"":""3139"",""classification"":""heuristic""}"
medication,RX Tendon/Ligament 200 ct. CAP,RX Tendon/Ligament 200 ct. CAP,evh-medications,true,1,0.93,"{""source_system"":""stockroom"",""source_file"":""Stockroom \u00b7 Instinct Stockroom.csv"",""source_rows"":""3139"",""classification"":""heuristic""}"
medication,RX Tendon/Ligament Powder 200g,RX Tendon/Ligament Powder 200g,evh-medications,true,1,0.93,"{""source_system"":""stockroom"",""source_file"":""Stockroom \u00b7 Instinct Stockroom.csv"",""source_rows"":""3139"",""classification"":""heuristic""}"
medication,RX Terbinafine 250mg TAB,RX Terbinafine 250mg TAB,evh-medications,true,1,0.93,"{""source_system"":""stockroom"",""source_file"":""Stockroom \u00b7 Instinct Stockroom.csv"",""source_rows"":""3139"",""classification"":""heuristic""}"
medication,RX Terramycin Opthalmic Ointment,RX Terramycin Opthalmic Ointment,evh-medications,true,1,0.93,"{""source_system"":""stockroom"",""source_file"":""Stockroom \u00b7 Instinct Stockroom.csv"",""source_rows"":""3139"",""classification"":""heuristic""}"
medication,RX Tobramycin 0.3% Opth. Sol. (5ml),RX Tobramycin 0.3% Opth. Sol. (5ml),evh-medications,true,1,0.93,"{""source_system"":""stockroom"",""source_file"":""Stockroom \u00b7 Instinct Stockroom.csv"",""source_rows"":""3139"",""classification"":""heuristic""}"
medication,RX Trazodone 100 mg TAB,RX Trazodone 100 mg TAB,evh-medications,true,1,0.93,"{""source_system"":""stockroom"",""source_file"":""Stockroom \u00b7 Instinct Stockroom.csv"",""source_rows"":""3139"",""classification"":""heuristic""}"
medication,RX Trazodone 50 mg TAB,RX Trazodone 50 mg TAB,evh-medications,true,1,0.93,"{""source_system"":""stockroom"",""source_file"":""Stockroom \u00b7 Instinct Stockroom.csv"",""source_rows"":""3139"",""classification"":""heuristic""}"
medication,RX TrizEDTA 4oz + Baytril 12ml OTIC,RX TrizEDTA 4oz + Baytril 12ml OTIC,evh-medications,true,1,0.93,"{""source_system"":""stockroom"",""source_file"":""Stockroom \u00b7 Instinct Stockroom.csv"",""source_rows"":""3139"",""classification"":""heuristic""}"
medication,RX TrizUltra Keto 4oz + Baytril 12ml OTIC,RX TrizUltra Keto 4oz + Baytril 12ml OTIC,evh-medications,true,1,0.93,"{""source_system"":""stockroom"",""source_file"":""Stockroom \u00b7 Instinct Stockroom.csv"",""source_rows"":""3139"",""classification"":""heuristic""}"
medication,RX VC No Scoot Soft Chews 65ct,RX VC No Scoot Soft Chews 65ct,evh-medications,true,1,0.93,"{""source_system"":""stockroom"",""source_file"":""Stockroom \u00b7 Instinct Stockroom.csv"",""source_rows"":""3139"",""classification"":""heuristic""}"
medication,RX VC Stop Stool Eating Plus Soft Chew 90ct,RX VC Stop Stool Eating Plus Soft Chew 90ct,evh-medications,true,1,0.93,"{""source_system"":""stockroom"",""source_file"":""Stockroom \u00b7 Instinct Stockroom.csv"",""source_rows"":""3139"",""classification"":""heuristic""}"
medication,RX VC Stress Away Chew Tabs 30ct,RX VC Stress Away Chew Tabs 30ct,evh-medications,true,1,0.93,"{""source_system"":""stockroom"",""source_file"":""Stockroom \u00b7 Instinct Stockroom.csv"",""source_rows"":""3139"",""classification"":""heuristic""}"
medication,RX VC Stress Away Chews 65ct,RX VC Stress Away Chews 65ct,evh-medications,true,1,0.93,"{""source_system"":""stockroom"",""source_file"":""Stockroom \u00b7 Instinct Stockroom.csv"",""source_rows"":""3139"",""classification"":""heuristic""}"
medication,RX VC Tear Stain Soft Chews 65ct,RX VC Tear Stain Soft Chews 65ct,evh-medications,true,1,0.93,"{""source_system"":""stockroom"",""source_file"":""Stockroom \u00b7 Instinct Stockroom.csv"",""source_rows"":""3139"",""classification"":""heuristic""}"
medication,RX Veraflox (Pradofloxacin) Cat Oral Suspension 15ml (25mg/mL),RX Veraflox (Pradofloxacin) Cat Oral Suspension 15ml (25mg/mL),evh-medications,true,1,0.93,"{""source_system"":""stockroom"",""source_file"":""Stockroom \u00b7 Instinct Stockroom.csv"",""source_rows"":""3139"",""classification"":""heuristic""}"
medication,RX Vetmedin 1.25mg TAB (50Ct),RX Vetmedin 1.25mg TAB (50Ct),evh-medications,true,1,0.93,"{""source_system"":""stockroom"",""source_file"":""Stockroom \u00b7 Instinct Stockroom.csv"",""source_rows"":""3139"",""classification"":""heuristic""}"
medication,RX Vetmedin 10mg TAB (50ct),RX Vetmedin 10mg TAB (50ct),evh-medications,true,1,0.93,"{""source_system"":""stockroom"",""source_file"":""Stockroom \u00b7 Instinct Stockroom.csv"",""source_rows"":""3139"",""classification"":""heuristic""}"
medication,RX Vetmedin 2.5mg TAB (50ct),RX Vetmedin 2.5mg TAB (50ct),evh-medications,true,1,0.93,"{""source_system"":""stockroom"",""source_file"":""Stockroom \u00b7 Instinct Stockroom.csv"",""source_rows"":""3139"",""classification"":""heuristic""}"
medication,RX Vetmedin 5mg TAB (50ct),RX Vetmedin 5mg TAB (50ct),evh-medications,true,1,0.93,"{""source_system"":""stockroom"",""source_file"":""Stockroom \u00b7 Instinct Stockroom.csv"",""source_rows"":""3139"",""classification"":""heuristic""}"
medication,RX Vetri Science Cardio Pro 60ct Chew,RX Vetri Science Cardio Pro 60ct Chew,evh-medications,true,1,0.93,"{""source_system"":""stockroom"",""source_file"":""Stockroom \u00b7 Instinct Stockroom.csv"",""source_rows"":""3139"",""classification"":""heuristic""}"
medication,RX Vetri Science Composure Pro 60 ct. Chew,RX Vetri Science Composure Pro 60 ct. Chew,evh-medications,true,1,0.93,"{""source_system"":""stockroom"",""source_file"":""Stockroom \u00b7 Instinct Stockroom.csv"",""source_rows"":""3139"",""classification"":""heuristic""}"
medication,RX Vetri Science Hepaticlear Pro 60ct Chew,RX Vetri Science Hepaticlear Pro 60ct Chew,evh-medications,true,1,0.93,"{""source_system"":""stockroom"",""source_file"":""Stockroom \u00b7 Instinct Stockroom.csv"",""source_rows"":""3139"",""classification"":""heuristic""}"
medication,RX Viralys Powder 100gm,RX Viralys Powder 100gm,evh-medications,true,1,0.93,"{""source_system"":""stockroom"",""source_file"":""Stockroom \u00b7 Instinct Stockroom.csv"",""source_rows"":""3139"",""classification"":""heuristic""}"
medication,RX Virbantel 114mg (Large 25-200#) TAB,RX Virbantel 114mg (Large 25-200#) TAB,evh-medications,true,1,0.93,"{""source_system"":""stockroom"",""source_file"":""Stockroom \u00b7 Instinct Stockroom.csv"",""source_rows"":""3139"",""classification"":""heuristic""}"
medication,RX Virbantel 30mg (Small 1-25#) TAB,RX Virbantel 30mg (Small 1-25#) TAB,evh-medications,true,1,0.93,"{""source_system"":""stockroom"",""source_file"":""Stockroom \u00b7 Instinct Stockroom.csv"",""source_rows"":""3139"",""classification"":""heuristic""}"
medication,RX Vitamin K1 25mg (Chew) TAB,RX Vitamin K1 25mg (Chew) TAB,evh-medications,true,1,0.93,"{""source_system"":""stockroom"",""source_file"":""Stockroom \u00b7 Instinct Stockroom.csv"",""source_rows"":""3139"",""classification"":""heuristic""}"
medication,RX Vitamin K1 50mg (Chew) TAB,RX Vitamin K1 50mg (Chew) TAB,evh-medications,true,1,0.93,"{""source_system"":""stockroom"",""source_file"":""Stockroom \u00b7 Instinct Stockroom.csv"",""source_rows"":""3139"",""classification"":""heuristic""}"
medication,RX VS Renal Essentials Pro Chew 60ct,RX VS Renal Essentials Pro Chew 60ct,evh-medications,true,1,0.93,"{""source_system"":""stockroom"",""source_file"":""Stockroom \u00b7 Instinct Stockroom.csv"",""source_rows"":""3139"",""classification"":""heuristic""}"
medication,RX Wei Qi Booster 0.5g 200ct CAP,RX Wei Qi Booster 0.5g 200ct CAP,evh-medications,true,1,0.93,"{""source_system"":""stockroom"",""source_file"":""Stockroom \u00b7 Instinct Stockroom.csv"",""source_rows"":""3139"",""classification"":""heuristic""}"
medication,RX Wei Qi Booster Powder 200g,RX Wei Qi Booster Powder 200g,evh-medications,true,1,0.93,"{""source_system"":""stockroom"",""source_file"":""Stockroom \u00b7 Instinct Stockroom.csv"",""source_rows"":""3139"",""classification"":""heuristic""}"
medication,RX Wei Qi Booster Teapill 180mg 200ct,RX Wei Qi Booster Teapill 180mg 200ct,evh-medications,true,1,0.93,"{""source_system"":""stockroom"",""source_file"":""Stockroom \u00b7 Instinct Stockroom.csv"",""source_rows"":""3139"",""classification"":""heuristic""}"
medication,RX Wen Dan Tang Wan Teapills (200ct) TAB,RX Wen Dan Tang Wan Teapills (200ct) TAB,evh-medications,true,1,0.93,"{""source_system"":""stockroom"",""source_file"":""Stockroom \u00b7 Instinct Stockroom.csv"",""source_rows"":""3139"",""classification"":""heuristic""}"
medication,RX Xiang Lian Wan (200ct) TAB,RX Xiang Lian Wan (200ct) TAB,evh-medications,true,1,0.93,"{""source_system"":""stockroom"",""source_file"":""Stockroom \u00b7 Instinct Stockroom.csv"",""source_rows"":""3139"",""classification"":""heuristic""}"
medication,RX Xue Fu Zhu Yu 180mg (200ct) TAB,RX Xue Fu Zhu Yu 180mg (200ct) TAB,evh-medications,true,1,0.93,"{""source_system"":""stockroom"",""source_file"":""Stockroom \u00b7 Instinct Stockroom.csv"",""source_rows"":""3139"",""classification"":""heuristic""}"
medication,RX Yang Yin Xi Feng 0.5mg CAP 200ct,RX Yang Yin Xi Feng 0.5mg CAP 200ct,evh-medications,true,1,0.93,"{""source_system"":""stockroom"",""source_file"":""Stockroom \u00b7 Instinct Stockroom.csv"",""source_rows"":""3139"",""classification"":""heuristic""}"
medication,RX Yunnan Bai Yao 4g powder,RX Yunnan Bai Yao 4g powder,evh-medications,true,1,0.93,"{""source_system"":""stockroom"",""source_file"":""Stockroom \u00b7 Instinct Stockroom.csv"",""source_rows"":""3139"",""classification"":""heuristic""}"
medication,RX Yunnan Bai Yao Spray,RX Yunnan Bai Yao Spray,evh-medications,true,1,0.93,"{""source_system"":""stockroom"",""source_file"":""Stockroom \u00b7 Instinct Stockroom.csv"",""source_rows"":""3139"",""classification"":""heuristic""}"
medication,RX Zheng Gu Shui (Massage Tinture) 100ml,RX Zheng Gu Shui (Massage Tinture) 100ml,evh-medications,true,1,0.93,"{""source_system"":""stockroom"",""source_file"":""Stockroom \u00b7 Instinct Stockroom.csv"",""source_rows"":""3139"",""classification"":""heuristic""}"
medication,Silver Sulfadiazine 1% 400gm (IH Only),Silver Sulfadiazine 1% 400gm (IH Only),evh-medications,true,1,0.93,"{""source_system"":""stockroom"",""source_file"":""Stockroom \u00b7 Instinct Stockroom.csv"",""source_rows"":""3139"",""classification"":""heuristic""}"
medication,Small Animal Blood Collection Set 100 ml,Small Animal Blood Collection Set 100 ml,evh-medications,true,1,0.93,"{""source_system"":""stockroom"",""source_file"":""Stockroom \u00b7 Instinct Stockroom.csv"",""source_rows"":""3139"",""classification"":""heuristic""}"
medication,Sodium Bicarb 8.4% INJ (1mEq/mL),Sodium Bicarb 8.4% INJ (1mEq/mL),evh-medications,true,1,0.93,"{""source_system"":""stockroom"",""source_file"":""Stockroom \u00b7 Instinct Stockroom.csv"",""source_rows"":""3139"",""classification"":""heuristic""}"
medication,Solensia 7mg 1ml Vial,Solensia 7mg 1ml Vial,evh-medications,true,1,0.93,"{""source_system"":""stockroom"",""source_file"":""Stockroom \u00b7 Instinct Stockroom.csv"",""source_rows"":""3139"",""classification"":""heuristic""}"
medication,Stain Urine Sediment  15 ml,Stain Urine Sediment  15 ml,evh-medications,true,1,0.93,"{""source_system"":""stockroom"",""source_file"":""Stockroom \u00b7 Instinct Stockroom.csv"",""source_rows"":""3139"",""classification"":""heuristic""}"
medication,Stelfonta 1mg/ml 2 ml Vial INJ,Stelfonta 1mg/ml 2 ml Vial INJ,evh-medications,true,1,0.93,"{""source_system"":""stockroom"",""source_file"":""Stockroom \u00b7 Instinct Stockroom.csv"",""source_rows"":""3139"",""classification"":""heuristic""}"
medication,Sterile Dispensing Bottles (15 ml),Sterile Dispensing Bottles (15 ml),evh-medications,true,1,0.93,"{""source_system"":""stockroom"",""source_file"":""Stockroom \u00b7 Instinct Stockroom.csv"",""source_rows"":""3139"",""classification"":""heuristic""}"
medication,Sterile Water for Injection 10ml Vial,Sterile Water for Injection 10ml Vial,evh-medications,true,1,0.93,"{""source_system"":""stockroom"",""source_file"":""Stockroom \u00b7 Instinct Stockroom.csv"",""source_rows"":""3139"",""classification"":""heuristic""}"
medication,Stop Canine Rabies,Stop Canine Rabies,evh-medications,true,1,0.93,"{""source_system"":""stockroom"",""source_file"":""Stockroom \u00b7 Instinct Stockroom.csv"",""source_rows"":""3139"",""classification"":""heuristic""}"
medication,Stop Cytopoint,Stop Cytopoint,evh-medications,true,1,0.93,"{""source_system"":""stockroom"",""source_file"":""Stockroom \u00b7 Instinct Stockroom.csv"",""source_rows"":""3139"",""classification"":""heuristic""}"
medication,Stop Feline Rabies,Stop Feline Rabies,evh-medications,true,1,0.93,"{""source_system"":""stockroom"",""source_file"":""Stockroom \u00b7 Instinct Stockroom.csv"",""source_rows"":""3139"",""classification"":""heuristic""}"
medication,Stop Proheart,Stop Proheart,evh-medications,true,1,0.93,"{""source_system"":""stockroom"",""source_file"":""Stockroom \u00b7 Instinct Stockroom.csv"",""source_rows"":""3139"",""classification"":""heuristic""}"
medication,Sugar Cookie Body Spray 4 oz,Sugar Cookie Body Spray 4 oz,evh-medications,true,1,0.93,"{""source_system"":""stockroom"",""source_file"":""Stockroom \u00b7 Instinct Stockroom.csv"",""source_rows"":""3139"",""classification"":""heuristic""}"
medication,Sugar Cookie Body Spray 8oz,Sugar Cookie Body Spray 8oz,evh-medications,true,1,0.93,"{""source_system"":""stockroom"",""source_file"":""Stockroom \u00b7 Instinct Stockroom.csv"",""source_rows"":""3139"",""classification"":""heuristic""}"
medication,Superficial Keratotomy ( Eye ),Superficial Keratotomy ( Eye ),evh-medications,true,1,0.93,"{""source_system"":""stockroom"",""source_file"":""Stockroom \u00b7 Instinct Stockroom.csv"",""source_rows"":""3139"",""classification"":""heuristic""}"
medication,Sweet Pea & Vanilla Body Spray 4 oz,Sweet Pea & Vanilla Body Spray 4 oz,evh-medications,true,1,0.93,"{""source_system"":""stockroom"",""source_file"":""Stockroom \u00b7 Instinct Stockroom.csv"",""source_rows"":""3139"",""classification"":""heuristic""}"
medication,Sweet Pea Body Spray 8oz,Sweet Pea Body Spray 8oz,evh-medications,true,1,0.93,"{""source_system"":""stockroom"",""source_file"":""Stockroom \u00b7 Instinct Stockroom.csv"",""source_rows"":""3139"",""classification"":""heuristic""}"
medication,TCELL Cream Refill,TCELL Cream Refill,evh-medications,true,1,0.93,"{""source_system"":""stockroom"",""source_file"":""Stockroom \u00b7 Instinct Stockroom.csv"",""source_rows"":""3139"",""classification"":""heuristic""}"
medication,Texas A&M Phenobarbital Levels,Texas A&M Phenobarbital Levels,evh-medications,true,1,0.93,"{""source_system"":""stockroom"",""source_file"":""Stockroom \u00b7 Instinct Stockroom.csv"",""source_rows"":""3139"",""classification"":""heuristic""}"
medication,Toxiban Suspension,Toxiban Suspension,evh-medications,true,1,0.93,"{""source_system"":""stockroom"",""source_file"":""Stockroom \u00b7 Instinct Stockroom.csv"",""source_rows"":""3139"",""classification"":""heuristic""}"
medication,Triamcinolone ( Kenalog ) 10mg/ml INJ,Triamcinolone ( Kenalog ) 10mg/ml INJ,evh-medications,true,1,0.93,"{""source_system"":""stockroom"",""source_file"":""Stockroom \u00b7 Instinct Stockroom.csv"",""source_rows"":""3139"",""classification"":""heuristic""}"
medication,Vaccine Panel by SVN/HI—Canine Titer,Vaccine Panel by SVN/HI—Canine Titer,evh-medications,true,1,0.93,"{""source_system"":""stockroom"",""source_file"":""Stockroom \u00b7 Instinct Stockroom.csv"",""source_rows"":""3139"",""classification"":""heuristic""}"
medication,Vanilla Musk Spray,Vanilla Musk Spray,evh-medications,true,1,0.93,"{""source_system"":""stockroom"",""source_file"":""Stockroom \u00b7 Instinct Stockroom.csv"",""source_rows"":""3139"",""classification"":""heuristic""}"
medication,VC Yuck No Chew Spray,VC Yuck No Chew Spray,evh-medications,true,1,0.93,"{""source_system"":""stockroom"",""source_file"":""Stockroom \u00b7 Instinct Stockroom.csv"",""source_rows"":""3139"",""classification"":""heuristic""}"
medication,Venom Vet 10 ml Vial,Venom Vet 10 ml Vial,evh-medications,true,1,0.93,"{""source_system"":""stockroom"",""source_file"":""Stockroom \u00b7 Instinct Stockroom.csv"",""source_rows"":""3139"",""classification"":""heuristic""}"
medication,Vet Kem Yard Spray Siphotrol,Vet Kem Yard Spray Siphotrol,evh-medications,true,1,0.93,"{""source_system"":""stockroom"",""source_file"":""Stockroom \u00b7 Instinct Stockroom.csv"",""source_rows"":""3139"",""classification"":""heuristic""}"
medication,Vetera Gold + VEE Equine Vaccine,Vetera Gold + VEE Equine Vaccine,evh-medications,true,1,0.93,"{""source_system"":""stockroom"",""source_file"":""Stockroom \u00b7 Instinct Stockroom.csv"",""source_rows"":""3139"",""classification"":""heuristic""}"
medication,Vetera Gold Horse Vaccine,Vetera Gold Horse Vaccine,evh-medications,true,1,0.93,"{""source_system"":""stockroom"",""source_file"":""Stockroom \u00b7 Instinct Stockroom.csv"",""source_rows"":""3139"",""classification"":""heuristic""}"
medication,Vetscan Canine Flex 4 Rapid Test,Vetscan Canine Flex 4 Rapid Test,evh-medications,true,1,0.93,"{""source_system"":""stockroom"",""source_file"":""Stockroom \u00b7 Instinct Stockroom.csv"",""source_rows"":""3139"",""classification"":""heuristic""}"
medication,VetScan Canine Wellness Profile plus HW,VetScan Canine Wellness Profile plus HW,evh-medications,true,1,0.93,"{""source_system"":""stockroom"",""source_file"":""Stockroom \u00b7 Instinct Stockroom.csv"",""source_rows"":""3139"",""classification"":""heuristic""}"
medication,VetScan Comprehensive Diagnostic Profile,VetScan Comprehensive Diagnostic Profile,evh-medications,true,1,0.93,"{""source_system"":""stockroom"",""source_file"":""Stockroom \u00b7 Instinct Stockroom.csv"",""source_rows"":""3139"",""classification"":""heuristic""}"
medication,VetScan Critical Care Plus,VetScan Critical Care Plus,evh-medications,true,1,0.93,"{""source_system"":""stockroom"",""source_file"":""Stockroom \u00b7 Instinct Stockroom.csv"",""source_rows"":""3139"",""classification"":""heuristic""}"
medication,VetScan Electrolyte Plus,VetScan Electrolyte Plus,evh-medications,true,1,0.93,"{""source_system"":""stockroom"",""source_file"":""Stockroom \u00b7 Instinct Stockroom.csv"",""source_rows"":""3139"",""classification"":""heuristic""}"
medication,VetScan Kidney Profile Plus,VetScan Kidney Profile Plus,evh-medications,true,1,0.93,"{""source_system"":""stockroom"",""source_file"":""Stockroom \u00b7 Instinct Stockroom.csv"",""source_rows"":""3139"",""classification"":""heuristic""}"
medication,Vetscan Mammalian Liver Profile,Vetscan Mammalian Liver Profile,evh-medications,true,1,0.93,"{""source_system"":""stockroom"",""source_file"":""Stockroom \u00b7 Instinct Stockroom.csv"",""source_rows"":""3139"",""classification"":""heuristic""}"
medication,VetScan Phenobarbital Chemistry Profile,VetScan Phenobarbital Chemistry Profile,evh-medications,true,1,0.93,"{""source_system"":""stockroom"",""source_file"":""Stockroom \u00b7 Instinct Stockroom.csv"",""source_rows"":""3139"",""classification"":""heuristic""}"
medication,VetScan Prep Profile II,VetScan Prep Profile II,evh-medications,true,1,0.93,"{""source_system"":""stockroom"",""source_file"":""Stockroom \u00b7 Instinct Stockroom.csv"",""source_rows"":""3139"",""classification"":""heuristic""}"
medication,Vetscan T4/Cholesterol,Vetscan T4/Cholesterol,evh-medications,true,1,0.93,"{""source_system"":""stockroom"",""source_file"":""Stockroom \u00b7 Instinct Stockroom.csv"",""source_rows"":""3139"",""classification"":""heuristic""}"
medication,VetScan VSPro PT/APTT Combo Test,VetScan VSPro PT/APTT Combo Test,evh-medications,true,1,0.93,"{""source_system"":""stockroom"",""source_file"":""Stockroom \u00b7 Instinct Stockroom.csv"",""source_rows"":""3139"",""classification"":""heuristic""}"
medication,Vetstarch 250ml INJ,Vetstarch 250ml INJ,evh-medications,true,1,0.93,"{""source_system"":""stockroom"",""source_file"":""Stockroom \u00b7 Instinct Stockroom.csv"",""source_rows"":""3139"",""classification"":""heuristic""}"
medication,Vetsulin Syringes 1ml/ Canine,Vetsulin Syringes 1ml/ Canine,evh-medications,true,1,0.93,"{""source_system"":""stockroom"",""source_file"":""Stockroom \u00b7 Instinct Stockroom.csv"",""source_rows"":""3139"",""classification"":""heuristic""}"
medication,Vinblastine 1mg/ml INJ,Vinblastine 1mg/ml INJ,evh-medications,true,1,0.93,"{""source_system"":""stockroom"",""source_file"":""Stockroom \u00b7 Instinct Stockroom.csv"",""source_rows"":""3139"",""classification"":""heuristic""}"
medication,Vincristine 1mg/ml INJ,Vincristine 1mg/ml INJ,evh-medications,true,1,0.93,"{""source_system"":""stockroom"",""source_file"":""Stockroom \u00b7 Instinct Stockroom.csv"",""source_rows"":""3139"",""classification"":""heuristic""}"
medication,Vinorelbine 10mg/ml INJ,Vinorelbine 10mg/ml INJ,evh-medications,true,1,0.93,"{""source_system"":""stockroom"",""source_file"":""Stockroom \u00b7 Instinct Stockroom.csv"",""source_rows"":""3139"",""classification"":""heuristic""}"
medication,Vitamin B Complex INJ,Vitamin B Complex INJ,evh-medications,true,1,0.93,"{""source_system"":""stockroom"",""source_file"":""Stockroom \u00b7 Instinct Stockroom.csv"",""source_rows"":""3139"",""classification"":""heuristic""}"
medication,Vitamin B-12 5000mcg/ml,Vitamin B-12 5000mcg/ml,evh-medications,true,1,0.93,"{""source_system"":""stockroom"",""source_file"":""Stockroom \u00b7 Instinct Stockroom.csv"",""source_rows"":""3139"",""classification"":""heuristic""}"
medication,Vitamin B12 1000mcg/ml INJ,Vitamin B12 1000mcg/ml INJ,evh-medications,true,1,0.93,"{""source_system"":""stockroom"",""source_file"":""Stockroom \u00b7 Instinct Stockroom.csv"",""source_rows"":""3139"",""classification"":""heuristic""}"
medication,Vitamin C INJ (250mg/mL),Vitamin C INJ (250mg/mL),evh-medications,true,1,0.93,"{""source_system"":""stockroom"",""source_file"":""Stockroom \u00b7 Instinct Stockroom.csv"",""source_rows"":""3139"",""classification"":""heuristic""}"
medication,Vitamin K-1 100ml INJ (10mg/mL),Vitamin K-1 100ml INJ (10mg/mL),evh-medications,true,1,0.93,"{""source_system"":""stockroom"",""source_file"":""Stockroom \u00b7 Instinct Stockroom.csv"",""source_rows"":""3139"",""classification"":""heuristic""}"
medication,Walpole's Solution INJ,Walpole's Solution INJ,evh-medications,true,1,0.93,"{""source_system"":""stockroom"",""source_file"":""Stockroom \u00b7 Instinct Stockroom.csv"",""source_rows"":""3139"",""classification"":""heuristic""}"
medication,Zycortal Suspension 25mg/ml 4ml,Zycortal Suspension 25mg/ml 4ml,evh-medications,true,1,0.93,"{""source_system"":""stockroom"",""source_file"":""Stockroom \u00b7 Instinct Stockroom.csv"",""source_rows"":""3139"",""classification"":""heuristic""}"
medication,🏡OM Acepromazine 25mg TAB,🏡OM Acepromazine 25mg TAB,evh-medications,true,1,0.93,"{""source_system"":""stockroom"",""source_file"":""Stockroom \u00b7 Instinct Stockroom.csv"",""source_rows"":""3139"",""classification"":""heuristic""}"
medication,🏡OM Acne Med. Benzoyl Per. Gel 5% 1.5oz,🏡OM Acne Med. Benzoyl Per. Gel 5% 1.5oz,evh-medications,true,1,0.93,"{""source_system"":""stockroom"",""source_file"":""Stockroom \u00b7 Instinct Stockroom.csv"",""source_rows"":""3139"",""classification"":""heuristic""}"
medication,🏡OM Acyclovir 400mg TAB,🏡OM Acyclovir 400mg TAB,evh-medications,true,1,0.93,"{""source_system"":""stockroom"",""source_file"":""Stockroom \u00b7 Instinct Stockroom.csv"",""source_rows"":""3139"",""classification"":""heuristic""}"
medication,🏡OM Aluminum Hydroxide Gel Powder 40 Dram,🏡OM Aluminum Hydroxide Gel Powder 40 Dram,evh-medications,true,1,0.93,"{""source_system"":""stockroom"",""source_file"":""Stockroom \u00b7 Instinct Stockroom.csv"",""source_rows"":""3139"",""classification"":""heuristic""}"
medication,🏡OM Amantadine Oral Solution 50mg/5ml (10mg/mL),🏡OM Amantadine Oral Solution 50mg/5ml (10mg/mL),evh-medications,true,1,0.93,"{""source_system"":""stockroom"",""source_file"":""Stockroom \u00b7 Instinct Stockroom.csv"",""source_rows"":""3139"",""classification"":""heuristic""}"
medication,🏡OM Amlodipine 2.5 mg TAB,🏡OM Amlodipine 2.5 mg TAB,evh-medications,true,1,0.93,"{""source_system"":""stockroom"",""source_file"":""Stockroom \u00b7 Instinct Stockroom.csv"",""source_rows"":""3139"",""classification"":""heuristic""}"
medication,🏡OM Amlodipine 5mg TAB,🏡OM Amlodipine 5mg TAB,evh-medications,true,1,0.93,"{""source_system"":""stockroom"",""source_file"":""Stockroom \u00b7 Instinct Stockroom.csv"",""source_rows"":""3139"",""classification"":""heuristic""}"
medication,🏡OM Amoxi Drops 30ml (50mg/mL),🏡OM Amoxi Drops 30ml (50mg/mL),evh-medications,true,1,0.93,"{""source_system"":""stockroom"",""source_file"":""Stockroom \u00b7 Instinct Stockroom.csv"",""source_rows"":""3139"",""classification"":""heuristic""}"
medication,🏡OM Amoxi-drops 15ml (50mg/mL),🏡OM Amoxi-drops 15ml (50mg/mL),evh-medications,true,1,0.93,"{""source_system"":""stockroom"",""source_file"":""Stockroom \u00b7 Instinct Stockroom.csv"",""source_rows"":""3139"",""classification"":""heuristic""}"
medication,🏡OM Amoxicillin 250mg CAP,🏡OM Amoxicillin 250mg CAP,evh-medications,true,1,0.93,"{""source_system"":""stockroom"",""source_file"":""Stockroom \u00b7 Instinct Stockroom.csv"",""source_rows"":""3139"",""classification"":""heuristic""}"
medication,🏡OM Amoxicillin 500mg CAP,🏡OM Amoxicillin 500mg CAP,evh-medications,true,1,0.93,"{""source_system"":""stockroom"",""source_file"":""Stockroom \u00b7 Instinct Stockroom.csv"",""source_rows"":""3139"",""classification"":""heuristic""}"
medication,🏡OM Amoxicillin/Clav. ( Betacillin ) 15 ml (62.5mg/mL),🏡OM Amoxicillin/Clav. ( Betacillin ) 15 ml (62.5mg/mL),evh-medications,true,1,0.93,"{""source_system"":""stockroom"",""source_file"":""Stockroom \u00b7 Instinct Stockroom.csv"",""source_rows"":""3139"",""classification"":""heuristic""}"
medication,🏡OM Amoxicillin/Clavulanate 125mg TAB,🏡OM Amoxicillin/Clavulanate 125mg TAB,evh-medications,true,1,0.93,"{""source_system"":""stockroom"",""source_file"":""Stockroom \u00b7 Instinct Stockroom.csv"",""source_rows"":""3139"",""classification"":""heuristic""}"
medication,🏡OM Amoxicillin/Clavulanate 375mg TAB,🏡OM Amoxicillin/Clavulanate 375mg TAB,evh-medications,true,1,0.93,"{""source_system"":""stockroom"",""source_file"":""Stockroom \u00b7 Instinct Stockroom.csv"",""source_rows"":""3139"",""classification"":""heuristic""}"
medication,🏡OM Animax Ointment 15 ml,🏡OM Animax Ointment 15 ml,evh-medications,true,1,0.93,"{""source_system"":""stockroom"",""source_file"":""Stockroom \u00b7 Instinct Stockroom.csv"",""source_rows"":""3139"",""classification"":""heuristic""}"
medication,🏡OM Animax Ointment 30 ml,🏡OM Animax Ointment 30 ml,evh-medications,true,1,0.93,"{""source_system"":""stockroom"",""source_file"":""Stockroom \u00b7 Instinct Stockroom.csv"",""source_rows"":""3139"",""classification"":""heuristic""}"
medication,🏡OM Apoquel 16mg TAB,🏡OM Apoquel 16mg TAB,evh-medications,true,1,0.93,"{""source_system"":""stockroom"",""source_file"":""Stockroom \u00b7 Instinct Stockroom.csv"",""source_rows"":""3139"",""classification"":""heuristic""}"
medication,🏡OM Apoquel 3.6mg TAB,🏡OM Apoquel 3.6mg TAB,evh-medications,true,1,0.93,"{""source_system"":""stockroom"",""source_file"":""Stockroom \u00b7 Instinct Stockroom.csv"",""source_rows"":""3139"",""classification"":""heuristic""}"
medication,🏡OM Apoquel 5.4mg TAB,🏡OM Apoquel 5.4mg TAB,evh-medications,true,1,0.93,"{""source_system"":""stockroom"",""source_file"":""Stockroom \u00b7 Instinct Stockroom.csv"",""source_rows"":""3139"",""classification"":""heuristic""}"
medication,🏡OM Artificial Tears 3.5g,🏡OM Artificial Tears 3.5g,evh-medications,true,1,0.93,"{""source_system"":""stockroom"",""source_file"":""Stockroom \u00b7 Instinct Stockroom.csv"",""source_rows"":""3139"",""classification"":""heuristic""}"
medication,🏡OM Atopica (Cycloporine) 50mg CAP,🏡OM Atopica (Cycloporine) 50mg CAP,evh-medications,true,1,0.93,"{""source_system"":""stockroom"",""source_file"":""Stockroom \u00b7 Instinct Stockroom.csv"",""source_rows"":""3139"",""classification"":""heuristic""}"
medication,🏡OM Atopica (Cyclosporine) 100 mg CAP,🏡OM Atopica (Cyclosporine) 100 mg CAP,evh-medications,true,1,0.93,"{""source_system"":""stockroom"",""source_file"":""Stockroom \u00b7 Instinct Stockroom.csv"",""source_rows"":""3139"",""classification"":""heuristic""}"
medication,🏡OM Atopica (Cyclosporine) 25mg CAP,🏡OM Atopica (Cyclosporine) 25mg CAP,evh-medications,true,1,0.93,"{""source_system"":""stockroom"",""source_file"":""Stockroom \u00b7 Instinct Stockroom.csv"",""source_rows"":""3139"",""classification"":""heuristic""}"
medication,🏡OM Atopica/Cats 100mg/ml 17ml Vial,🏡OM Atopica/Cats 100mg/ml 17ml Vial,evh-medications,true,1,0.93,"{""source_system"":""stockroom"",""source_file"":""Stockroom \u00b7 Instinct Stockroom.csv"",""source_rows"":""3139"",""classification"":""heuristic""}"
medication,🏡OM Atopica/Cats 100mg/ml 5ml Vial,🏡OM Atopica/Cats 100mg/ml 5ml Vial,evh-medications,true,1,0.93,"{""source_system"":""stockroom"",""source_file"":""Stockroom \u00b7 Instinct Stockroom.csv"",""source_rows"":""3139"",""classification"":""heuristic""}"
medication,🏡OM Atropine Eye Ointment 1% 3.5gm,🏡OM Atropine Eye Ointment 1% 3.5gm,evh-medications,true,1,0.93,"{""source_system"":""stockroom"",""source_file"":""Stockroom \u00b7 Instinct Stockroom.csv"",""source_rows"":""3139"",""classification"":""heuristic""}"
medication,🏡OM Atropine Sulfate 1% Solution (opht.),🏡OM Atropine Sulfate 1% Solution (opht.),evh-medications,true,1,0.93,"{""source_system"":""stockroom"",""source_file"":""Stockroom \u00b7 Instinct Stockroom.csv"",""source_rows"":""3139"",""classification"":""heuristic""}"
medication,🏡OM Azithromycin 250mg TAB 30ct.,🏡OM Azithromycin 250mg TAB 30ct.,evh-medications,true,1,0.93,"{""source_system"":""stockroom"",""source_file"":""Stockroom \u00b7 Instinct Stockroom.csv"",""source_rows"":""3139"",""classification"":""heuristic""}"
medication,🏡OM Azithromycin Susp 200mg/5 ml (40mg/mL) (30cc),🏡OM Azithromycin Susp 200mg/5 ml (40mg/mL) (30cc),evh-medications,true,1,0.93,"{""source_system"":""stockroom"",""source_file"":""Stockroom \u00b7 Instinct Stockroom.csv"",""source_rows"":""3139"",""classification"":""heuristic""}"
medication,🏡OM Azodyl Small CAP (Kidney Supplement),🏡OM Azodyl Small CAP (Kidney Supplement),evh-medications,true,1,0.93,"{""source_system"":""stockroom"",""source_file"":""Stockroom \u00b7 Instinct Stockroom.csv"",""source_rows"":""3139"",""classification"":""heuristic""}"
medication,🏡OM Benazepril 5mg Tab,🏡OM Benazepril 5mg Tab,evh-medications,true,1,0.93,"{""source_system"":""stockroom"",""source_file"":""Stockroom \u00b7 Instinct Stockroom.csv"",""source_rows"":""3139"",""classification"":""heuristic""}"
medication,🏡OM Bladder Support Soft Chews 60 count,🏡OM Bladder Support Soft Chews 60 count,evh-medications,true,1,0.93,"{""source_system"":""stockroom"",""source_file"":""Stockroom \u00b7 Instinct Stockroom.csv"",""source_rows"":""3139"",""classification"":""heuristic""}"
medication,🏡OM Bone Stasis 200 0.5g CAP,🏡OM Bone Stasis 200 0.5g CAP,evh-medications,true,1,0.93,"{""source_system"":""stockroom"",""source_file"":""Stockroom \u00b7 Instinct Stockroom.csv"",""source_rows"":""3139"",""classification"":""heuristic""}"
medication,🏡OM Breast Stasis Formula 0.5g 200ct CAP,🏡OM Breast Stasis Formula 0.5g 200ct CAP,evh-medications,true,1,0.93,"{""source_system"":""stockroom"",""source_file"":""Stockroom \u00b7 Instinct Stockroom.csv"",""source_rows"":""3139"",""classification"":""heuristic""}"
medication,🏡OM Buprenorphine 0.5mg/ml ORAL,🏡OM Buprenorphine 0.5mg/ml ORAL,evh-medications,true,1,0.93,"{""source_system"":""stockroom"",""source_file"":""Stockroom \u00b7 Instinct Stockroom.csv"",""source_rows"":""3139"",""classification"":""heuristic""}"
medication,🏡OM Carprofen (Rimadyl) 100mg TAB,🏡OM Carprofen (Rimadyl) 100mg TAB,evh-medications,true,1,0.93,"{""source_system"":""stockroom"",""source_file"":""Stockroom \u00b7 Instinct Stockroom.csv"",""source_rows"":""3139"",""classification"":""heuristic""}"
medication,🏡OM Carprofen (Rimadyl) 25mg TAB,🏡OM Carprofen (Rimadyl) 25mg TAB,evh-medications,true,1,0.93,"{""source_system"":""stockroom"",""source_file"":""Stockroom \u00b7 Instinct Stockroom.csv"",""source_rows"":""3139"",""classification"":""heuristic""}"
medication,🏡OM Carprofen (Rimadyl) 75mg TAB,🏡OM Carprofen (Rimadyl) 75mg TAB,evh-medications,true,1,0.93,"{""source_system"":""stockroom"",""source_file"":""Stockroom \u00b7 Instinct Stockroom.csv"",""source_rows"":""3139"",""classification"":""heuristic""}"
medication,🏡OM Cefpodoxime 100mg TAB (Antibiotic),🏡OM Cefpodoxime 100mg TAB (Antibiotic),evh-medications,true,1,0.93,"{""source_system"":""stockroom"",""source_file"":""Stockroom \u00b7 Instinct Stockroom.csv"",""source_rows"":""3139"",""classification"":""heuristic""}"
medication,🏡OM Cefpodoxime 200mg TAB (Antibiotic),🏡OM Cefpodoxime 200mg TAB (Antibiotic),evh-medications,true,1,0.93,"{""source_system"":""stockroom"",""source_file"":""Stockroom \u00b7 Instinct Stockroom.csv"",""source_rows"":""3139"",""classification"":""heuristic""}"
medication,🏡OM Chlorpheniramine Maleate 4mg TAB,🏡OM Chlorpheniramine Maleate 4mg TAB,evh-medications,true,1,0.93,"{""source_system"":""stockroom"",""source_file"":""Stockroom \u00b7 Instinct Stockroom.csv"",""source_rows"":""3139"",""classification"":""heuristic""}"
medication,🏡OM Ciprofloxacin 250mg TAB,🏡OM Ciprofloxacin 250mg TAB,evh-medications,true,1,0.93,"{""source_system"":""stockroom"",""source_file"":""Stockroom \u00b7 Instinct Stockroom.csv"",""source_rows"":""3139"",""classification"":""heuristic""}"
medication,🏡OM Ciprofloxacin 500mg TAB,🏡OM Ciprofloxacin 500mg TAB,evh-medications,true,1,0.93,"{""source_system"":""stockroom"",""source_file"":""Stockroom \u00b7 Instinct Stockroom.csv"",""source_rows"":""3139"",""classification"":""heuristic""}"
medication,🏡OM Cisapride 10mg Gourmed Tab Chick.Flavor,🏡OM Cisapride 10mg Gourmed Tab Chick.Flavor,evh-medications,true,1,0.93,"{""source_system"":""stockroom"",""source_file"":""Stockroom \u00b7 Instinct Stockroom.csv"",""source_rows"":""3139"",""classification"":""heuristic""}"
medication,🏡OM Clindamycin 100mg Quad TAB,🏡OM Clindamycin 100mg Quad TAB,evh-medications,true,1,0.93,"{""source_system"":""stockroom"",""source_file"":""Stockroom \u00b7 Instinct Stockroom.csv"",""source_rows"":""3139"",""classification"":""heuristic""}"
medication,🏡OM Clindamycin 150mg CAP,🏡OM Clindamycin 150mg CAP,evh-medications,true,1,0.93,"{""source_system"":""stockroom"",""source_file"":""Stockroom \u00b7 Instinct Stockroom.csv"",""source_rows"":""3139"",""classification"":""heuristic""}"
medication,🏡OM Clindamycin 25mg TAB,🏡OM Clindamycin 25mg TAB,evh-medications,true,1,0.93,"{""source_system"":""stockroom"",""source_file"":""Stockroom \u00b7 Instinct Stockroom.csv"",""source_rows"":""3139"",""classification"":""heuristic""}"
medication,🏡OM Clindamycin 25mg/ml LIQ,🏡OM Clindamycin 25mg/ml LIQ,evh-medications,true,1,0.93,"{""source_system"":""stockroom"",""source_file"":""Stockroom \u00b7 Instinct Stockroom.csv"",""source_rows"":""3139"",""classification"":""heuristic""}"
medication,🏡OM Clindamycin 75mg CAP,🏡OM Clindamycin 75mg CAP,evh-medications,true,1,0.93,"{""source_system"":""stockroom"",""source_file"":""Stockroom \u00b7 Instinct Stockroom.csv"",""source_rows"":""3139"",""classification"":""heuristic""}"
medication,🏡OM Clopidogrel 75 mg TAB,🏡OM Clopidogrel 75 mg TAB,evh-medications,true,1,0.93,"{""source_system"":""stockroom"",""source_file"":""Stockroom \u00b7 Instinct Stockroom.csv"",""source_rows"":""3139"",""classification"":""heuristic""}"
medication,🏡OM Comfortrate ( Maropitant ) 16mg TAB,🏡OM Comfortrate ( Maropitant ) 16mg TAB,evh-medications,true,1,0.93,"{""source_system"":""stockroom"",""source_file"":""Stockroom \u00b7 Instinct Stockroom.csv"",""source_rows"":""3139"",""classification"":""heuristic""}"
medication,🏡OM Comfortrate ( Maropitant ) 24 mg TAB,🏡OM Comfortrate ( Maropitant ) 24 mg TAB,evh-medications,true,1,0.93,"{""source_system"":""stockroom"",""source_file"":""Stockroom \u00b7 Instinct Stockroom.csv"",""source_rows"":""3139"",""classification"":""heuristic""}"
medication,🏡OM Comfortrate ( Maropitant ) 60mg TAB,🏡OM Comfortrate ( Maropitant ) 60mg TAB,evh-medications,true,1,0.93,"{""source_system"":""stockroom"",""source_file"":""Stockroom \u00b7 Instinct Stockroom.csv"",""source_rows"":""3139"",""classification"":""heuristic""}"
medication,🏡OM Composure Behavioral Health 60ct. Chew,🏡OM Composure Behavioral Health 60ct. Chew,evh-medications,true,1,0.93,"{""source_system"":""stockroom"",""source_file"":""Stockroom \u00b7 Instinct Stockroom.csv"",""source_rows"":""3139"",""classification"":""heuristic""}"
medication,🏡OM Conc. Breast Stasis Formula 50ct CAP,🏡OM Conc. Breast Stasis Formula 50ct CAP,evh-medications,true,1,0.93,"{""source_system"":""stockroom"",""source_file"":""Stockroom \u00b7 Instinct Stockroom.csv"",""source_rows"":""3139"",""classification"":""heuristic""}"
medication,🏡OM Conc. Cervical Formula 100ct CAP,🏡OM Conc. Cervical Formula 100ct CAP,evh-medications,true,1,0.93,"{""source_system"":""stockroom"",""source_file"":""Stockroom \u00b7 Instinct Stockroom.csv"",""source_rows"":""3139"",""classification"":""heuristic""}"
medication,🏡OM Conc. Damp Heat Skin 50ct CAP,🏡OM Conc. Damp Heat Skin 50ct CAP,evh-medications,true,1,0.93,"{""source_system"":""stockroom"",""source_file"":""Stockroom \u00b7 Instinct Stockroom.csv"",""source_rows"":""3139"",""classification"":""heuristic""}"
medication,🏡OM Conc. Di Gu Pi San 100ct CAP,🏡OM Conc. Di Gu Pi San 100ct CAP,evh-medications,true,1,0.93,"{""source_system"":""stockroom"",""source_file"":""Stockroom \u00b7 Instinct Stockroom.csv"",""source_rows"":""3139"",""classification"":""heuristic""}"
medication,🏡OM Conc. Di Tan Tang 100ct CAP,🏡OM Conc. Di Tan Tang 100ct CAP,evh-medications,true,1,0.93,"{""source_system"":""stockroom"",""source_file"":""Stockroom \u00b7 Instinct Stockroom.csv"",""source_rows"":""3139"",""classification"":""heuristic""}"
medication,🏡OM Conc. Di Tan Tang Powder 90g,🏡OM Conc. Di Tan Tang Powder 90g,evh-medications,true,1,0.93,"{""source_system"":""stockroom"",""source_file"":""Stockroom \u00b7 Instinct Stockroom.csv"",""source_rows"":""3139"",""classification"":""heuristic""}"
medication,🏡OM Conc. Hindquarter Weakness 50ct CAP,🏡OM Conc. Hindquarter Weakness 50ct CAP,evh-medications,true,1,0.93,"{""source_system"":""stockroom"",""source_file"":""Stockroom \u00b7 Instinct Stockroom.csv"",""source_rows"":""3139"",""classification"":""heuristic""}"
medication,🏡OM Conc. Hindquarter Weakness Powder 90g,🏡OM Conc. Hindquarter Weakness Powder 90g,evh-medications,true,1,0.93,"{""source_system"":""stockroom"",""source_file"":""Stockroom \u00b7 Instinct Stockroom.csv"",""source_rows"":""3139"",""classification"":""heuristic""}"
medication,🏡OM Conc. Hindquater Weakness 100ct CAP,🏡OM Conc. Hindquater Weakness 100ct CAP,evh-medications,true,1,0.93,"{""source_system"":""stockroom"",""source_file"":""Stockroom \u00b7 Instinct Stockroom.csv"",""source_rows"":""3139"",""classification"":""heuristic""}"
medication,🏡OM Conc. Jin Suo Gu Jing 0.5mg 100ct CAP,🏡OM Conc. Jin Suo Gu Jing 0.5mg 100ct CAP,evh-medications,true,1,0.93,"{""source_system"":""stockroom"",""source_file"":""Stockroom \u00b7 Instinct Stockroom.csv"",""source_rows"":""3139"",""classification"":""heuristic""}"
medication,🏡OM Conc. Max's Formula 0.5g 100ct CAP,🏡OM Conc. Max's Formula 0.5g 100ct CAP,evh-medications,true,1,0.93,"{""source_system"":""stockroom"",""source_file"":""Stockroom \u00b7 Instinct Stockroom.csv"",""source_rows"":""3139"",""classification"":""heuristic""}"
medication,🏡OM Conc. Phlegm Fat Formula 100ct CAP,🏡OM Conc. Phlegm Fat Formula 100ct CAP,evh-medications,true,1,0.93,"{""source_system"":""stockroom"",""source_file"":""Stockroom \u00b7 Instinct Stockroom.csv"",""source_rows"":""3139"",""classification"":""heuristic""}"
medication,🏡OM Conc. Shen Calmer Powder 90g,🏡OM Conc. Shen Calmer Powder 90g,evh-medications,true,1,0.93,"{""source_system"":""stockroom"",""source_file"":""Stockroom \u00b7 Instinct Stockroom.csv"",""source_rows"":""3139"",""classification"":""heuristic""}"
medication,🏡OM Conc. Si Wu Xiao Feng 100 ct CAP,🏡OM Conc. Si Wu Xiao Feng 100 ct CAP,evh-medications,true,1,0.93,"{""source_system"":""stockroom"",""source_file"":""Stockroom \u00b7 Instinct Stockroom.csv"",""source_rows"":""3139"",""classification"":""heuristic""}"
medication,🏡OM Conc. Stomach Happy 50ct CAP,🏡OM Conc. Stomach Happy 50ct CAP,evh-medications,true,1,0.93,"{""source_system"":""stockroom"",""source_file"":""Stockroom \u00b7 Instinct Stockroom.csv"",""source_rows"":""3139"",""classification"":""heuristic""}"
medication,🏡OM Conc. Stomach Happy Powder 90g,🏡OM Conc. Stomach Happy Powder 90g,evh-medications,true,1,0.93,"{""source_system"":""stockroom"",""source_file"":""Stockroom \u00b7 Instinct Stockroom.csv"",""source_rows"":""3139"",""classification"":""heuristic""}"
medication,🏡OM Conc. Tendon/Ligament 100ct CAP,🏡OM Conc. Tendon/Ligament 100ct CAP,evh-medications,true,1,0.93,"{""source_system"":""stockroom"",""source_file"":""Stockroom \u00b7 Instinct Stockroom.csv"",""source_rows"":""3139"",""classification"":""heuristic""}"
medication,🏡OM Conc. Tendon/Ligament Powder 90g,🏡OM Conc. Tendon/Ligament Powder 90g,evh-medications,true,1,0.93,"{""source_system"":""stockroom"",""source_file"":""Stockroom \u00b7 Instinct Stockroom.csv"",""source_rows"":""3139"",""classification"":""heuristic""}"
medication,🏡OM Conc. Xin Yi San 0.5g 100ct CAP,🏡OM Conc. Xin Yi San 0.5g 100ct CAP,evh-medications,true,1,0.93,"{""source_system"":""stockroom"",""source_file"":""Stockroom \u00b7 Instinct Stockroom.csv"",""source_rows"":""3139"",""classification"":""heuristic""}"
medication,🏡OM Conc. Zhen Xin San 90g Powder,🏡OM Conc. Zhen Xin San 90g Powder,evh-medications,true,1,0.93,"{""source_system"":""stockroom"",""source_file"":""Stockroom \u00b7 Instinct Stockroom.csv"",""source_rows"":""3139"",""classification"":""heuristic""}"
medication,🏡OM Concentrated Body Sore 50ct CAP,🏡OM Concentrated Body Sore 50ct CAP,evh-medications,true,1,0.93,"{""source_system"":""stockroom"",""source_file"":""Stockroom \u00b7 Instinct Stockroom.csv"",""source_rows"":""3139"",""classification"":""heuristic""}"
medication,🏡OM Concentrated Body Sore Powder 90g,🏡OM Concentrated Body Sore Powder 90g,evh-medications,true,1,0.93,"{""source_system"":""stockroom"",""source_file"":""Stockroom \u00b7 Instinct Stockroom.csv"",""source_rows"":""3139"",""classification"":""heuristic""}"
medication,🏡OM Concentrated Di Gu Pi San Powder 90g,🏡OM Concentrated Di Gu Pi San Powder 90g,evh-medications,true,1,0.93,"{""source_system"":""stockroom"",""source_file"":""Stockroom \u00b7 Instinct Stockroom.csv"",""source_rows"":""3139"",""classification"":""heuristic""}"
medication,🏡OM Concentrated Four Gentleman 90g Powder,🏡OM Concentrated Four Gentleman 90g Powder,evh-medications,true,1,0.93,"{""source_system"":""stockroom"",""source_file"":""Stockroom \u00b7 Instinct Stockroom.csv"",""source_rows"":""3139"",""classification"":""heuristic""}"
medication,🏡OM Concentrated Heart Qi Tonic 100ct CAP,🏡OM Concentrated Heart Qi Tonic 100ct CAP,evh-medications,true,1,0.93,"{""source_system"":""stockroom"",""source_file"":""Stockroom \u00b7 Instinct Stockroom.csv"",""source_rows"":""3139"",""classification"":""heuristic""}"
medication,🏡OM Concentrated Jin Gui Shen Qi Powder 90g,🏡OM Concentrated Jin Gui Shen Qi Powder 90g,evh-medications,true,1,0.93,"{""source_system"":""stockroom"",""source_file"":""Stockroom \u00b7 Instinct Stockroom.csv"",""source_rows"":""3139"",""classification"":""heuristic""}"
medication,🏡OM Concentrated Jin Suo Gu Jing Powder 90g,🏡OM Concentrated Jin Suo Gu Jing Powder 90g,evh-medications,true,1,0.93,"{""source_system"":""stockroom"",""source_file"":""Stockroom \u00b7 Instinct Stockroom.csv"",""source_rows"":""3139"",""classification"":""heuristic""}"
medication,🏡OM Concentrated Liver Happy 100ct CAP,🏡OM Concentrated Liver Happy 100ct CAP,evh-medications,true,1,0.93,"{""source_system"":""stockroom"",""source_file"":""Stockroom \u00b7 Instinct Stockroom.csv"",""source_rows"":""3139"",""classification"":""heuristic""}"
medication,🏡OM Concentrated Liver Happy 50ct CAP,🏡OM Concentrated Liver Happy 50ct CAP,evh-medications,true,1,0.93,"{""source_system"":""stockroom"",""source_file"":""Stockroom \u00b7 Instinct Stockroom.csv"",""source_rows"":""3139"",""classification"":""heuristic""}"
medication,🏡OM Concentrated Red Front Door 100ct CAP,🏡OM Concentrated Red Front Door 100ct CAP,evh-medications,true,1,0.93,"{""source_system"":""stockroom"",""source_file"":""Stockroom \u00b7 Instinct Stockroom.csv"",""source_rows"":""3139"",""classification"":""heuristic""}"
medication,🏡OM Concentrated Red Front Door 50ct CAP,🏡OM Concentrated Red Front Door 50ct CAP,evh-medications,true,1,0.93,"{""source_system"":""stockroom"",""source_file"":""Stockroom \u00b7 Instinct Stockroom.csv"",""source_rows"":""3139"",""classification"":""heuristic""}"
medication,🏡OM Concentrated Rehmannia 11 0.5g 100ct CAP,🏡OM Concentrated Rehmannia 11 0.5g 100ct CAP,evh-medications,true,1,0.93,"{""source_system"":""stockroom"",""source_file"":""Stockroom \u00b7 Instinct Stockroom.csv"",""source_rows"":""3139"",""classification"":""heuristic""}"
medication,🏡OM Concentrated Rehmannia 14 0.5g 100ct CAP,🏡OM Concentrated Rehmannia 14 0.5g 100ct CAP,evh-medications,true,1,0.93,"{""source_system"":""stockroom"",""source_file"":""Stockroom \u00b7 Instinct Stockroom.csv"",""source_rows"":""3139"",""classification"":""heuristic""}"
medication,🏡OM Concentrated Shen Calmer 50ct CAP,🏡OM Concentrated Shen Calmer 50ct CAP,evh-medications,true,1,0.93,"{""source_system"":""stockroom"",""source_file"":""Stockroom \u00b7 Instinct Stockroom.csv"",""source_rows"":""3139"",""classification"":""heuristic""}"
medication,🏡OM Concentrated Stasis Breaker 100ct CAP,🏡OM Concentrated Stasis Breaker 100ct CAP,evh-medications,true,1,0.93,"{""source_system"":""stockroom"",""source_file"":""Stockroom \u00b7 Instinct Stockroom.csv"",""source_rows"":""3139"",""classification"":""heuristic""}"
medication,🏡OM Concentrated Stasis Breaker Powder 90g,🏡OM Concentrated Stasis Breaker Powder 90g,evh-medications,true,1,0.93,"{""source_system"":""stockroom"",""source_file"":""Stockroom \u00b7 Instinct Stockroom.csv"",""source_rows"":""3139"",""classification"":""heuristic""}"
medication,🏡OM Concentrated Wei Qi Booster (100 ct CAP),🏡OM Concentrated Wei Qi Booster (100 ct CAP),evh-medications,true,1,0.93,"{""source_system"":""stockroom"",""source_file"":""Stockroom \u00b7 Instinct Stockroom.csv"",""source_rows"":""3139"",""classification"":""heuristic""}"
medication,🏡OM Cosequin for Cats Soft Chews 60ct,🏡OM Cosequin for Cats Soft Chews 60ct,evh-medications,true,1,0.93,"{""source_system"":""stockroom"",""source_file"":""Stockroom \u00b7 Instinct Stockroom.csv"",""source_rows"":""3139"",""classification"":""heuristic""}"
medication,🏡OM Credelio for Cats 2.0 - 4.0# Chew Single,🏡OM Credelio for Cats 2.0 - 4.0# Chew Single,evh-medications,true,1,0.93,"{""source_system"":""stockroom"",""source_file"":""Stockroom \u00b7 Instinct Stockroom.csv"",""source_rows"":""3139"",""classification"":""heuristic""}"
medication,🏡OM Credelio for Cats 4.1 - 17.0# Chew Sing.,🏡OM Credelio for Cats 4.1 - 17.0# Chew Sing.,evh-medications,true,1,0.93,"{""source_system"":""stockroom"",""source_file"":""Stockroom \u00b7 Instinct Stockroom.csv"",""source_rows"":""3139"",""classification"":""heuristic""}"
medication,🏡OM Dasuquin Advanced Soft Chew 64ct Large,🏡OM Dasuquin Advanced Soft Chew 64ct Large,evh-medications,true,1,0.93,"{""source_system"":""stockroom"",""source_file"":""Stockroom \u00b7 Instinct Stockroom.csv"",""source_rows"":""3139"",""classification"":""heuristic""}"
medication,🏡OM Dasuquin Advanced Soft Chew 64ct Sm/Med,🏡OM Dasuquin Advanced Soft Chew 64ct Sm/Med,evh-medications,true,1,0.93,"{""source_system"":""stockroom"",""source_file"":""Stockroom \u00b7 Instinct Stockroom.csv"",""source_rows"":""3139"",""classification"":""heuristic""}"
medication,🏡OM Denamarin Chew Advanced (Large),🏡OM Denamarin Chew Advanced (Large),evh-medications,true,1,0.93,"{""source_system"":""stockroom"",""source_file"":""Stockroom \u00b7 Instinct Stockroom.csv"",""source_rows"":""3139"",""classification"":""heuristic""}"
medication,🏡OM Denamarin Chew Advanced (Small),🏡OM Denamarin Chew Advanced (Small),evh-medications,true,1,0.93,"{""source_system"":""stockroom"",""source_file"":""Stockroom \u00b7 Instinct Stockroom.csv"",""source_rows"":""3139"",""classification"":""heuristic""}"
medication,🏡OM Deracoxib (Coxiba) 100mg TAB,🏡OM Deracoxib (Coxiba) 100mg TAB,evh-medications,true,1,0.93,"{""source_system"":""stockroom"",""source_file"":""Stockroom \u00b7 Instinct Stockroom.csv"",""source_rows"":""3139"",""classification"":""heuristic""}"
medication,🏡OM Deracoxib (Coxiba) 25mg TAB,🏡OM Deracoxib (Coxiba) 25mg TAB,evh-medications,true,1,0.93,"{""source_system"":""stockroom"",""source_file"":""Stockroom \u00b7 Instinct Stockroom.csv"",""source_rows"":""3139"",""classification"":""heuristic""}"
medication,🏡OM Deracoxib (Coxiba) 75mg TAB,🏡OM Deracoxib (Coxiba) 75mg TAB,evh-medications,true,1,0.93,"{""source_system"":""stockroom"",""source_file"":""Stockroom \u00b7 Instinct Stockroom.csv"",""source_rows"":""3139"",""classification"":""heuristic""}"
medication,🏡OM Di Gu Pi San Powder 200g,🏡OM Di Gu Pi San Powder 200g,evh-medications,true,1,0.93,"{""source_system"":""stockroom"",""source_file"":""Stockroom \u00b7 Instinct Stockroom.csv"",""source_rows"":""3139"",""classification"":""heuristic""}"
medication,🏡OM Di Tan Tang Powder 200g,🏡OM Di Tan Tang Powder 200g,evh-medications,true,1,0.93,"{""source_system"":""stockroom"",""source_file"":""Stockroom \u00b7 Instinct Stockroom.csv"",""source_rows"":""3139"",""classification"":""heuristic""}"
medication,🏡OM Diazepam 5mg TAB ( Valium ),🏡OM Diazepam 5mg TAB ( Valium ),evh-medications,true,1,0.93,"{""source_system"":""stockroom"",""source_file"":""Stockroom \u00b7 Instinct Stockroom.csv"",""source_rows"":""3139"",""classification"":""heuristic""}"
medication,🏡OM Double P II 0.5g 200ct CAP,🏡OM Double P II 0.5g 200ct CAP,evh-medications,true,1,0.93,"{""source_system"":""stockroom"",""source_file"":""Stockroom \u00b7 Instinct Stockroom.csv"",""source_rows"":""3139"",""classification"":""heuristic""}"
medication,🏡OM Double P II 100ct CAP,🏡OM Double P II 100ct CAP,evh-medications,true,1,0.93,"{""source_system"":""stockroom"",""source_file"":""Stockroom \u00b7 Instinct Stockroom.csv"",""source_rows"":""3139"",""classification"":""heuristic""}"
medication,🏡OM Double P II Powder 200g,🏡OM Double P II Powder 200g,evh-medications,true,1,0.93,"{""source_system"":""stockroom"",""source_file"":""Stockroom \u00b7 Instinct Stockroom.csv"",""source_rows"":""3139"",""classification"":""heuristic""}"
medication,🏡OM Doxycycline 100 mg TAB,🏡OM Doxycycline 100 mg TAB,evh-medications,true,1,0.93,"{""source_system"":""stockroom"",""source_file"":""Stockroom \u00b7 Instinct Stockroom.csv"",""source_rows"":""3139"",""classification"":""heuristic""}"
medication,🏡OM Doxycycline 100mg/ml SUSP.,🏡OM Doxycycline 100mg/ml SUSP.,evh-medications,true,1,0.93,"{""source_system"":""stockroom"",""source_file"":""Stockroom \u00b7 Instinct Stockroom.csv"",""source_rows"":""3139"",""classification"":""heuristic""}"
medication,🏡OM Doxycycline 150mg Flex TAB,🏡OM Doxycycline 150mg Flex TAB,evh-medications,true,1,0.93,"{""source_system"":""stockroom"",""source_file"":""Stockroom \u00b7 Instinct Stockroom.csv"",""source_rows"":""3139"",""classification"":""heuristic""}"
medication,🏡OM Doxycycline 50mg TAB,🏡OM Doxycycline 50mg TAB,evh-medications,true,1,0.93,"{""source_system"":""stockroom"",""source_file"":""Stockroom \u00b7 Instinct Stockroom.csv"",""source_rows"":""3139"",""classification"":""heuristic""}"
medication,🏡OM Easotic ear Ointment 10ml,🏡OM Easotic ear Ointment 10ml,evh-medications,true,1,0.93,"{""source_system"":""stockroom"",""source_file"":""Stockroom \u00b7 Instinct Stockroom.csv"",""source_rows"":""3139"",""classification"":""heuristic""}"
medication,🏡OM Eight Righteous 200g,🏡OM Eight Righteous 200g,evh-medications,true,1,0.93,"{""source_system"":""stockroom"",""source_file"":""Stockroom \u00b7 Instinct Stockroom.csv"",""source_rows"":""3139"",""classification"":""heuristic""}"
medication,🏡OM Enalapril 10mg TAB,🏡OM Enalapril 10mg TAB,evh-medications,true,1,0.93,"{""source_system"":""stockroom"",""source_file"":""Stockroom \u00b7 Instinct Stockroom.csv"",""source_rows"":""3139"",""classification"":""heuristic""}"
medication,🏡OM Enalapril 20mg TAB,🏡OM Enalapril 20mg TAB,evh-medications,true,1,0.93,"{""source_system"":""stockroom"",""source_file"":""Stockroom \u00b7 Instinct Stockroom.csv"",""source_rows"":""3139"",""classification"":""heuristic""}"
medication,🏡OM Enalapril 5mg TAB,🏡OM Enalapril 5mg TAB,evh-medications,true,1,0.93,"{""source_system"":""stockroom"",""source_file"":""Stockroom \u00b7 Instinct Stockroom.csv"",""source_rows"":""3139"",""classification"":""heuristic""}"
medication,🏡OM Enrofloxacin (Baytril ) 22.7mg TAB,🏡OM Enrofloxacin (Baytril ) 22.7mg TAB,evh-medications,true,1,0.93,"{""source_system"":""stockroom"",""source_file"":""Stockroom \u00b7 Instinct Stockroom.csv"",""source_rows"":""3139"",""classification"":""heuristic""}"
medication,🏡OM Enrofloxacin (Baytril ) 68mg Taste TAB,🏡OM Enrofloxacin (Baytril ) 68mg Taste TAB,evh-medications,true,1,0.93,"{""source_system"":""stockroom"",""source_file"":""Stockroom \u00b7 Instinct Stockroom.csv"",""source_rows"":""3139"",""classification"":""heuristic""}"
medication,🏡OM Enrofloxacin (Baytril) 136mg TAB,🏡OM Enrofloxacin (Baytril) 136mg TAB,evh-medications,true,1,0.93,"{""source_system"":""stockroom"",""source_file"":""Stockroom \u00b7 Instinct Stockroom.csv"",""source_rows"":""3139"",""classification"":""heuristic""}"
medication,🏡OM Epakitin 180gm,🏡OM Epakitin 180gm,evh-medications,true,1,0.93,"{""source_system"":""stockroom"",""source_file"":""Stockroom \u00b7 Instinct Stockroom.csv"",""source_rows"":""3139"",""classification"":""heuristic""}"
medication,🏡OM Epakitin 60gm,🏡OM Epakitin 60gm,evh-medications,true,1,0.93,"{""source_system"":""stockroom"",""source_file"":""Stockroom \u00b7 Instinct Stockroom.csv"",""source_rows"":""3139"",""classification"":""heuristic""}"
medication,🏡OM Erythromycin Oph Ointment,🏡OM Erythromycin Oph Ointment,evh-medications,true,1,0.93,"{""source_system"":""stockroom"",""source_file"":""Stockroom \u00b7 Instinct Stockroom.csv"",""source_rows"":""3139"",""classification"":""heuristic""}"
medication,🏡OM Eye Serum Drops,🏡OM Eye Serum Drops,evh-medications,true,1,0.93,"{""source_system"":""stockroom"",""source_file"":""Stockroom \u00b7 Instinct Stockroom.csv"",""source_rows"":""3139"",""classification"":""heuristic""}"
medication,🏡OM Famotidine 10mg TAB,🏡OM Famotidine 10mg TAB,evh-medications,true,1,0.93,"{""source_system"":""stockroom"",""source_file"":""Stockroom \u00b7 Instinct Stockroom.csv"",""source_rows"":""3139"",""classification"":""heuristic""}"
medication,🏡OM Famotidine 20mg TAB,🏡OM Famotidine 20mg TAB,evh-medications,true,1,0.93,"{""source_system"":""stockroom"",""source_file"":""Stockroom \u00b7 Instinct Stockroom.csv"",""source_rows"":""3139"",""classification"":""heuristic""}"
medication,🏡OM Fan Xie Ye 200g,🏡OM Fan Xie Ye 200g,evh-medications,true,1,0.93,"{""source_system"":""stockroom"",""source_file"":""Stockroom \u00b7 Instinct Stockroom.csv"",""source_rows"":""3139"",""classification"":""heuristic""}"
medication,🏡OM Felanorm (Methimazole) 5mg/ml 30ml Bot,🏡OM Felanorm (Methimazole) 5mg/ml 30ml Bot,evh-medications,true,1,0.93,"{""source_system"":""stockroom"",""source_file"":""Stockroom \u00b7 Instinct Stockroom.csv"",""source_rows"":""3139"",""classification"":""heuristic""}"
medication,🏡OM Fenbendazole ( Panacur ) 100mg/ml LIQ,🏡OM Fenbendazole ( Panacur ) 100mg/ml LIQ,evh-medications,true,1,0.93,"{""source_system"":""stockroom"",""source_file"":""Stockroom \u00b7 Instinct Stockroom.csv"",""source_rows"":""3139"",""classification"":""heuristic""}"
medication,🏡OM Flexadin Advanced Chews 60ct,🏡OM Flexadin Advanced Chews 60ct,evh-medications,true,1,0.93,"{""source_system"":""stockroom"",""source_file"":""Stockroom \u00b7 Instinct Stockroom.csv"",""source_rows"":""3139"",""classification"":""heuristic""}"
medication,🏡OM Fluoxetine 10mg TAB,🏡OM Fluoxetine 10mg TAB,evh-medications,true,1,0.93,"{""source_system"":""stockroom"",""source_file"":""Stockroom \u00b7 Instinct Stockroom.csv"",""source_rows"":""3139"",""classification"":""heuristic""}"
medication,🏡OM Fluoxetine 20mg CAP,🏡OM Fluoxetine 20mg CAP,evh-medications,true,1,0.93,"{""source_system"":""stockroom"",""source_file"":""Stockroom \u00b7 Instinct Stockroom.csv"",""source_rows"":""3139"",""classification"":""heuristic""}"
medication,🏡OM Fluoxetine 40mg CAP,🏡OM Fluoxetine 40mg CAP,evh-medications,true,1,0.93,"{""source_system"":""stockroom"",""source_file"":""Stockroom \u00b7 Instinct Stockroom.csv"",""source_rows"":""3139"",""classification"":""heuristic""}"
medication,🏡OM Four Immortals 200g,🏡OM Four Immortals 200g,evh-medications,true,1,0.93,"{""source_system"":""stockroom"",""source_file"":""Stockroom \u00b7 Instinct Stockroom.csv"",""source_rows"":""3139"",""classification"":""heuristic""}"
medication,🏡OM Furosemide (Lasix) 12.5 mg TAB,🏡OM Furosemide (Lasix) 12.5 mg TAB,evh-medications,true,1,0.93,"{""source_system"":""stockroom"",""source_file"":""Stockroom \u00b7 Instinct Stockroom.csv"",""source_rows"":""3139"",""classification"":""heuristic""}"
medication,🏡OM Furosemide (Lasix) 20 mg TAB,🏡OM Furosemide (Lasix) 20 mg TAB,evh-medications,true,1,0.93,"{""source_system"":""stockroom"",""source_file"":""Stockroom \u00b7 Instinct Stockroom.csv"",""source_rows"":""3139"",""classification"":""heuristic""}"
medication,🏡OM Furosemide (Lasix) 50 mg TAB,🏡OM Furosemide (Lasix) 50 mg TAB,evh-medications,true,1,0.93,"{""source_system"":""stockroom"",""source_file"":""Stockroom \u00b7 Instinct Stockroom.csv"",""source_rows"":""3139"",""classification"":""heuristic""}"
medication,🏡OM Gabapentin 100mg CAP,🏡OM Gabapentin 100mg CAP,evh-medications,true,1,0.93,"{""source_system"":""stockroom"",""source_file"":""Stockroom \u00b7 Instinct Stockroom.csv"",""source_rows"":""3139"",""classification"":""heuristic""}"
medication,🏡OM Gabapentin 100mg Quad TAB,🏡OM Gabapentin 100mg Quad TAB,evh-medications,true,1,0.93,"{""source_system"":""stockroom"",""source_file"":""Stockroom \u00b7 Instinct Stockroom.csv"",""source_rows"":""3139"",""classification"":""heuristic""}"
medication,🏡OM Gabapentin 25mg TAB,🏡OM Gabapentin 25mg TAB,evh-medications,true,1,0.93,"{""source_system"":""stockroom"",""source_file"":""Stockroom \u00b7 Instinct Stockroom.csv"",""source_rows"":""3139"",""classification"":""heuristic""}"
medication,🏡OM Gabapentin 300mg CAP,🏡OM Gabapentin 300mg CAP,evh-medications,true,1,0.93,"{""source_system"":""stockroom"",""source_file"":""Stockroom \u00b7 Instinct Stockroom.csv"",""source_rows"":""3139"",""classification"":""heuristic""}"
medication,🏡OM Gabapentin 50mg/ml Susp.,🏡OM Gabapentin 50mg/ml Susp.,evh-medications,true,1,0.93,"{""source_system"":""stockroom"",""source_file"":""Stockroom \u00b7 Instinct Stockroom.csv"",""source_rows"":""3139"",""classification"":""heuristic""}"
medication,🏡OM Gabapentin 600mg CAP,🏡OM Gabapentin 600mg CAP,evh-medications,true,1,0.93,"{""source_system"":""stockroom"",""source_file"":""Stockroom \u00b7 Instinct Stockroom.csv"",""source_rows"":""3139"",""classification"":""heuristic""}"
medication,🏡OM Galliprant 100 mg TAB,🏡OM Galliprant 100 mg TAB,evh-medications,true,1,0.93,"{""source_system"":""stockroom"",""source_file"":""Stockroom \u00b7 Instinct Stockroom.csv"",""source_rows"":""3139"",""classification"":""heuristic""}"
medication,🏡OM Galliprant 20mg TAB,🏡OM Galliprant 20mg TAB,evh-medications,true,1,0.93,"{""source_system"":""stockroom"",""source_file"":""Stockroom \u00b7 Instinct Stockroom.csv"",""source_rows"":""3139"",""classification"":""heuristic""}"
medication,🏡OM Galliprant 60mg TAB,🏡OM Galliprant 60mg TAB,evh-medications,true,1,0.93,"{""source_system"":""stockroom"",""source_file"":""Stockroom \u00b7 Instinct Stockroom.csv"",""source_rows"":""3139"",""classification"":""heuristic""}"
medication,🏡OM GenOne/Gentamicin K9 Topical Spray 120ml,🏡OM GenOne/Gentamicin K9 Topical Spray 120ml,evh-medications,true,1,0.93,"{""source_system"":""stockroom"",""source_file"":""Stockroom \u00b7 Instinct Stockroom.csv"",""source_rows"":""3139"",""classification"":""heuristic""}"
medication,🏡OM GenOne/Gentamicin K9 Topical Spray 240ml,🏡OM GenOne/Gentamicin K9 Topical Spray 240ml,evh-medications,true,1,0.93,"{""source_system"":""stockroom"",""source_file"":""Stockroom \u00b7 Instinct Stockroom.csv"",""source_rows"":""3139"",""classification"":""heuristic""}"
medication,🏡OM GenOne/Gentamicin Topical Spray 60ml,🏡OM GenOne/Gentamicin Topical Spray 60ml,evh-medications,true,1,0.93,"{""source_system"":""stockroom"",""source_file"":""Stockroom \u00b7 Instinct Stockroom.csv"",""source_rows"":""3139"",""classification"":""heuristic""}"
medication,🏡OM Glyco Flex 2 Bite Chews Feline-Vetri-Sci,🏡OM Glyco Flex 2 Bite Chews Feline-Vetri-Sci,evh-medications,true,1,0.93,"{""source_system"":""stockroom"",""source_file"":""Stockroom \u00b7 Instinct Stockroom.csv"",""source_rows"":""3139"",""classification"":""heuristic""}"
medication,🏡OM Heart Qi Tonic 200ct CAP,🏡OM Heart Qi Tonic 200ct CAP,evh-medications,true,1,0.93,"{""source_system"":""stockroom"",""source_file"":""Stockroom \u00b7 Instinct Stockroom.csv"",""source_rows"":""3139"",""classification"":""heuristic""}"
medication,🏡OM Heartgard Plus 1 - 25# Single,🏡OM Heartgard Plus 1 - 25# Single,evh-medications,true,1,0.93,"{""source_system"":""stockroom"",""source_file"":""Stockroom \u00b7 Instinct Stockroom.csv"",""source_rows"":""3139"",""classification"":""heuristic""}"
medication,🏡OM Heartgard Plus 26-50# Single,🏡OM Heartgard Plus 26-50# Single,evh-medications,true,1,0.93,"{""source_system"":""stockroom"",""source_file"":""Stockroom \u00b7 Instinct Stockroom.csv"",""source_rows"":""3139"",""classification"":""heuristic""}"
medication,🏡OM Heartgard Plus 51-100# Single,🏡OM Heartgard Plus 51-100# Single,evh-medications,true,1,0.93,"{""source_system"":""stockroom"",""source_file"":""Stockroom \u00b7 Instinct Stockroom.csv"",""source_rows"":""3139"",""classification"":""heuristic""}"
medication,🏡OM Hemp CBD Oil for Dogs 60ml,🏡OM Hemp CBD Oil for Dogs 60ml,evh-medications,true,1,0.93,"{""source_system"":""stockroom"",""source_file"":""Stockroom \u00b7 Instinct Stockroom.csv"",""source_rows"":""3139"",""classification"":""heuristic""}"
medication,🏡OM Hemp Mobility OIl for Cats 15ml,🏡OM Hemp Mobility OIl for Cats 15ml,evh-medications,true,1,0.93,"{""source_system"":""stockroom"",""source_file"":""Stockroom \u00b7 Instinct Stockroom.csv"",""source_rows"":""3139"",""classification"":""heuristic""}"
medication,🏡OM Hemp Mobility Oil for Dogs 15ml,🏡OM Hemp Mobility Oil for Dogs 15ml,evh-medications,true,1,0.93,"{""source_system"":""stockroom"",""source_file"":""Stockroom \u00b7 Instinct Stockroom.csv"",""source_rows"":""3139"",""classification"":""heuristic""}"
medication,🏡OM Hemp Mobility Oil for Dogs 20ml,🏡OM Hemp Mobility Oil for Dogs 20ml,evh-medications,true,1,0.93,"{""source_system"":""stockroom"",""source_file"":""Stockroom \u00b7 Instinct Stockroom.csv"",""source_rows"":""3139"",""classification"":""heuristic""}"
medication,🏡OM Hemp Mobility Oil for Dogs 30ml,🏡OM Hemp Mobility Oil for Dogs 30ml,evh-medications,true,1,0.93,"{""source_system"":""stockroom"",""source_file"":""Stockroom \u00b7 Instinct Stockroom.csv"",""source_rows"":""3139"",""classification"":""heuristic""}"
medication,🏡OM Hemp Oil Soft Gel Medium Dog,🏡OM Hemp Oil Soft Gel Medium Dog,evh-medications,true,1,0.93,"{""source_system"":""stockroom"",""source_file"":""Stockroom \u00b7 Instinct Stockroom.csv"",""source_rows"":""3139"",""classification"":""heuristic""}"
medication,🏡OM Hindquarter Weakness 0.5g 200ct CAP,🏡OM Hindquarter Weakness 0.5g 200ct CAP,evh-medications,true,1,0.93,"{""source_system"":""stockroom"",""source_file"":""Stockroom \u00b7 Instinct Stockroom.csv"",""source_rows"":""3139"",""classification"":""heuristic""}"
medication,🏡OM Hindquarter Weakness Powder 200g,🏡OM Hindquarter Weakness Powder 200g,evh-medications,true,1,0.93,"{""source_system"":""stockroom"",""source_file"":""Stockroom \u00b7 Instinct Stockroom.csv"",""source_rows"":""3139"",""classification"":""heuristic""}"
medication,🏡OM Hydrocodone 5mg/Homatropine 1.5mg/5ml (1mg/mL),🏡OM Hydrocodone 5mg/Homatropine 1.5mg/5ml (1mg/mL),evh-medications,true,1,0.93,"{""source_system"":""stockroom"",""source_file"":""Stockroom \u00b7 Instinct Stockroom.csv"",""source_rows"":""3139"",""classification"":""heuristic""}"
medication,🏡OM Hydrocodone/Chlorpheniramine 10&8mg/5ml (2mg/mL),🏡OM Hydrocodone/Chlorpheniramine 10&8mg/5ml (2mg/mL),evh-medications,true,1,0.93,"{""source_system"":""stockroom"",""source_file"":""Stockroom \u00b7 Instinct Stockroom.csv"",""source_rows"":""3139"",""classification"":""heuristic""}"
medication,🏡OM Hydroxyzine 10mg TAB,🏡OM Hydroxyzine 10mg TAB,evh-medications,true,1,0.93,"{""source_system"":""stockroom"",""source_file"":""Stockroom \u00b7 Instinct Stockroom.csv"",""source_rows"":""3139"",""classification"":""heuristic""}"
medication,🏡OM Hydroxyzine 25mg TAB,🏡OM Hydroxyzine 25mg TAB,evh-medications,true,1,0.93,"{""source_system"":""stockroom"",""source_file"":""Stockroom \u00b7 Instinct Stockroom.csv"",""source_rows"":""3139"",""classification"":""heuristic""}"
medication,🏡OM Hydroxyzine 50mg TAB,🏡OM Hydroxyzine 50mg TAB,evh-medications,true,1,0.93,"{""source_system"":""stockroom"",""source_file"":""Stockroom \u00b7 Instinct Stockroom.csv"",""source_rows"":""3139"",""classification"":""heuristic""}"
medication,🏡OM I Lid n Lash 50ml,🏡OM I Lid n Lash 50ml,evh-medications,true,1,0.93,"{""source_system"":""stockroom"",""source_file"":""Stockroom \u00b7 Instinct Stockroom.csv"",""source_rows"":""3139"",""classification"":""heuristic""}"
medication,🏡OM I-Drop Vet Plus Lubricating Drops 10ml,🏡OM I-Drop Vet Plus Lubricating Drops 10ml,evh-medications,true,1,0.93,"{""source_system"":""stockroom"",""source_file"":""Stockroom \u00b7 Instinct Stockroom.csv"",""source_rows"":""3139"",""classification"":""heuristic""}"
medication,🏡OM Incurin 1mg 30ct TAB,🏡OM Incurin 1mg 30ct TAB,evh-medications,true,1,0.93,"{""source_system"":""stockroom"",""source_file"":""Stockroom \u00b7 Instinct Stockroom.csv"",""source_rows"":""3139"",""classification"":""heuristic""}"
medication,🏡OM Jin Suo Gu Jing - 900g,🏡OM Jin Suo Gu Jing - 900g,evh-medications,true,1,0.93,"{""source_system"":""stockroom"",""source_file"":""Stockroom \u00b7 Instinct Stockroom.csv"",""source_rows"":""3139"",""classification"":""heuristic""}"
medication,🏡OM Jin Suo Gu Jing 200g,🏡OM Jin Suo Gu Jing 200g,evh-medications,true,1,0.93,"{""source_system"":""stockroom"",""source_file"":""Stockroom \u00b7 Instinct Stockroom.csv"",""source_rows"":""3139"",""classification"":""heuristic""}"
medication,🏡OM Jin Suo Gu Jing 600g,🏡OM Jin Suo Gu Jing 600g,evh-medications,true,1,0.93,"{""source_system"":""stockroom"",""source_file"":""Stockroom \u00b7 Instinct Stockroom.csv"",""source_rows"":""3139"",""classification"":""heuristic""}"
medication,🏡OM K-BroVet 250mg Chewable TAB,🏡OM K-BroVet 250mg Chewable TAB,evh-medications,true,1,0.93,"{""source_system"":""stockroom"",""source_file"":""Stockroom \u00b7 Instinct Stockroom.csv"",""source_rows"":""3139"",""classification"":""heuristic""}"
medication,🏡OM Keflex ( Cephalexin ) 500mg CAP,🏡OM Keflex ( Cephalexin ) 500mg CAP,evh-medications,true,1,0.93,"{""source_system"":""stockroom"",""source_file"":""Stockroom \u00b7 Instinct Stockroom.csv"",""source_rows"":""3139"",""classification"":""heuristic""}"
medication,🏡OM Keflex (Cephalexin) 250mg CAP,🏡OM Keflex (Cephalexin) 250mg CAP,evh-medications,true,1,0.93,"{""source_system"":""stockroom"",""source_file"":""Stockroom \u00b7 Instinct Stockroom.csv"",""source_rows"":""3139"",""classification"":""heuristic""}"
medication,🏡OM Ketoconazole 200 mg TAB,🏡OM Ketoconazole 200 mg TAB,evh-medications,true,1,0.93,"{""source_system"":""stockroom"",""source_file"":""Stockroom \u00b7 Instinct Stockroom.csv"",""source_rows"":""3139"",""classification"":""heuristic""}"
medication,🏡OM Ketorolac 0.5% Opth. Solution,🏡OM Ketorolac 0.5% Opth. Solution,evh-medications,true,1,0.93,"{""source_system"":""stockroom"",""source_file"":""Stockroom \u00b7 Instinct Stockroom.csv"",""source_rows"":""3139"",""classification"":""heuristic""}"
medication,🏡OM Krillex Concentrate Soft Chews 60ct,🏡OM Krillex Concentrate Soft Chews 60ct,evh-medications,true,1,0.93,"{""source_system"":""stockroom"",""source_file"":""Stockroom \u00b7 Instinct Stockroom.csv"",""source_rows"":""3139"",""classification"":""heuristic""}"
medication,🏡OM Lactulose 10g/15ml Oral Solution,🏡OM Lactulose 10g/15ml Oral Solution,evh-medications,true,1,0.93,"{""source_system"":""stockroom"",""source_file"":""Stockroom \u00b7 Instinct Stockroom.csv"",""source_rows"":""3139"",""classification"":""heuristic""}"
medication,🏡OM Laverdia 10mg TAB,🏡OM Laverdia 10mg TAB,evh-medications,true,1,0.93,"{""source_system"":""stockroom"",""source_file"":""Stockroom \u00b7 Instinct Stockroom.csv"",""source_rows"":""3139"",""classification"":""heuristic""}"
medication,🏡OM Laverdia 2.5mg TAB,🏡OM Laverdia 2.5mg TAB,evh-medications,true,1,0.93,"{""source_system"":""stockroom"",""source_file"":""Stockroom \u00b7 Instinct Stockroom.csv"",""source_rows"":""3139"",""classification"":""heuristic""}"
medication,🏡OM Laverdia 50mg TAB,🏡OM Laverdia 50mg TAB,evh-medications,true,1,0.93,"{""source_system"":""stockroom"",""source_file"":""Stockroom \u00b7 Instinct Stockroom.csv"",""source_rows"":""3139"",""classification"":""heuristic""}"
medication,🏡OM Levothyroxine ( ThyroTab ) 0.3mg TAB,🏡OM Levothyroxine ( ThyroTab ) 0.3mg TAB,evh-medications,true,1,0.93,"{""source_system"":""stockroom"",""source_file"":""Stockroom \u00b7 Instinct Stockroom.csv"",""source_rows"":""3139"",""classification"":""heuristic""}"
medication,🏡OM Levothyroxine ( ThyroVet ) 0.1mg TAB,🏡OM Levothyroxine ( ThyroVet ) 0.1mg TAB,evh-medications,true,1,0.93,"{""source_system"":""stockroom"",""source_file"":""Stockroom \u00b7 Instinct Stockroom.csv"",""source_rows"":""3139"",""classification"":""heuristic""}"
medication,🏡OM Levothyroxine ( ThyroVet ) 0.2mg TAB,🏡OM Levothyroxine ( ThyroVet ) 0.2mg TAB,evh-medications,true,1,0.93,"{""source_system"":""stockroom"",""source_file"":""Stockroom \u00b7 Instinct Stockroom.csv"",""source_rows"":""3139"",""classification"":""heuristic""}"
medication,🏡OM Levothyroxine ( ThyroVet ) 0.4mg TAB,🏡OM Levothyroxine ( ThyroVet ) 0.4mg TAB,evh-medications,true,1,0.93,"{""source_system"":""stockroom"",""source_file"":""Stockroom \u00b7 Instinct Stockroom.csv"",""source_rows"":""3139"",""classification"":""heuristic""}"
medication,🏡OM Levothyroxine ( ThyroVet ) 0.5mg TAB,🏡OM Levothyroxine ( ThyroVet ) 0.5mg TAB,evh-medications,true,1,0.93,"{""source_system"":""stockroom"",""source_file"":""Stockroom \u00b7 Instinct Stockroom.csv"",""source_rows"":""3139"",""classification"":""heuristic""}"
medication,🏡OM Levothyroxine ( ThyroVet ) 0.6mg TAB,🏡OM Levothyroxine ( ThyroVet ) 0.6mg TAB,evh-medications,true,1,0.93,"{""source_system"":""stockroom"",""source_file"":""Stockroom \u00b7 Instinct Stockroom.csv"",""source_rows"":""3139"",""classification"":""heuristic""}"
medication,🏡OM Levothyroxine ( ThyroVet ) 0.7mg TAB,🏡OM Levothyroxine ( ThyroVet ) 0.7mg TAB,evh-medications,true,1,0.93,"{""source_system"":""stockroom"",""source_file"":""Stockroom \u00b7 Instinct Stockroom.csv"",""source_rows"":""3139"",""classification"":""heuristic""}"
medication,🏡OM Levothyroxine ( ThyroVet ) 0.8mg TAB,🏡OM Levothyroxine ( ThyroVet ) 0.8mg TAB,evh-medications,true,1,0.93,"{""source_system"":""stockroom"",""source_file"":""Stockroom \u00b7 Instinct Stockroom.csv"",""source_rows"":""3139"",""classification"":""heuristic""}"
medication,🏡OM Liver Happy Teapills (200ct) TAB,🏡OM Liver Happy Teapills (200ct) TAB,evh-medications,true,1,0.93,"{""source_system"":""stockroom"",""source_file"":""Stockroom \u00b7 Instinct Stockroom.csv"",""source_rows"":""3139"",""classification"":""heuristic""}"
medication,🏡OM Losartan 100mg TAB (90ct),🏡OM Losartan 100mg TAB (90ct),evh-medications,true,1,0.93,"{""source_system"":""stockroom"",""source_file"":""Stockroom \u00b7 Instinct Stockroom.csv"",""source_rows"":""3139"",""classification"":""heuristic""}"
medication,🏡OM Losartan 50mg TAB (90ct),🏡OM Losartan 50mg TAB (90ct),evh-medications,true,1,0.93,"{""source_system"":""stockroom"",""source_file"":""Stockroom \u00b7 Instinct Stockroom.csv"",""source_rows"":""3139"",""classification"":""heuristic""}"
medication,🏡OM Marbofloxacin ( Zeniquin ) 25mg TAB,🏡OM Marbofloxacin ( Zeniquin ) 25mg TAB,evh-medications,true,1,0.93,"{""source_system"":""stockroom"",""source_file"":""Stockroom \u00b7 Instinct Stockroom.csv"",""source_rows"":""3139"",""classification"":""heuristic""}"
medication,🏡OM Marbofloxacin (Marboquin) 100mg TAB,🏡OM Marbofloxacin (Marboquin) 100mg TAB,evh-medications,true,1,0.93,"{""source_system"":""stockroom"",""source_file"":""Stockroom \u00b7 Instinct Stockroom.csv"",""source_rows"":""3139"",""classification"":""heuristic""}"
medication,🏡OM Marbofloxacin 25mg/ml Susp.,🏡OM Marbofloxacin 25mg/ml Susp.,evh-medications,true,1,0.93,"{""source_system"":""stockroom"",""source_file"":""Stockroom \u00b7 Instinct Stockroom.csv"",""source_rows"":""3139"",""classification"":""heuristic""}"
medication,🏡OM Maropitant (Cerenia) 160mg Tablets 4pk,🏡OM Maropitant (Cerenia) 160mg Tablets 4pk,evh-medications,true,1,0.93,"{""source_system"":""stockroom"",""source_file"":""Stockroom \u00b7 Instinct Stockroom.csv"",""source_rows"":""3139"",""classification"":""heuristic""}"
medication,🏡OM Meloxicam 7.5mg TAB,🏡OM Meloxicam 7.5mg TAB,evh-medications,true,1,0.93,"{""source_system"":""stockroom"",""source_file"":""Stockroom \u00b7 Instinct Stockroom.csv"",""source_rows"":""3139"",""classification"":""heuristic""}"
medication,🏡OM Meloxidyl (Meloxicam) ORAL 200 ml (1.5mg/mL),🏡OM Meloxidyl (Meloxicam) ORAL 200 ml (1.5mg/mL),evh-medications,true,1,0.93,"{""source_system"":""stockroom"",""source_file"":""Stockroom \u00b7 Instinct Stockroom.csv"",""source_rows"":""3139"",""classification"":""heuristic""}"
medication,🏡OM Metformin 500mg TAB,🏡OM Metformin 500mg TAB,evh-medications,true,1,0.93,"{""source_system"":""stockroom"",""source_file"":""Stockroom \u00b7 Instinct Stockroom.csv"",""source_rows"":""3139"",""classification"":""heuristic""}"
medication,🏡OM Methimazole (Felimazole) 2.5mg TAB,🏡OM Methimazole (Felimazole) 2.5mg TAB,evh-medications,true,1,0.93,"{""source_system"":""stockroom"",""source_file"":""Stockroom \u00b7 Instinct Stockroom.csv"",""source_rows"":""3139"",""classification"":""heuristic""}"
medication,🏡OM Methimazole (Felimazole) 5mg TAB,🏡OM Methimazole (Felimazole) 5mg TAB,evh-medications,true,1,0.93,"{""source_system"":""stockroom"",""source_file"":""Stockroom \u00b7 Instinct Stockroom.csv"",""source_rows"":""3139"",""classification"":""heuristic""}"
medication,🏡OM Methocarbamol 500mg TAB,🏡OM Methocarbamol 500mg TAB,evh-medications,true,1,0.93,"{""source_system"":""stockroom"",""source_file"":""Stockroom \u00b7 Instinct Stockroom.csv"",""source_rows"":""3139"",""classification"":""heuristic""}"
medication,🏡OM Metoclopramide ( Reglan ) 5mg/5ml (1mg/mL) LIQ,🏡OM Metoclopramide ( Reglan ) 5mg/5ml (1mg/mL) LIQ,evh-medications,true,1,0.93,"{""source_system"":""stockroom"",""source_file"":""Stockroom \u00b7 Instinct Stockroom.csv"",""source_rows"":""3139"",""classification"":""heuristic""}"
medication,🏡OM Metoclopramide (Reglan) 10mg TAB,🏡OM Metoclopramide (Reglan) 10mg TAB,evh-medications,true,1,0.93,"{""source_system"":""stockroom"",""source_file"":""Stockroom \u00b7 Instinct Stockroom.csv"",""source_rows"":""3139"",""classification"":""heuristic""}"
medication,🏡OM Metoclopramide (Reglan) 5mg TAB,🏡OM Metoclopramide (Reglan) 5mg TAB,evh-medications,true,1,0.93,"{""source_system"":""stockroom"",""source_file"":""Stockroom \u00b7 Instinct Stockroom.csv"",""source_rows"":""3139"",""classification"":""heuristic""}"
medication,🏡OM Metronidazole (Flagyl) 100mg/ml Susp.,🏡OM Metronidazole (Flagyl) 100mg/ml Susp.,evh-medications,true,1,0.93,"{""source_system"":""stockroom"",""source_file"":""Stockroom \u00b7 Instinct Stockroom.csv"",""source_rows"":""3139"",""classification"":""heuristic""}"
medication,🏡OM Metronidazole (Flagyl) 250mg TAB,🏡OM Metronidazole (Flagyl) 250mg TAB,evh-medications,true,1,0.93,"{""source_system"":""stockroom"",""source_file"":""Stockroom \u00b7 Instinct Stockroom.csv"",""source_rows"":""3139"",""classification"":""heuristic""}"
medication,🏡OM Metronidazole (Flagyl) 500mg TAB,🏡OM Metronidazole (Flagyl) 500mg TAB,evh-medications,true,1,0.93,"{""source_system"":""stockroom"",""source_file"":""Stockroom \u00b7 Instinct Stockroom.csv"",""source_rows"":""3139"",""classification"":""heuristic""}"
medication,🏡OM Mirataz Transdermal Ointment,🏡OM Mirataz Transdermal Ointment,evh-medications,true,1,0.93,"{""source_system"":""stockroom"",""source_file"":""Stockroom \u00b7 Instinct Stockroom.csv"",""source_rows"":""3139"",""classification"":""heuristic""}"
medication,🏡OM Mirtazapine 1.8mg Simply Melt TAB,🏡OM Mirtazapine 1.8mg Simply Melt TAB,evh-medications,true,1,0.93,"{""source_system"":""stockroom"",""source_file"":""Stockroom \u00b7 Instinct Stockroom.csv"",""source_rows"":""3139"",""classification"":""heuristic""}"
medication,🏡OM Mirtazapine 15mg TAB,🏡OM Mirtazapine 15mg TAB,evh-medications,true,1,0.93,"{""source_system"":""stockroom"",""source_file"":""Stockroom \u00b7 Instinct Stockroom.csv"",""source_rows"":""3139"",""classification"":""heuristic""}"
medication,🏡OM Muricin (Mupirocin) 2% Oint. 15g,🏡OM Muricin (Mupirocin) 2% Oint. 15g,evh-medications,true,1,0.93,"{""source_system"":""stockroom"",""source_file"":""Stockroom \u00b7 Instinct Stockroom.csv"",""source_rows"":""3139"",""classification"":""heuristic""}"
medication,🏡OM Neo/Poly/B/HC Ointment,🏡OM Neo/Poly/B/HC Ointment,evh-medications,true,1,0.93,"{""source_system"":""stockroom"",""source_file"":""Stockroom \u00b7 Instinct Stockroom.csv"",""source_rows"":""3139"",""classification"":""heuristic""}"
medication,🏡OM NeoPoly Bac Oph Oint 3.5g,🏡OM NeoPoly Bac Oph Oint 3.5g,evh-medications,true,1,0.93,"{""source_system"":""stockroom"",""source_file"":""Stockroom \u00b7 Instinct Stockroom.csv"",""source_rows"":""3139"",""classification"":""heuristic""}"
medication,🏡OM Neopoly Dex Eye Drops,🏡OM Neopoly Dex Eye Drops,evh-medications,true,1,0.93,"{""source_system"":""stockroom"",""source_file"":""Stockroom \u00b7 Instinct Stockroom.csv"",""source_rows"":""3139"",""classification"":""heuristic""}"
medication,🏡OM Neopolydex Eye Ointment,🏡OM Neopolydex Eye Ointment,evh-medications,true,1,0.93,"{""source_system"":""stockroom"",""source_file"":""Stockroom \u00b7 Instinct Stockroom.csv"",""source_rows"":""3139"",""classification"":""heuristic""}"
medication,🏡OM New Xiang Ru San 600g Powder,🏡OM New Xiang Ru San 600g Powder,evh-medications,true,1,0.93,"{""source_system"":""stockroom"",""source_file"":""Stockroom \u00b7 Instinct Stockroom.csv"",""source_rows"":""3139"",""classification"":""heuristic""}"
medication,🏡OM Nexgard COMBO for Cats 1.8-5.5#,🏡OM Nexgard COMBO for Cats 1.8-5.5#,evh-medications,true,1,0.93,"{""source_system"":""stockroom"",""source_file"":""Stockroom \u00b7 Instinct Stockroom.csv"",""source_rows"":""3139"",""classification"":""heuristic""}"
medication,🏡OM Nexgard COMBO for Cats 5.6-16.5#,🏡OM Nexgard COMBO for Cats 5.6-16.5#,evh-medications,true,1,0.93,"{""source_system"":""stockroom"",""source_file"":""Stockroom \u00b7 Instinct Stockroom.csv"",""source_rows"":""3139"",""classification"":""heuristic""}"
medication,🏡OM Nexgard Flea/Tick Chew 04 - 10 lb,🏡OM Nexgard Flea/Tick Chew 04 - 10 lb,evh-medications,true,1,0.93,"{""source_system"":""stockroom"",""source_file"":""Stockroom \u00b7 Instinct Stockroom.csv"",""source_rows"":""3139"",""classification"":""heuristic""}"
medication,🏡OM Nexgard Flea/Tick Chew 10.1 - 24 lb,🏡OM Nexgard Flea/Tick Chew 10.1 - 24 lb,evh-medications,true,1,0.93,"{""source_system"":""stockroom"",""source_file"":""Stockroom \u00b7 Instinct Stockroom.csv"",""source_rows"":""3139"",""classification"":""heuristic""}"
medication,🏡OM Nexgard Flea/Tick Chew 24.1 - 60 lb,🏡OM Nexgard Flea/Tick Chew 24.1 - 60 lb,evh-medications,true,1,0.93,"{""source_system"":""stockroom"",""source_file"":""Stockroom \u00b7 Instinct Stockroom.csv"",""source_rows"":""3139"",""classification"":""heuristic""}"
medication,🏡OM Nexgard Flea/Tick Chew 60.1 - 121 lb,🏡OM Nexgard Flea/Tick Chew 60.1 - 121 lb,evh-medications,true,1,0.93,"{""source_system"":""stockroom"",""source_file"":""Stockroom \u00b7 Instinct Stockroom.csv"",""source_rows"":""3139"",""classification"":""heuristic""}"
medication,🏡OM Nexgard Plus for Dogs 17 - 33#,🏡OM Nexgard Plus for Dogs 17 - 33#,evh-medications,true,1,0.93,"{""source_system"":""stockroom"",""source_file"":""Stockroom \u00b7 Instinct Stockroom.csv"",""source_rows"":""3139"",""classification"":""heuristic""}"
medication,🏡OM Nexgard Plus for Dogs 33.1 - 66#,🏡OM Nexgard Plus for Dogs 33.1 - 66#,evh-medications,true,1,0.93,"{""source_system"":""stockroom"",""source_file"":""Stockroom \u00b7 Instinct Stockroom.csv"",""source_rows"":""3139"",""classification"":""heuristic""}"
medication,🏡OM Nexgard Plus for Dogs 4 - 8#,🏡OM Nexgard Plus for Dogs 4 - 8#,evh-medications,true,1,0.93,"{""source_system"":""stockroom"",""source_file"":""Stockroom \u00b7 Instinct Stockroom.csv"",""source_rows"":""3139"",""classification"":""heuristic""}"
medication,🏡OM Nexgard Plus for Dogs 66 - 132#,🏡OM Nexgard Plus for Dogs 66 - 132#,evh-medications,true,1,0.93,"{""source_system"":""stockroom"",""source_file"":""Stockroom \u00b7 Instinct Stockroom.csv"",""source_rows"":""3139"",""classification"":""heuristic""}"
medication,🏡OM Nexgard Plus for Dogs 8.1 - 17#,🏡OM Nexgard Plus for Dogs 8.1 - 17#,evh-medications,true,1,0.93,"{""source_system"":""stockroom"",""source_file"":""Stockroom \u00b7 Instinct Stockroom.csv"",""source_rows"":""3139"",""classification"":""heuristic""}"
medication,🏡OM NutriHerb - Bright Mind 120ct CAP,🏡OM NutriHerb - Bright Mind 120ct CAP,evh-medications,true,1,0.93,"{""source_system"":""stockroom"",""source_file"":""Stockroom \u00b7 Instinct Stockroom.csv"",""source_rows"":""3139"",""classification"":""heuristic""}"
medication,🏡OM Ondansetron (Zofran) 4mg TAB,🏡OM Ondansetron (Zofran) 4mg TAB,evh-medications,true,1,0.93,"{""source_system"":""stockroom"",""source_file"":""Stockroom \u00b7 Instinct Stockroom.csv"",""source_rows"":""3139"",""classification"":""heuristic""}"
medication,🏡OM Ondansetron (Zofran) 8mg TAB,🏡OM Ondansetron (Zofran) 8mg TAB,evh-medications,true,1,0.93,"{""source_system"":""stockroom"",""source_file"":""Stockroom \u00b7 Instinct Stockroom.csv"",""source_rows"":""3139"",""classification"":""heuristic""}"
medication,🏡OM Onsior 6mg (3 ct),🏡OM Onsior 6mg (3 ct),evh-medications,true,1,0.93,"{""source_system"":""stockroom"",""source_file"":""Stockroom \u00b7 Instinct Stockroom.csv"",""source_rows"":""3139"",""classification"":""heuristic""}"
medication,🏡OM Ophiopogon Formula 0.5g CAP (200ct),🏡OM Ophiopogon Formula 0.5g CAP (200ct),evh-medications,true,1,0.93,"{""source_system"":""stockroom"",""source_file"":""Stockroom \u00b7 Instinct Stockroom.csv"",""source_rows"":""3139"",""classification"":""heuristic""}"
medication,🏡OM Optixcare Eye Lube Plus 20g,🏡OM Optixcare Eye Lube Plus 20g,evh-medications,true,1,0.93,"{""source_system"":""stockroom"",""source_file"":""Stockroom \u00b7 Instinct Stockroom.csv"",""source_rows"":""3139"",""classification"":""heuristic""}"
medication,🏡OM Palladia 10mg TAB,🏡OM Palladia 10mg TAB,evh-medications,true,1,0.93,"{""source_system"":""stockroom"",""source_file"":""Stockroom \u00b7 Instinct Stockroom.csv"",""source_rows"":""3139"",""classification"":""heuristic""}"
medication,🏡OM Palladia 15mg TAB,🏡OM Palladia 15mg TAB,evh-medications,true,1,0.93,"{""source_system"":""stockroom"",""source_file"":""Stockroom \u00b7 Instinct Stockroom.csv"",""source_rows"":""3139"",""classification"":""heuristic""}"
medication,🏡OM Palladia 50mg TAB,🏡OM Palladia 50mg TAB,evh-medications,true,1,0.93,"{""source_system"":""stockroom"",""source_file"":""Stockroom \u00b7 Instinct Stockroom.csv"",""source_rows"":""3139"",""classification"":""heuristic""}"
medication,🏡OM Panacur Equine Paste 25gm,🏡OM Panacur Equine Paste 25gm,evh-medications,true,1,0.93,"{""source_system"":""stockroom"",""source_file"":""Stockroom \u00b7 Instinct Stockroom.csv"",""source_rows"":""3139"",""classification"":""heuristic""}"
medication,🏡OM PancrePlus Enzyme Concentrate 500ct TAB,🏡OM PancrePlus Enzyme Concentrate 500ct TAB,evh-medications,true,1,0.93,"{""source_system"":""stockroom"",""source_file"":""Stockroom \u00b7 Instinct Stockroom.csv"",""source_rows"":""3139"",""classification"":""heuristic""}"
medication,🏡OM Paroxetine 10mg TAB,🏡OM Paroxetine 10mg TAB,evh-medications,true,1,0.93,"{""source_system"":""stockroom"",""source_file"":""Stockroom \u00b7 Instinct Stockroom.csv"",""source_rows"":""3139"",""classification"":""heuristic""}"
medication,🏡OM Paroxetine 20mg TAB,🏡OM Paroxetine 20mg TAB,evh-medications,true,1,0.93,"{""source_system"":""stockroom"",""source_file"":""Stockroom \u00b7 Instinct Stockroom.csv"",""source_rows"":""3139"",""classification"":""heuristic""}"
medication,🏡OM Pet-Tinic 30ml,🏡OM Pet-Tinic 30ml,evh-medications,true,1,0.93,"{""source_system"":""stockroom"",""source_file"":""Stockroom \u00b7 Instinct Stockroom.csv"",""source_rows"":""3139"",""classification"":""heuristic""}"
medication,🏡OM Pimobendan 5mg Quad TAB,🏡OM Pimobendan 5mg Quad TAB,evh-medications,true,1,0.93,"{""source_system"":""stockroom"",""source_file"":""Stockroom \u00b7 Instinct Stockroom.csv"",""source_rows"":""3139"",""classification"":""heuristic""}"
medication,🏡OM Prazosin HCI 1mg/ml,🏡OM Prazosin HCI 1mg/ml,evh-medications,true,1,0.93,"{""source_system"":""stockroom"",""source_file"":""Stockroom \u00b7 Instinct Stockroom.csv"",""source_rows"":""3139"",""classification"":""heuristic""}"
medication,🏡OM Prednisolone 5mg TAB,🏡OM Prednisolone 5mg TAB,evh-medications,true,1,0.93,"{""source_system"":""stockroom"",""source_file"":""Stockroom \u00b7 Instinct Stockroom.csv"",""source_rows"":""3139"",""classification"":""heuristic""}"
medication,🏡OM Prednisolone Syrup 15mg/5ml (3mg/mL),🏡OM Prednisolone Syrup 15mg/5ml (3mg/mL),evh-medications,true,1,0.93,"{""source_system"":""stockroom"",""source_file"":""Stockroom \u00b7 Instinct Stockroom.csv"",""source_rows"":""3139"",""classification"":""heuristic""}"
medication,🏡OM Prednisone 10mg TAB,🏡OM Prednisone 10mg TAB,evh-medications,true,1,0.93,"{""source_system"":""stockroom"",""source_file"":""Stockroom \u00b7 Instinct Stockroom.csv"",""source_rows"":""3139"",""classification"":""heuristic""}"
medication,🏡OM Prednisone 1mg Tablet,🏡OM Prednisone 1mg Tablet,evh-medications,true,1,0.93,"{""source_system"":""stockroom"",""source_file"":""Stockroom \u00b7 Instinct Stockroom.csv"",""source_rows"":""3139"",""classification"":""heuristic""}"
medication,🏡OM Prednisone 20MG TAB,🏡OM Prednisone 20MG TAB,evh-medications,true,1,0.93,"{""source_system"":""stockroom"",""source_file"":""Stockroom \u00b7 Instinct Stockroom.csv"",""source_rows"":""3139"",""classification"":""heuristic""}"
medication,🏡OM Prednisone 5mg TAB,🏡OM Prednisone 5mg TAB,evh-medications,true,1,0.93,"{""source_system"":""stockroom"",""source_file"":""Stockroom \u00b7 Instinct Stockroom.csv"",""source_rows"":""3139"",""classification"":""heuristic""}"
medication,🏡OM Pro-Pectalin Anti-Diarrheal Gel 15cc,🏡OM Pro-Pectalin Anti-Diarrheal Gel 15cc,evh-medications,true,1,0.93,"{""source_system"":""stockroom"",""source_file"":""Stockroom \u00b7 Instinct Stockroom.csv"",""source_rows"":""3139"",""classification"":""heuristic""}"
medication,🏡OM Pro-Pectalin Anti-Diarrheal Gel 30cc,🏡OM Pro-Pectalin Anti-Diarrheal Gel 30cc,evh-medications,true,1,0.93,"{""source_system"":""stockroom"",""source_file"":""Stockroom \u00b7 Instinct Stockroom.csv"",""source_rows"":""3139"",""classification"":""heuristic""}"
medication,🏡OM Pro-Pectalin Anti-Diarrheal TAB,🏡OM Pro-Pectalin Anti-Diarrheal TAB,evh-medications,true,1,0.93,"{""source_system"":""stockroom"",""source_file"":""Stockroom \u00b7 Instinct Stockroom.csv"",""source_rows"":""3139"",""classification"":""heuristic""}"
medication,🏡OM Proviable DC Probiotic Supp. CAP,🏡OM Proviable DC Probiotic Supp. CAP,evh-medications,true,1,0.93,"{""source_system"":""stockroom"",""source_file"":""Stockroom \u00b7 Instinct Stockroom.csv"",""source_rows"":""3139"",""classification"":""heuristic""}"
medication,🏡OM Pyrantel Pamoate Liquid (50mg/mL),🏡OM Pyrantel Pamoate Liquid (50mg/mL),evh-medications,true,1,0.93,"{""source_system"":""stockroom"",""source_file"":""Stockroom \u00b7 Instinct Stockroom.csv"",""source_rows"":""3139"",""classification"":""heuristic""}"
medication,🏡OM Red Front Door (200ct) CAP,🏡OM Red Front Door (200ct) CAP,evh-medications,true,1,0.93,"{""source_system"":""stockroom"",""source_file"":""Stockroom \u00b7 Instinct Stockroom.csv"",""source_rows"":""3139"",""classification"":""heuristic""}"
medication,🏡OM Rejensa Joint Care Chew 30ct Tub,🏡OM Rejensa Joint Care Chew 30ct Tub,evh-medications,true,1,0.93,"{""source_system"":""stockroom"",""source_file"":""Stockroom \u00b7 Instinct Stockroom.csv"",""source_rows"":""3139"",""classification"":""heuristic""}"
medication,🏡OM Rejensa Joint Care Chew 60ct Tub,🏡OM Rejensa Joint Care Chew 60ct Tub,evh-medications,true,1,0.93,"{""source_system"":""stockroom"",""source_file"":""Stockroom \u00b7 Instinct Stockroom.csv"",""source_rows"":""3139"",""classification"":""heuristic""}"
medication,🏡OM Renal K+ Powder 100g,🏡OM Renal K+ Powder 100g,evh-medications,true,1,0.93,"{""source_system"":""stockroom"",""source_file"":""Stockroom \u00b7 Instinct Stockroom.csv"",""source_rows"":""3139"",""classification"":""heuristic""}"
medication,🏡OM Revolution Plus Cat 11.1 - 22#,🏡OM Revolution Plus Cat 11.1 - 22#,evh-medications,true,1,0.93,"{""source_system"":""stockroom"",""source_file"":""Stockroom \u00b7 Instinct Stockroom.csv"",""source_rows"":""3139"",""classification"":""heuristic""}"
medication,🏡OM Revolution Plus Cat 2.8 - 5.5#,🏡OM Revolution Plus Cat 2.8 - 5.5#,evh-medications,true,1,0.93,"{""source_system"":""stockroom"",""source_file"":""Stockroom \u00b7 Instinct Stockroom.csv"",""source_rows"":""3139"",""classification"":""heuristic""}"
medication,🏡OM Revolution Plus Cat 5.6 - 11#,🏡OM Revolution Plus Cat 5.6 - 11#,evh-medications,true,1,0.93,"{""source_system"":""stockroom"",""source_file"":""Stockroom \u00b7 Instinct Stockroom.csv"",""source_rows"":""3139"",""classification"":""heuristic""}"
medication,🏡OM Rilexine Chew TAB 300mg (Cephalexin),🏡OM Rilexine Chew TAB 300mg (Cephalexin),evh-medications,true,1,0.93,"{""source_system"":""stockroom"",""source_file"":""Stockroom \u00b7 Instinct Stockroom.csv"",""source_rows"":""3139"",""classification"":""heuristic""}"
medication,🏡OM Rilexine Chew TAB 600mg (Cephalexin),🏡OM Rilexine Chew TAB 600mg (Cephalexin),evh-medications,true,1,0.93,"{""source_system"":""stockroom"",""source_file"":""Stockroom \u00b7 Instinct Stockroom.csv"",""source_rows"":""3139"",""classification"":""heuristic""}"
medication,🏡OM Shen Calmer Powder 200g,🏡OM Shen Calmer Powder 200g,evh-medications,true,1,0.93,"{""source_system"":""stockroom"",""source_file"":""Stockroom \u00b7 Instinct Stockroom.csv"",""source_rows"":""3139"",""classification"":""heuristic""}"
medication,🏡OM Sildenafil 20mg TAB,🏡OM Sildenafil 20mg TAB,evh-medications,true,1,0.93,"{""source_system"":""stockroom"",""source_file"":""Stockroom \u00b7 Instinct Stockroom.csv"",""source_rows"":""3139"",""classification"":""heuristic""}"
medication,🏡OM Silver Sulfadiazine 1% 50gm,🏡OM Silver Sulfadiazine 1% 50gm,evh-medications,true,1,0.93,"{""source_system"":""stockroom"",""source_file"":""Stockroom \u00b7 Instinct Stockroom.csv"",""source_rows"":""3139"",""classification"":""heuristic""}"
medication,🏡OM Simparica Trio 11.1 - 22# Carmel,🏡OM Simparica Trio 11.1 - 22# Carmel,evh-medications,true,1,0.93,"{""source_system"":""stockroom"",""source_file"":""Stockroom \u00b7 Instinct Stockroom.csv"",""source_rows"":""3139"",""classification"":""heuristic""}"
medication,🏡OM Simparica Trio 22.1 - 44# Teal,🏡OM Simparica Trio 22.1 - 44# Teal,evh-medications,true,1,0.93,"{""source_system"":""stockroom"",""source_file"":""Stockroom \u00b7 Instinct Stockroom.csv"",""source_rows"":""3139"",""classification"":""heuristic""}"
medication,🏡OM Simparica Trio 44.1 - 88# Green,🏡OM Simparica Trio 44.1 - 88# Green,evh-medications,true,1,0.93,"{""source_system"":""stockroom"",""source_file"":""Stockroom \u00b7 Instinct Stockroom.csv"",""source_rows"":""3139"",""classification"":""heuristic""}"
medication,🏡OM Simparica Trio 5.6 - 11# Purple,🏡OM Simparica Trio 5.6 - 11# Purple,evh-medications,true,1,0.93,"{""source_system"":""stockroom"",""source_file"":""Stockroom \u00b7 Instinct Stockroom.csv"",""source_rows"":""3139"",""classification"":""heuristic""}"
medication,🏡OM Simparica Trio 88.1 - 132# Brown,🏡OM Simparica Trio 88.1 - 132# Brown,evh-medications,true,1,0.93,"{""source_system"":""stockroom"",""source_file"":""Stockroom \u00b7 Instinct Stockroom.csv"",""source_rows"":""3139"",""classification"":""heuristic""}"
medication,🏡OM Simplera Otic Solution 1ml,🏡OM Simplera Otic Solution 1ml,evh-medications,true,1,0.93,"{""source_system"":""stockroom"",""source_file"":""Stockroom \u00b7 Instinct Stockroom.csv"",""source_rows"":""3139"",""classification"":""heuristic""}"
medication,🏡OM SMZ TMP 960 mg TAB 500ct,🏡OM SMZ TMP 960 mg TAB 500ct,evh-medications,true,1,0.93,"{""source_system"":""stockroom"",""source_file"":""Stockroom \u00b7 Instinct Stockroom.csv"",""source_rows"":""3139"",""classification"":""heuristic""}"
medication,🏡OM Solva-Ker Gel 30ml Tube,🏡OM Solva-Ker Gel 30ml Tube,evh-medications,true,1,0.93,"{""source_system"":""stockroom"",""source_file"":""Stockroom \u00b7 Instinct Stockroom.csv"",""source_rows"":""3139"",""classification"":""heuristic""}"
medication,🏡OM Stomach Happy 0.5 mg 200ct CAP,🏡OM Stomach Happy 0.5 mg 200ct CAP,evh-medications,true,1,0.93,"{""source_system"":""stockroom"",""source_file"":""Stockroom \u00b7 Instinct Stockroom.csv"",""source_rows"":""3139"",""classification"":""heuristic""}"
medication,🏡OM Sucralfate 1gm TAB,🏡OM Sucralfate 1gm TAB,evh-medications,true,1,0.93,"{""source_system"":""stockroom"",""source_file"":""Stockroom \u00b7 Instinct Stockroom.csv"",""source_rows"":""3139"",""classification"":""heuristic""}"
medication,🏡OM Synotic Otic 8ml,🏡OM Synotic Otic 8ml,evh-medications,true,1,0.93,"{""source_system"":""stockroom"",""source_file"":""Stockroom \u00b7 Instinct Stockroom.csv"",""source_rows"":""3139"",""classification"":""heuristic""}"
medication,🏡OM Telmisartan 20mg TAB 30ct,🏡OM Telmisartan 20mg TAB 30ct,evh-medications,true,1,0.93,"{""source_system"":""stockroom"",""source_file"":""Stockroom \u00b7 Instinct Stockroom.csv"",""source_rows"":""3139"",""classification"":""heuristic""}"
medication,🏡OM Telmisartan 40mg TAB 30ct,🏡OM Telmisartan 40mg TAB 30ct,evh-medications,true,1,0.93,"{""source_system"":""stockroom"",""source_file"":""Stockroom \u00b7 Instinct Stockroom.csv"",""source_rows"":""3139"",""classification"":""heuristic""}"
medication,🏡OM Temaril - P TAB,🏡OM Temaril - P TAB,evh-medications,true,1,0.93,"{""source_system"":""stockroom"",""source_file"":""Stockroom \u00b7 Instinct Stockroom.csv"",""source_rows"":""3139"",""classification"":""heuristic""}"
medication,🏡OM Tendon/Ligament 200 ct. CAP,🏡OM Tendon/Ligament 200 ct. CAP,evh-medications,true,1,0.93,"{""source_system"":""stockroom"",""source_file"":""Stockroom \u00b7 Instinct Stockroom.csv"",""source_rows"":""3139"",""classification"":""heuristic""}"
medication,🏡OM Tendon/Ligament Powder 200g,🏡OM Tendon/Ligament Powder 200g,evh-medications,true,1,0.93,"{""source_system"":""stockroom"",""source_file"":""Stockroom \u00b7 Instinct Stockroom.csv"",""source_rows"":""3139"",""classification"":""heuristic""}"
medication,🏡OM Terbinafine 250mg TAB,🏡OM Terbinafine 250mg TAB,evh-medications,true,1,0.93,"{""source_system"":""stockroom"",""source_file"":""Stockroom \u00b7 Instinct Stockroom.csv"",""source_rows"":""3139"",""classification"":""heuristic""}"
medication,🏡OM Terramycin Opthalmic Ointment,🏡OM Terramycin Opthalmic Ointment,evh-medications,true,1,0.93,"{""source_system"":""stockroom"",""source_file"":""Stockroom \u00b7 Instinct Stockroom.csv"",""source_rows"":""3139"",""classification"":""heuristic""}"
medication,🏡OM Tobramycin 0.3% Opth. Sol. (5ml),🏡OM Tobramycin 0.3% Opth. Sol. (5ml),evh-medications,true,1,0.93,"{""source_system"":""stockroom"",""source_file"":""Stockroom \u00b7 Instinct Stockroom.csv"",""source_rows"":""3139"",""classification"":""heuristic""}"
medication,🏡OM Trazodone 100 mg TAB,🏡OM Trazodone 100 mg TAB,evh-medications,true,1,0.93,"{""source_system"":""stockroom"",""source_file"":""Stockroom \u00b7 Instinct Stockroom.csv"",""source_rows"":""3139"",""classification"":""heuristic""}"
medication,🏡OM Trazodone 50 mg TAB,🏡OM Trazodone 50 mg TAB,evh-medications,true,1,0.93,"{""source_system"":""stockroom"",""source_file"":""Stockroom \u00b7 Instinct Stockroom.csv"",""source_rows"":""3139"",""classification"":""heuristic""}"
medication,🏡OM TrizEDTA 4oz + Baytril 12ml OTIC,🏡OM TrizEDTA 4oz + Baytril 12ml OTIC,evh-medications,true,1,0.93,"{""source_system"":""stockroom"",""source_file"":""Stockroom \u00b7 Instinct Stockroom.csv"",""source_rows"":""3139"",""classification"":""heuristic""}"
medication,🏡OM TrizUltra Keto 4oz + Baytril 12ml OTIC,🏡OM TrizUltra Keto 4oz + Baytril 12ml OTIC,evh-medications,true,1,0.93,"{""source_system"":""stockroom"",""source_file"":""Stockroom \u00b7 Instinct Stockroom.csv"",""source_rows"":""3139"",""classification"":""heuristic""}"
medication,🏡OM VC No Scoot Soft Chews 65ct,🏡OM VC No Scoot Soft Chews 65ct,evh-medications,true,1,0.93,"{""source_system"":""stockroom"",""source_file"":""Stockroom \u00b7 Instinct Stockroom.csv"",""source_rows"":""3139"",""classification"":""heuristic""}"
medication,🏡OM VC Stop Stool Eating Plus Soft Chew 90ct,🏡OM VC Stop Stool Eating Plus Soft Chew 90ct,evh-medications,true,1,0.93,"{""source_system"":""stockroom"",""source_file"":""Stockroom \u00b7 Instinct Stockroom.csv"",""source_rows"":""3139"",""classification"":""heuristic""}"
medication,🏡OM VC Stress Away Chew Tabs 30ct,🏡OM VC Stress Away Chew Tabs 30ct,evh-medications,true,1,0.93,"{""source_system"":""stockroom"",""source_file"":""Stockroom \u00b7 Instinct Stockroom.csv"",""source_rows"":""3139"",""classification"":""heuristic""}"
medication,🏡OM VC Stress Away Chews 65ct,🏡OM VC Stress Away Chews 65ct,evh-medications,true,1,0.93,"{""source_system"":""stockroom"",""source_file"":""Stockroom \u00b7 Instinct Stockroom.csv"",""source_rows"":""3139"",""classification"":""heuristic""}"
medication,🏡OM VC Tear Stain Soft Chews 65ct,🏡OM VC Tear Stain Soft Chews 65ct,evh-medications,true,1,0.93,"{""source_system"":""stockroom"",""source_file"":""Stockroom \u00b7 Instinct Stockroom.csv"",""source_rows"":""3139"",""classification"":""heuristic""}"
medication,🏡OM Veraflox (Pradofloxacin) Cat Oral Suspension 15ml (25mg/mL),🏡OM Veraflox (Pradofloxacin) Cat Oral Suspension 15ml (25mg/mL),evh-medications,true,1,0.93,"{""source_system"":""stockroom"",""source_file"":""Stockroom \u00b7 Instinct Stockroom.csv"",""source_rows"":""3139"",""classification"":""heuristic""}"
medication,🏡OM Vetmedin 1.25mg TAB (50Ct),🏡OM Vetmedin 1.25mg TAB (50Ct),evh-medications,true,1,0.93,"{""source_system"":""stockroom"",""source_file"":""Stockroom \u00b7 Instinct Stockroom.csv"",""source_rows"":""3139"",""classification"":""heuristic""}"
medication,🏡OM Vetmedin 10mg TAB (50ct),🏡OM Vetmedin 10mg TAB (50ct),evh-medications,true,1,0.93,"{""source_system"":""stockroom"",""source_file"":""Stockroom \u00b7 Instinct Stockroom.csv"",""source_rows"":""3139"",""classification"":""heuristic""}"
medication,🏡OM Vetmedin 2.5mg TAB (50ct),🏡OM Vetmedin 2.5mg TAB (50ct),evh-medications,true,1,0.93,"{""source_system"":""stockroom"",""source_file"":""Stockroom \u00b7 Instinct Stockroom.csv"",""source_rows"":""3139"",""classification"":""heuristic""}"
medication,🏡OM Vetmedin 5mg TAB (50ct),🏡OM Vetmedin 5mg TAB (50ct),evh-medications,true,1,0.93,"{""source_system"":""stockroom"",""source_file"":""Stockroom \u00b7 Instinct Stockroom.csv"",""source_rows"":""3139"",""classification"":""heuristic""}"
medication,🏡OM Vetri Science Cardio Pro 60ct Chew,🏡OM Vetri Science Cardio Pro 60ct Chew,evh-medications,true,1,0.93,"{""source_system"":""stockroom"",""source_file"":""Stockroom \u00b7 Instinct Stockroom.csv"",""source_rows"":""3139"",""classification"":""heuristic""}"
medication,🏡OM Vetri Science Composure Pro 60 ct. Chew,🏡OM Vetri Science Composure Pro 60 ct. Chew,evh-medications,true,1,0.93,"{""source_system"":""stockroom"",""source_file"":""Stockroom \u00b7 Instinct Stockroom.csv"",""source_rows"":""3139"",""classification"":""heuristic""}"
medication,🏡OM Vetri Science Hepaticlear Pro 60ct Chew,🏡OM Vetri Science Hepaticlear Pro 60ct Chew,evh-medications,true,1,0.93,"{""source_system"":""stockroom"",""source_file"":""Stockroom \u00b7 Instinct Stockroom.csv"",""source_rows"":""3139"",""classification"":""heuristic""}"
medication,🏡OM Vetsulin 10 ml,🏡OM Vetsulin 10 ml,evh-medications,true,1,0.93,"{""source_system"":""stockroom"",""source_file"":""Stockroom \u00b7 Instinct Stockroom.csv"",""source_rows"":""3139"",""classification"":""heuristic""}"
medication,🏡OM Viralys Powder 100gm,🏡OM Viralys Powder 100gm,evh-medications,true,1,0.93,"{""source_system"":""stockroom"",""source_file"":""Stockroom \u00b7 Instinct Stockroom.csv"",""source_rows"":""3139"",""classification"":""heuristic""}"
medication,🏡OM Virbantel 114mg (Large 25-200#) TAB,🏡OM Virbantel 114mg (Large 25-200#) TAB,evh-medications,true,1,0.93,"{""source_system"":""stockroom"",""source_file"":""Stockroom \u00b7 Instinct Stockroom.csv"",""source_rows"":""3139"",""classification"":""heuristic""}"
medication,🏡OM Virbantel 30mg (Small 1-25#) TAB,🏡OM Virbantel 30mg (Small 1-25#) TAB,evh-medications,true,1,0.93,"{""source_system"":""stockroom"",""source_file"":""Stockroom \u00b7 Instinct Stockroom.csv"",""source_rows"":""3139"",""classification"":""heuristic""}"
medication,🏡OM Vitamin K1 25mg (Chew) TAB,🏡OM Vitamin K1 25mg (Chew) TAB,evh-medications,true,1,0.93,"{""source_system"":""stockroom"",""source_file"":""Stockroom \u00b7 Instinct Stockroom.csv"",""source_rows"":""3139"",""classification"":""heuristic""}"
medication,🏡OM Vitamin K1 50mg (Chew) TAB,🏡OM Vitamin K1 50mg (Chew) TAB,evh-medications,true,1,0.93,"{""source_system"":""stockroom"",""source_file"":""Stockroom \u00b7 Instinct Stockroom.csv"",""source_rows"":""3139"",""classification"":""heuristic""}"
medication,🏡OM VS Renal Essentials Pro Chew 60ct,🏡OM VS Renal Essentials Pro Chew 60ct,evh-medications,true,1,0.93,"{""source_system"":""stockroom"",""source_file"":""Stockroom \u00b7 Instinct Stockroom.csv"",""source_rows"":""3139"",""classification"":""heuristic""}"
medication,🏡OM Wei Qi Booster 0.5g 200ct CAP,🏡OM Wei Qi Booster 0.5g 200ct CAP,evh-medications,true,1,0.93,"{""source_system"":""stockroom"",""source_file"":""Stockroom \u00b7 Instinct Stockroom.csv"",""source_rows"":""3139"",""classification"":""heuristic""}"
medication,🏡OM Wei Qi Booster Powder 200g,🏡OM Wei Qi Booster Powder 200g,evh-medications,true,1,0.93,"{""source_system"":""stockroom"",""source_file"":""Stockroom \u00b7 Instinct Stockroom.csv"",""source_rows"":""3139"",""classification"":""heuristic""}"
medication,🏡OM Wei Qi Booster Teapill 180mg 200ct,🏡OM Wei Qi Booster Teapill 180mg 200ct,evh-medications,true,1,0.93,"{""source_system"":""stockroom"",""source_file"":""Stockroom \u00b7 Instinct Stockroom.csv"",""source_rows"":""3139"",""classification"":""heuristic""}"
medication,🏡OM Wen Dan Tang Wan Teapills (200ct) TAB,🏡OM Wen Dan Tang Wan Teapills (200ct) TAB,evh-medications,true,1,0.93,"{""source_system"":""stockroom"",""source_file"":""Stockroom \u00b7 Instinct Stockroom.csv"",""source_rows"":""3139"",""classification"":""heuristic""}"
medication,🏡OM Xiang Lian Wan (200ct) TAB,🏡OM Xiang Lian Wan (200ct) TAB,evh-medications,true,1,0.93,"{""source_system"":""stockroom"",""source_file"":""Stockroom \u00b7 Instinct Stockroom.csv"",""source_rows"":""3139"",""classification"":""heuristic""}"
medication,🏡OM Xue Fu Zhu Yu 180mg (200ct) TAB,🏡OM Xue Fu Zhu Yu 180mg (200ct) TAB,evh-medications,true,1,0.93,"{""source_system"":""stockroom"",""source_file"":""Stockroom \u00b7 Instinct Stockroom.csv"",""source_rows"":""3139"",""classification"":""heuristic""}"
medication,🏡OM Yang Yin Xi Feng 0.5mg CAP 200ct,🏡OM Yang Yin Xi Feng 0.5mg CAP 200ct,evh-medications,true,1,0.93,"{""source_system"":""stockroom"",""source_file"":""Stockroom \u00b7 Instinct Stockroom.csv"",""source_rows"":""3139"",""classification"":""heuristic""}"
medication,🏡OM Yunnan Bai Yao 4g powder,🏡OM Yunnan Bai Yao 4g powder,evh-medications,true,1,0.93,"{""source_system"":""stockroom"",""source_file"":""Stockroom \u00b7 Instinct Stockroom.csv"",""source_rows"":""3139"",""classification"":""heuristic""}"
medication,🏡OM Yunnan Bai Yao Spray,🏡OM Yunnan Bai Yao Spray,evh-medications,true,1,0.93,"{""source_system"":""stockroom"",""source_file"":""Stockroom \u00b7 Instinct Stockroom.csv"",""source_rows"":""3139"",""classification"":""heuristic""}"
medication,🏡OM Zheng Gu Shui (Massage Tinture) 100ml,🏡OM Zheng Gu Shui (Massage Tinture) 100ml,evh-medications,true,1,0.93,"{""source_system"":""stockroom"",""source_file"":""Stockroom \u00b7 Instinct Stockroom.csv"",""source_rows"":""3139"",""classification"":""heuristic""}"
product,(TAX) Chemotherapy Hazardous Disposal,(TAX) Chemotherapy Hazardous Disposal,evh-products,true,3,0.70,"{""source_system"":""stockroom"",""source_file"":""Stockroom \u00b7 Instinct Stockroom.csv"",""source_rows"":""3139"",""classification"":""heuristic""}"
product,(TAX) Chlorhexidine 4% Scrub w/ Aloe,(TAX) Chlorhexidine 4% Scrub w/ Aloe,evh-products,true,3,0.70,"{""source_system"":""stockroom"",""source_file"":""Stockroom \u00b7 Instinct Stockroom.csv"",""source_rows"":""3139"",""classification"":""heuristic""}"
product,(TAX) Odor Control Refill,(TAX) Odor Control Refill,evh-products,true,3,0.70,"{""source_system"":""stockroom"",""source_file"":""Stockroom \u00b7 Instinct Stockroom.csv"",""source_rows"":""3139"",""classification"":""heuristic""}"
product,(TAX) Oral Dosing Syringe 5ml/cc,(TAX) Oral Dosing Syringe 5ml/cc,evh-products,true,3,0.70,"{""source_system"":""stockroom"",""source_file"":""Stockroom \u00b7 Instinct Stockroom.csv"",""source_rows"":""3139"",""classification"":""heuristic""}"
product,(TAX) Royal Canin Feline Ur SO 17.6# Bag,(TAX) Royal Canin Feline Ur SO 17.6# Bag,evh-products,true,3,0.70,"{""source_system"":""stockroom"",""source_file"":""Stockroom \u00b7 Instinct Stockroom.csv"",""source_rows"":""3139"",""classification"":""heuristic""}"
product,1 inch binder,1 inch binder,evh-products,true,3,0.70,"{""source_system"":""stockroom"",""source_file"":""Stockroom \u00b7 Instinct Stockroom.csv"",""source_rows"":""3139"",""classification"":""heuristic""}"
product,2 in 1 Feline Aersol Chamber w/ Masks,2 in 1 Feline Aersol Chamber w/ Masks,evh-products,true,3,0.70,"{""source_system"":""stockroom"",""source_file"":""Stockroom \u00b7 Instinct Stockroom.csv"",""source_rows"":""3139"",""classification"":""heuristic""}"
product,3 compartment Organizer,3 compartment Organizer,evh-products,true,3,0.70,"{""source_system"":""stockroom"",""source_file"":""Stockroom \u00b7 Instinct Stockroom.csv"",""source_rows"":""3139"",""classification"":""heuristic""}"
product,A-FAST Scan,A-FAST Scan,evh-products,true,3,0.70,"{""source_system"":""stockroom"",""source_file"":""Stockroom \u00b7 Instinct Stockroom.csv"",""source_rows"":""3139"",""classification"":""heuristic""}"
product,A/R Balance from AVIMARK as of 4/8/26,A/R Balance from AVIMARK as of 4/8/26,evh-products,true,3,0.70,"{""source_system"":""stockroom"",""source_file"":""Stockroom \u00b7 Instinct Stockroom.csv"",""source_rows"":""3139"",""classification"":""heuristic""}"
product,Abdominal Fluid Score (AFS) (/4),Abdominal Fluid Score (AFS) (/4),evh-products,true,3,0.70,"{""source_system"":""stockroom"",""source_file"":""Stockroom \u00b7 Instinct Stockroom.csv"",""source_rows"":""3139"",""classification"":""heuristic""}"
product,Abdominal Lavage,Abdominal Lavage,evh-products,true,3,0.70,"{""source_system"":""stockroom"",""source_file"":""Stockroom \u00b7 Instinct Stockroom.csv"",""source_rows"":""3139"",""classification"":""heuristic""}"
product,Abdominocentesis - Diagnostic,Abdominocentesis - Diagnostic,evh-products,true,3,0.70,"{""source_system"":""stockroom"",""source_file"":""Stockroom \u00b7 Instinct Stockroom.csv"",""source_rows"":""3139"",""classification"":""heuristic""}"
product,Abdominocentesis - Left (mLs),Abdominocentesis - Left (mLs),evh-products,true,3,0.70,"{""source_system"":""stockroom"",""source_file"":""Stockroom \u00b7 Instinct Stockroom.csv"",""source_rows"":""3139"",""classification"":""heuristic""}"
product,Abdominocentesis - Right (mLs),Abdominocentesis - Right (mLs),evh-products,true,3,0.70,"{""source_system"":""stockroom"",""source_file"":""Stockroom \u00b7 Instinct Stockroom.csv"",""source_rows"":""3139"",""classification"":""heuristic""}"
product,Abdominocentesis - Therapeutic,Abdominocentesis - Therapeutic,evh-products,true,3,0.70,"{""source_system"":""stockroom"",""source_file"":""Stockroom \u00b7 Instinct Stockroom.csv"",""source_rows"":""3139"",""classification"":""heuristic""}"
product,Abscess-Clean/Medicate,Abscess-Clean/Medicate,evh-products,true,3,0.70,"{""source_system"":""stockroom"",""source_file"":""Stockroom \u00b7 Instinct Stockroom.csv"",""source_rows"":""3139"",""classification"":""heuristic""}"
product,Acteon Subgingival Scaler Tip #1,Acteon Subgingival Scaler Tip #1,evh-products,true,3,0.70,"{""source_system"":""stockroom"",""source_file"":""Stockroom \u00b7 Instinct Stockroom.csv"",""source_rows"":""3139"",""classification"":""heuristic""}"
product,ACTH STIM TEST ( Michigan),ACTH STIM TEST ( Michigan),evh-products,true,3,0.70,"{""source_system"":""stockroom"",""source_file"":""Stockroom \u00b7 Instinct Stockroom.csv"",""source_rows"":""3139"",""classification"":""heuristic""}"
product,Activity Books AAHA,Activity Books AAHA,evh-products,true,3,0.70,"{""source_system"":""stockroom"",""source_file"":""Stockroom \u00b7 Instinct Stockroom.csv"",""source_rows"":""3139"",""classification"":""heuristic""}"
product,ADD ON Medicated Shampoo,ADD ON Medicated Shampoo,evh-products,true,3,0.70,"{""source_system"":""stockroom"",""source_file"":""Stockroom \u00b7 Instinct Stockroom.csv"",""source_rows"":""3139"",""classification"":""heuristic""}"
product,Add Photo to Chart,Add Photo to Chart,evh-products,true,3,0.70,"{""source_system"":""stockroom"",""source_file"":""Stockroom \u00b7 Instinct Stockroom.csv"",""source_rows"":""3139"",""classification"":""heuristic""}"
product,Add- on Patellar regrooving,Add- on Patellar regrooving,evh-products,true,3,0.70,"{""source_system"":""stockroom"",""source_file"":""Stockroom \u00b7 Instinct Stockroom.csv"",""source_rows"":""3139"",""classification"":""heuristic""}"
product,Adequan Equine 50ml Bottle (100mg/mL),Adequan Equine 50ml Bottle (100mg/mL),evh-products,true,3,0.70,"{""source_system"":""stockroom"",""source_file"":""Stockroom \u00b7 Instinct Stockroom.csv"",""source_rows"":""3139"",""classification"":""heuristic""}"
product,Adjust Endotracheal Tube / Deflate Cuff,Adjust Endotracheal Tube / Deflate Cuff,evh-products,true,3,0.70,"{""source_system"":""stockroom"",""source_file"":""Stockroom \u00b7 Instinct Stockroom.csv"",""source_rows"":""3139"",""classification"":""heuristic""}"
product,Adrenal Panel to UT,Adrenal Panel to UT,evh-products,true,3,0.70,"{""source_system"":""stockroom"",""source_file"":""Stockroom \u00b7 Instinct Stockroom.csv"",""source_rows"":""3139"",""classification"":""heuristic""}"
product,Aero Dawg,Aero Dawg,evh-products,true,3,0.70,"{""source_system"":""stockroom"",""source_file"":""Stockroom \u00b7 Instinct Stockroom.csv"",""source_rows"":""3139"",""classification"":""heuristic""}"
product,Alcohol 70% Pint,Alcohol 70% Pint,evh-products,true,3,0.70,"{""source_system"":""stockroom"",""source_file"":""Stockroom \u00b7 Instinct Stockroom.csv"",""source_rows"":""3139"",""classification"":""heuristic""}"
product,Alcohol 70% Qt,Alcohol 70% Qt,evh-products,true,3,0.70,"{""source_system"":""stockroom"",""source_file"":""Stockroom \u00b7 Instinct Stockroom.csv"",""source_rows"":""3139"",""classification"":""heuristic""}"
product,Alconox Powder 4 lb.,Alconox Powder 4 lb.,evh-products,true,3,0.70,"{""source_system"":""stockroom"",""source_file"":""Stockroom \u00b7 Instinct Stockroom.csv"",""source_rows"":""3139"",""classification"":""heuristic""}"
product,Almond Pearl Lotion Soap Gal,Almond Pearl Lotion Soap Gal,evh-products,true,3,0.70,"{""source_system"":""stockroom"",""source_file"":""Stockroom \u00b7 Instinct Stockroom.csv"",""source_rows"":""3139"",""classification"":""heuristic""}"
product,Aloe & Oatmeal Conditioner Gal,Aloe & Oatmeal Conditioner Gal,evh-products,true,3,0.70,"{""source_system"":""stockroom"",""source_file"":""Stockroom \u00b7 Instinct Stockroom.csv"",""source_rows"":""3139"",""classification"":""heuristic""}"
product,AlphaTrak 3 Starter Kit,AlphaTrak 3 Starter Kit,evh-products,true,3,0.70,"{""source_system"":""stockroom"",""source_file"":""Stockroom \u00b7 Instinct Stockroom.csv"",""source_rows"":""3139"",""classification"":""heuristic""}"
product,Alphatrak Control,Alphatrak Control,evh-products,true,3,0.70,"{""source_system"":""stockroom"",""source_file"":""Stockroom \u00b7 Instinct Stockroom.csv"",""source_rows"":""3139"",""classification"":""heuristic""}"
product,AlphaTrak2 Rental Per Week,AlphaTrak2 Rental Per Week,evh-products,true,3,0.70,"{""source_system"":""stockroom"",""source_file"":""Stockroom \u00b7 Instinct Stockroom.csv"",""source_rows"":""3139"",""classification"":""heuristic""}"
product,Amber Dropper bottle 1/2oz,Amber Dropper bottle 1/2oz,evh-products,true,3,0.70,"{""source_system"":""stockroom"",""source_file"":""Stockroom \u00b7 Instinct Stockroom.csv"",""source_rows"":""3139"",""classification"":""heuristic""}"
product,Amber Dropper bottle 1oz,Amber Dropper bottle 1oz,evh-products,true,3,0.70,"{""source_system"":""stockroom"",""source_file"":""Stockroom \u00b7 Instinct Stockroom.csv"",""source_rows"":""3139"",""classification"":""heuristic""}"
product,Amputation-Digit,Amputation-Digit,evh-products,true,3,0.70,"{""source_system"":""stockroom"",""source_file"":""Stockroom \u00b7 Instinct Stockroom.csv"",""source_rows"":""3139"",""classification"":""heuristic""}"
product,Amputation-Extremity,Amputation-Extremity,evh-products,true,3,0.70,"{""source_system"":""stockroom"",""source_file"":""Stockroom \u00b7 Instinct Stockroom.csv"",""source_rows"":""3139"",""classification"":""heuristic""}"
product,Amputation-Tail Puppy,Amputation-Tail Puppy,evh-products,true,3,0.70,"{""source_system"":""stockroom"",""source_file"":""Stockroom \u00b7 Instinct Stockroom.csv"",""source_rows"":""3139"",""classification"":""heuristic""}"
product,Anal Sac Removal / bilateral,Anal Sac Removal / bilateral,evh-products,true,3,0.70,"{""source_system"":""stockroom"",""source_file"":""Stockroom \u00b7 Instinct Stockroom.csv"",""source_rows"":""3139"",""classification"":""heuristic""}"
product,Anal sacs - infusion,Anal sacs - infusion,evh-products,true,3,0.70,"{""source_system"":""stockroom"",""source_file"":""Stockroom \u00b7 Instinct Stockroom.csv"",""source_rows"":""3139"",""classification"":""heuristic""}"
product,"Anes. F Circuit 40""`","Anes. F Circuit 40""`",evh-products,true,3,0.70,"{""source_system"":""stockroom"",""source_file"":""Stockroom \u00b7 Instinct Stockroom.csv"",""source_rows"":""3139"",""classification"":""heuristic""}"
product,Angelstat Surgical Gown XX-Large,Angelstat Surgical Gown XX-Large,evh-products,true,3,0.70,"{""source_system"":""stockroom"",""source_file"":""Stockroom \u00b7 Instinct Stockroom.csv"",""source_rows"":""3139"",""classification"":""heuristic""}"
product,Animal Trauma Triage (ATT) Score Total,Animal Trauma Triage (ATT) Score Total,evh-products,true,3,0.70,"{""source_system"":""stockroom"",""source_file"":""Stockroom \u00b7 Instinct Stockroom.csv"",""source_rows"":""3139"",""classification"":""heuristic""}"
product,Antech Aerobic & Anaerobic MIC Culture,Antech Aerobic & Anaerobic MIC Culture,evh-products,true,3,0.70,"{""source_system"":""stockroom"",""source_file"":""Stockroom \u00b7 Instinct Stockroom.csv"",""source_rows"":""3139"",""classification"":""heuristic""}"
product,Antech Aerobic Bacteria MIC Culture,Antech Aerobic Bacteria MIC Culture,evh-products,true,3,0.70,"{""source_system"":""stockroom"",""source_file"":""Stockroom \u00b7 Instinct Stockroom.csv"",""source_rows"":""3139"",""classification"":""heuristic""}"
product,Antech Autoimmune Profile- Canine,Antech Autoimmune Profile- Canine,evh-products,true,3,0.70,"{""source_system"":""stockroom"",""source_file"":""Stockroom \u00b7 Instinct Stockroom.csv"",""source_rows"":""3139"",""classification"":""heuristic""}"
product,Antech Baermann (Fecal Test),Antech Baermann (Fecal Test),evh-products,true,3,0.70,"{""source_system"":""stockroom"",""source_file"":""Stockroom \u00b7 Instinct Stockroom.csv"",""source_rows"":""3139"",""classification"":""heuristic""}"
product,"Antech Bile Acid, Resting","Antech Bile Acid, Resting",evh-products,true,3,0.70,"{""source_system"":""stockroom"",""source_file"":""Stockroom \u00b7 Instinct Stockroom.csv"",""source_rows"":""3139"",""classification"":""heuristic""}"
product,Antech Bile Acids (Pre and Post),Antech Bile Acids (Pre and Post),evh-products,true,3,0.70,"{""source_system"":""stockroom"",""source_file"":""Stockroom \u00b7 Instinct Stockroom.csv"",""source_rows"":""3139"",""classification"":""heuristic""}"
product,Antech Bladder Tumor Antigen - Canine,Antech Bladder Tumor Antigen - Canine,evh-products,true,3,0.70,"{""source_system"":""stockroom"",""source_file"":""Stockroom \u00b7 Instinct Stockroom.csv"",""source_rows"":""3139"",""classification"":""heuristic""}"
product,Antech Bromide Levels,Antech Bromide Levels,evh-products,true,3,0.70,"{""source_system"":""stockroom"",""source_file"":""Stockroom \u00b7 Instinct Stockroom.csv"",""source_rows"":""3139"",""classification"":""heuristic""}"
product,Antech Brucella AGID/ SAT,Antech Brucella AGID/ SAT,evh-products,true,3,0.70,"{""source_system"":""stockroom"",""source_file"":""Stockroom \u00b7 Instinct Stockroom.csv"",""source_rows"":""3139"",""classification"":""heuristic""}"
product,Antech CADET BRAF,Antech CADET BRAF,evh-products,true,3,0.70,"{""source_system"":""stockroom"",""source_file"":""Stockroom \u00b7 Instinct Stockroom.csv"",""source_rows"":""3139"",""classification"":""heuristic""}"
product,Antech Calcium & Ionized Calcium,Antech Calcium & Ionized Calcium,evh-products,true,3,0.70,"{""source_system"":""stockroom"",""source_file"":""Stockroom \u00b7 Instinct Stockroom.csv"",""source_rows"":""3139"",""classification"":""heuristic""}"
product,Antech Calcium Level,Antech Calcium Level,evh-products,true,3,0.70,"{""source_system"":""stockroom"",""source_file"":""Stockroom \u00b7 Instinct Stockroom.csv"",""source_rows"":""3139"",""classification"":""heuristic""}"
product,"Antech Calcium, Ionized,  PTH","Antech Calcium, Ionized,  PTH",evh-products,true,3,0.70,"{""source_system"":""stockroom"",""source_file"":""Stockroom \u00b7 Instinct Stockroom.csv"",""source_rows"":""3139"",""classification"":""heuristic""}"
product,Antech Canine Blood Typing DEA 1.1 Only,Antech Canine Blood Typing DEA 1.1 Only,evh-products,true,3,0.70,"{""source_system"":""stockroom"",""source_file"":""Stockroom \u00b7 Instinct Stockroom.csv"",""source_rows"":""3139"",""classification"":""heuristic""}"
product,Antech Canine Cardio BNP,Antech Canine Cardio BNP,evh-products,true,3,0.70,"{""source_system"":""stockroom"",""source_file"":""Stockroom \u00b7 Instinct Stockroom.csv"",""source_rows"":""3139"",""classification"":""heuristic""}"
product,Antech Canine Junior with Accuplex,Antech Canine Junior with Accuplex,evh-products,true,3,0.70,"{""source_system"":""stockroom"",""source_file"":""Stockroom \u00b7 Instinct Stockroom.csv"",""source_rows"":""3139"",""classification"":""heuristic""}"
product,Antech Canine Lepto PCR Blood/Urine,Antech Canine Lepto PCR Blood/Urine,evh-products,true,3,0.70,"{""source_system"":""stockroom"",""source_file"":""Stockroom \u00b7 Instinct Stockroom.csv"",""source_rows"":""3139"",""classification"":""heuristic""}"
product,Antech Canine PCR Respiratory Panel,Antech Canine PCR Respiratory Panel,evh-products,true,3,0.70,"{""source_system"":""stockroom"",""source_file"":""Stockroom \u00b7 Instinct Stockroom.csv"",""source_rows"":""3139"",""classification"":""heuristic""}"
product,Antech Canine Progesterone Levels,Antech Canine Progesterone Levels,evh-products,true,3,0.70,"{""source_system"":""stockroom"",""source_file"":""Stockroom \u00b7 Instinct Stockroom.csv"",""source_rows"":""3139"",""classification"":""heuristic""}"
product,Antech Canine Urine Microalbumin Reflex,Antech Canine Urine Microalbumin Reflex,evh-products,true,3,0.70,"{""source_system"":""stockroom"",""source_file"":""Stockroom \u00b7 Instinct Stockroom.csv"",""source_rows"":""3139"",""classification"":""heuristic""}"
product,Antech CBC,Antech CBC,evh-products,true,3,0.70,"{""source_system"":""stockroom"",""source_file"":""Stockroom \u00b7 Instinct Stockroom.csv"",""source_rows"":""3139"",""classification"":""heuristic""}"
product,Antech CBC w/ Path Review,Antech CBC w/ Path Review,evh-products,true,3,0.70,"{""source_system"":""stockroom"",""source_file"":""Stockroom \u00b7 Instinct Stockroom.csv"",""source_rows"":""3139"",""classification"":""heuristic""}"
product,"Antech CBC, CHEM25, T4, freeT4","Antech CBC, CHEM25, T4, freeT4",evh-products,true,3,0.70,"{""source_system"":""stockroom"",""source_file"":""Stockroom \u00b7 Instinct Stockroom.csv"",""source_rows"":""3139"",""classification"":""heuristic""}"
product,"Antech CBC, CHEM25, T4, UA","Antech CBC, CHEM25, T4, UA",evh-products,true,3,0.70,"{""source_system"":""stockroom"",""source_file"":""Stockroom \u00b7 Instinct Stockroom.csv"",""source_rows"":""3139"",""classification"":""heuristic""}"
product,Antech Cholesterol/Triglycerides only,Antech Cholesterol/Triglycerides only,evh-products,true,3,0.70,"{""source_system"":""stockroom"",""source_file"":""Stockroom \u00b7 Instinct Stockroom.csv"",""source_rows"":""3139"",""classification"":""heuristic""}"
product,Antech Cobalamin B-12 & Folate Levels,Antech Cobalamin B-12 & Folate Levels,evh-products,true,3,0.70,"{""source_system"":""stockroom"",""source_file"":""Stockroom \u00b7 Instinct Stockroom.csv"",""source_rows"":""3139"",""classification"":""heuristic""}"
product,Antech Cobalamin B12,Antech Cobalamin B12,evh-products,true,3,0.70,"{""source_system"":""stockroom"",""source_file"":""Stockroom \u00b7 Instinct Stockroom.csv"",""source_rows"":""3139"",""classification"":""heuristic""}"
product,Antech Corona Virus IgG and IgM,Antech Corona Virus IgG and IgM,evh-products,true,3,0.70,"{""source_system"":""stockroom"",""source_file"":""Stockroom \u00b7 Instinct Stockroom.csv"",""source_rows"":""3139"",""classification"":""heuristic""}"
product,Antech Cortisol Pre&Post ( ACTH Stim ),Antech Cortisol Pre&Post ( ACTH Stim ),evh-products,true,3,0.70,"{""source_system"":""stockroom"",""source_file"":""Stockroom \u00b7 Instinct Stockroom.csv"",""source_rows"":""3139"",""classification"":""heuristic""}"
product,"Antech Cortisol, Resting ( 1 sample )","Antech Cortisol, Resting ( 1 sample )",evh-products,true,3,0.70,"{""source_system"":""stockroom"",""source_file"":""Stockroom \u00b7 Instinct Stockroom.csv"",""source_rows"":""3139"",""classification"":""heuristic""}"
product,Antech Cryptosporidium & Giardia Fecal,Antech Cryptosporidium & Giardia Fecal,evh-products,true,3,0.70,"{""source_system"":""stockroom"",""source_file"":""Stockroom \u00b7 Instinct Stockroom.csv"",""source_rows"":""3139"",""classification"":""heuristic""}"
product,Antech Cytology,Antech Cytology,evh-products,true,3,0.70,"{""source_system"":""stockroom"",""source_file"":""Stockroom \u00b7 Instinct Stockroom.csv"",""source_rows"":""3139"",""classification"":""heuristic""}"
product,Antech Dermatopathology,Antech Dermatopathology,evh-products,true,3,0.70,"{""source_system"":""stockroom"",""source_file"":""Stockroom \u00b7 Instinct Stockroom.csv"",""source_rows"":""3139"",""classification"":""heuristic""}"
product,Antech Extended C & S (Per Organism),Antech Extended C & S (Per Organism),evh-products,true,3,0.70,"{""source_system"":""stockroom"",""source_file"":""Stockroom \u00b7 Instinct Stockroom.csv"",""source_rows"":""3139"",""classification"":""heuristic""}"
product,Antech Fecal & Giardia ELISA,Antech Fecal & Giardia ELISA,evh-products,true,3,0.70,"{""source_system"":""stockroom"",""source_file"":""Stockroom \u00b7 Instinct Stockroom.csv"",""source_rows"":""3139"",""classification"":""heuristic""}"
product,Antech Fecal (Ova / Parasites ),Antech Fecal (Ova / Parasites ),evh-products,true,3,0.70,"{""source_system"":""stockroom"",""source_file"":""Stockroom \u00b7 Instinct Stockroom.csv"",""source_rows"":""3139"",""classification"":""heuristic""}"
product,"Antech Feline CBC, CHEM11, FELV, FIV","Antech Feline CBC, CHEM11, FELV, FIV",evh-products,true,3,0.70,"{""source_system"":""stockroom"",""source_file"":""Stockroom \u00b7 Instinct Stockroom.csv"",""source_rows"":""3139"",""classification"":""heuristic""}"
product,Antech Feline Comp Well Screen,Antech Feline Comp Well Screen,evh-products,true,3,0.70,"{""source_system"":""stockroom"",""source_file"":""Stockroom \u00b7 Instinct Stockroom.csv"",""source_rows"":""3139"",""classification"":""heuristic""}"
product,Antech Feline Hemoplasma PCR Panel,Antech Feline Hemoplasma PCR Panel,evh-products,true,3,0.70,"{""source_system"":""stockroom"",""source_file"":""Stockroom \u00b7 Instinct Stockroom.csv"",""source_rows"":""3139"",""classification"":""heuristic""}"
product,Antech Feline HW Antigen,Antech Feline HW Antigen,evh-products,true,3,0.70,"{""source_system"":""stockroom"",""source_file"":""Stockroom \u00b7 Instinct Stockroom.csv"",""source_rows"":""3139"",""classification"":""heuristic""}"
product,Antech Feline Intestinal Lymphoma Panel,Antech Feline Intestinal Lymphoma Panel,evh-products,true,3,0.70,"{""source_system"":""stockroom"",""source_file"":""Stockroom \u00b7 Instinct Stockroom.csv"",""source_rows"":""3139"",""classification"":""heuristic""}"
product,Antech Feline Resp PCR w/ SARS-COV-2,Antech Feline Resp PCR w/ SARS-COV-2,evh-products,true,3,0.70,"{""source_system"":""stockroom"",""source_file"":""Stockroom \u00b7 Instinct Stockroom.csv"",""source_rows"":""3139"",""classification"":""heuristic""}"
product,Antech Feline Respiratory PCR Panel,Antech Feline Respiratory PCR Panel,evh-products,true,3,0.70,"{""source_system"":""stockroom"",""source_file"":""Stockroom \u00b7 Instinct Stockroom.csv"",""source_rows"":""3139"",""classification"":""heuristic""}"
product,Antech Feline Urine Microalbumin Reflex,Antech Feline Urine Microalbumin Reflex,evh-products,true,3,0.70,"{""source_system"":""stockroom"",""source_file"":""Stockroom \u00b7 Instinct Stockroom.csv"",""source_rows"":""3139"",""classification"":""heuristic""}"
product,"Antech FIV Ab, FeLV Ag (ELISA)","Antech FIV Ab, FeLV Ag (ELISA)",evh-products,true,3,0.70,"{""source_system"":""stockroom"",""source_file"":""Stockroom \u00b7 Instinct Stockroom.csv"",""source_rows"":""3139"",""classification"":""heuristic""}"
product,Antech Flow Cytometry Test,Antech Flow Cytometry Test,evh-products,true,3,0.70,"{""source_system"":""stockroom"",""source_file"":""Stockroom \u00b7 Instinct Stockroom.csv"",""source_rows"":""3139"",""classification"":""heuristic""}"
product,Antech Fluid Analysis with Cytology,Antech Fluid Analysis with Cytology,evh-products,true,3,0.70,"{""source_system"":""stockroom"",""source_file"":""Stockroom \u00b7 Instinct Stockroom.csv"",""source_rows"":""3139"",""classification"":""heuristic""}"
product,Antech Food/Enviromental Allergy Screen,Antech Food/Enviromental Allergy Screen,evh-products,true,3,0.70,"{""source_system"":""stockroom"",""source_file"":""Stockroom \u00b7 Instinct Stockroom.csv"",""source_rows"":""3139"",""classification"":""heuristic""}"
product,Antech Free T4 (Equilibrium Dialysis),Antech Free T4 (Equilibrium Dialysis),evh-products,true,3,0.70,"{""source_system"":""stockroom"",""source_file"":""Stockroom \u00b7 Instinct Stockroom.csv"",""source_rows"":""3139"",""classification"":""heuristic""}"
product,Antech Free T4 ED Add-on,Antech Free T4 ED Add-on,evh-products,true,3,0.70,"{""source_system"":""stockroom"",""source_file"":""Stockroom \u00b7 Instinct Stockroom.csv"",""source_rows"":""3139"",""classification"":""heuristic""}"
product,Antech Fructosamine (Add-On),Antech Fructosamine (Add-On),evh-products,true,3,0.70,"{""source_system"":""stockroom"",""source_file"":""Stockroom \u00b7 Instinct Stockroom.csv"",""source_rows"":""3139"",""classification"":""heuristic""}"
product,Antech Fructosamine Level,Antech Fructosamine Level,evh-products,true,3,0.70,"{""source_system"":""stockroom"",""source_file"":""Stockroom \u00b7 Instinct Stockroom.csv"",""source_rows"":""3139"",""classification"":""heuristic""}"
product,Antech GGT,Antech GGT,evh-products,true,3,0.70,"{""source_system"":""stockroom"",""source_file"":""Stockroom \u00b7 Instinct Stockroom.csv"",""source_rows"":""3139"",""classification"":""heuristic""}"
product,Antech Hemotropic Mycoplasma,Antech Hemotropic Mycoplasma,evh-products,true,3,0.70,"{""source_system"":""stockroom"",""source_file"":""Stockroom \u00b7 Instinct Stockroom.csv"",""source_rows"":""3139"",""classification"":""heuristic""}"
product,Antech Histopath w/ Written Rep. 2 Sites,Antech Histopath w/ Written Rep. 2 Sites,evh-products,true,3,0.70,"{""source_system"":""stockroom"",""source_file"":""Stockroom \u00b7 Instinct Stockroom.csv"",""source_rows"":""3139"",""classification"":""heuristic""}"
product,"Antech Histopathology, Full Written Rprt","Antech Histopathology, Full Written Rprt",evh-products,true,3,0.70,"{""source_system"":""stockroom"",""source_file"":""Stockroom \u00b7 Instinct Stockroom.csv"",""source_rows"":""3139"",""classification"":""heuristic""}"
product,Antech Keyscreen GI Parasite PCR Panel,Antech Keyscreen GI Parasite PCR Panel,evh-products,true,3,0.70,"{""source_system"":""stockroom"",""source_file"":""Stockroom \u00b7 Instinct Stockroom.csv"",""source_rows"":""3139"",""classification"":""heuristic""}"
product,Antech Lepto Titer,Antech Lepto Titer,evh-products,true,3,0.70,"{""source_system"":""stockroom"",""source_file"":""Stockroom \u00b7 Instinct Stockroom.csv"",""source_rows"":""3139"",""classification"":""heuristic""}"
product,Antech Liver Chemistry,Antech Liver Chemistry,evh-products,true,3,0.70,"{""source_system"":""stockroom"",""source_file"":""Stockroom \u00b7 Instinct Stockroom.csv"",""source_rows"":""3139"",""classification"":""heuristic""}"
product,Antech Mast Cell Tumor Prognostic Panel,Antech Mast Cell Tumor Prognostic Panel,evh-products,true,3,0.70,"{""source_system"":""stockroom"",""source_file"":""Stockroom \u00b7 Instinct Stockroom.csv"",""source_rows"":""3139"",""classification"":""heuristic""}"
product,Antech Microflaria Knott's Test,Antech Microflaria Knott's Test,evh-products,true,3,0.70,"{""source_system"":""stockroom"",""source_file"":""Stockroom \u00b7 Instinct Stockroom.csv"",""source_rows"":""3139"",""classification"":""heuristic""}"
product,Antech Neospora Caninum,Antech Neospora Caninum,evh-products,true,3,0.70,"{""source_system"":""stockroom"",""source_file"":""Stockroom \u00b7 Instinct Stockroom.csv"",""source_rows"":""3139"",""classification"":""heuristic""}"
product,Antech Phenobarb Levels ( Add-On ),Antech Phenobarb Levels ( Add-On ),evh-products,true,3,0.70,"{""source_system"":""stockroom"",""source_file"":""Stockroom \u00b7 Instinct Stockroom.csv"",""source_rows"":""3139"",""classification"":""heuristic""}"
product,"Antech Pre-op CBC, CHEM9, PT, PTT, SDMA","Antech Pre-op CBC, CHEM9, PT, PTT, SDMA",evh-products,true,3,0.70,"{""source_system"":""stockroom"",""source_file"":""Stockroom \u00b7 Instinct Stockroom.csv"",""source_rows"":""3139"",""classification"":""heuristic""}"
product,Antech Precision PSL,Antech Precision PSL,evh-products,true,3,0.70,"{""source_system"":""stockroom"",""source_file"":""Stockroom \u00b7 Instinct Stockroom.csv"",""source_rows"":""3139"",""classification"":""heuristic""}"
product,Antech PrecisionPSL,Antech PrecisionPSL,evh-products,true,3,0.70,"{""source_system"":""stockroom"",""source_file"":""Stockroom \u00b7 Instinct Stockroom.csv"",""source_rows"":""3139"",""classification"":""heuristic""}"
product,Antech PT/PTT ( Add- On),Antech PT/PTT ( Add- On),evh-products,true,3,0.70,"{""source_system"":""stockroom"",""source_file"":""Stockroom \u00b7 Instinct Stockroom.csv"",""source_rows"":""3139"",""classification"":""heuristic""}"
product,Antech Renal Panel w/ SDMA,Antech Renal Panel w/ SDMA,evh-products,true,3,0.70,"{""source_system"":""stockroom"",""source_file"":""Stockroom \u00b7 Instinct Stockroom.csv"",""source_rows"":""3139"",""classification"":""heuristic""}"
product,Antech SDMA,Antech SDMA,evh-products,true,3,0.70,"{""source_system"":""stockroom"",""source_file"":""Stockroom \u00b7 Instinct Stockroom.csv"",""source_rows"":""3139"",""classification"":""heuristic""}"
product,Antech Senior Wellness with Titers,Antech Senior Wellness with Titers,evh-products,true,3,0.70,"{""source_system"":""stockroom"",""source_file"":""Stockroom \u00b7 Instinct Stockroom.csv"",""source_rows"":""3139"",""classification"":""heuristic""}"
product,Antech Sr Canine Wellness w/ Accuplex,Antech Sr Canine Wellness w/ Accuplex,evh-products,true,3,0.70,"{""source_system"":""stockroom"",""source_file"":""Stockroom \u00b7 Instinct Stockroom.csv"",""source_rows"":""3139"",""classification"":""heuristic""}"
product,Antech Synovial fluid analysis/cytology,Antech Synovial fluid analysis/cytology,evh-products,true,3,0.70,"{""source_system"":""stockroom"",""source_file"":""Stockroom \u00b7 Instinct Stockroom.csv"",""source_rows"":""3139"",""classification"":""heuristic""}"
product,"Antech Thyroid T4 only,  Post Pill","Antech Thyroid T4 only,  Post Pill",evh-products,true,3,0.70,"{""source_system"":""stockroom"",""source_file"":""Stockroom \u00b7 Instinct Stockroom.csv"",""source_rows"":""3139"",""classification"":""heuristic""}"
product,"Antech Thyroid T4, FT4, cTSH","Antech Thyroid T4, FT4, cTSH",evh-products,true,3,0.70,"{""source_system"":""stockroom"",""source_file"":""Stockroom \u00b7 Instinct Stockroom.csv"",""source_rows"":""3139"",""classification"":""heuristic""}"
product,"Antech Thyroid T4, FT4ED, TSH, Thyroglob","Antech Thyroid T4, FT4ED, TSH, Thyroglob",evh-products,true,3,0.70,"{""source_system"":""stockroom"",""source_file"":""Stockroom \u00b7 Instinct Stockroom.csv"",""source_rows"":""3139"",""classification"":""heuristic""}"
product,Antech Triglycerides,Antech Triglycerides,evh-products,true,3,0.70,"{""source_system"":""stockroom"",""source_file"":""Stockroom \u00b7 Instinct Stockroom.csv"",""source_rows"":""3139"",""classification"":""heuristic""}"
product,Antech Urinalysis,Antech Urinalysis,evh-products,true,3,0.70,"{""source_system"":""stockroom"",""source_file"":""Stockroom \u00b7 Instinct Stockroom.csv"",""source_rows"":""3139"",""classification"":""heuristic""}"
product,Antech Urine Delayed,Antech Urine Delayed,evh-products,true,3,0.70,"{""source_system"":""stockroom"",""source_file"":""Stockroom \u00b7 Instinct Stockroom.csv"",""source_rows"":""3139"",""classification"":""heuristic""}"
product,Antech Urine MIC Culture,Antech Urine MIC Culture,evh-products,true,3,0.70,"{""source_system"":""stockroom"",""source_file"":""Stockroom \u00b7 Instinct Stockroom.csv"",""source_rows"":""3139"",""classification"":""heuristic""}"
product,Antech Urine Protein / Creatine Reflex,Antech Urine Protein / Creatine Reflex,evh-products,true,3,0.70,"{""source_system"":""stockroom"",""source_file"":""Stockroom \u00b7 Instinct Stockroom.csv"",""source_rows"":""3139"",""classification"":""heuristic""}"
product,Antech Von Willebrand's Factor,Antech Von Willebrand's Factor,evh-products,true,3,0.70,"{""source_system"":""stockroom"",""source_file"":""Stockroom \u00b7 Instinct Stockroom.csv"",""source_rows"":""3139"",""classification"":""heuristic""}"
product,Antibacterial Hand Soap Aloe Vera Gal,Antibacterial Hand Soap Aloe Vera Gal,evh-products,true,3,0.70,"{""source_system"":""stockroom"",""source_file"":""Stockroom \u00b7 Instinct Stockroom.csv"",""source_rows"":""3139"",""classification"":""heuristic""}"
product,AOE Animal Odor Eliminator Gallon,AOE Animal Odor Eliminator Gallon,evh-products,true,3,0.70,"{""source_system"":""stockroom"",""source_file"":""Stockroom \u00b7 Instinct Stockroom.csv"",""source_rows"":""3139"",""classification"":""heuristic""}"
product,AOE Deodorizing Wipes 80 ct,AOE Deodorizing Wipes 80 ct,evh-products,true,3,0.70,"{""source_system"":""stockroom"",""source_file"":""Stockroom \u00b7 Instinct Stockroom.csv"",""source_rows"":""3139"",""classification"":""heuristic""}"
product,Appetite - Food / Note,Appetite - Food / Note,evh-products,true,3,0.70,"{""source_system"":""stockroom"",""source_file"":""Stockroom \u00b7 Instinct Stockroom.csv"",""source_rows"":""3139"",""classification"":""heuristic""}"
product,Application-Mason Metasplint,Application-Mason Metasplint,evh-products,true,3,0.70,"{""source_system"":""stockroom"",""source_file"":""Stockroom \u00b7 Instinct Stockroom.csv"",""source_rows"":""3139"",""classification"":""heuristic""}"
product,Applicator Sticks,Applicator Sticks,evh-products,true,3,0.70,"{""source_system"":""stockroom"",""source_file"":""Stockroom \u00b7 Instinct Stockroom.csv"",""source_rows"":""3139"",""classification"":""heuristic""}"
product,Apply Freestyle Libre,Apply Freestyle Libre,evh-products,true,3,0.70,"{""source_system"":""stockroom"",""source_file"":""Stockroom \u00b7 Instinct Stockroom.csv"",""source_rows"":""3139"",""classification"":""heuristic""}"
product,Apply Pain Patch,Apply Pain Patch,evh-products,true,3,0.70,"{""source_system"":""stockroom"",""source_file"":""Stockroom \u00b7 Instinct Stockroom.csv"",""source_rows"":""3139"",""classification"":""heuristic""}"
product,Apply/Check E-Collar (on at all times),Apply/Check E-Collar (on at all times),evh-products,true,3,0.70,"{""source_system"":""stockroom"",""source_file"":""Stockroom \u00b7 Instinct Stockroom.csv"",""source_rows"":""3139"",""classification"":""heuristic""}"
product,Aquawash Scrub Sponge,Aquawash Scrub Sponge,evh-products,true,3,0.70,"{""source_system"":""stockroom"",""source_file"":""Stockroom \u00b7 Instinct Stockroom.csv"",""source_rows"":""3139"",""classification"":""heuristic""}"
product,Arterial Catheter Care,Arterial Catheter Care,evh-products,true,3,0.70,"{""source_system"":""stockroom"",""source_file"":""Stockroom \u00b7 Instinct Stockroom.csv"",""source_rows"":""3139"",""classification"":""heuristic""}"
product,Aspirator Plastic Canister 800cc,Aspirator Plastic Canister 800cc,evh-products,true,3,0.70,"{""source_system"":""stockroom"",""source_file"":""Stockroom \u00b7 Instinct Stockroom.csv"",""source_rows"":""3139"",""classification"":""heuristic""}"
product,Assess and Clean Skin Around Trach Tube,Assess and Clean Skin Around Trach Tube,evh-products,true,3,0.70,"{""source_system"":""stockroom"",""source_file"":""Stockroom \u00b7 Instinct Stockroom.csv"",""source_rows"":""3139"",""classification"":""heuristic""}"
product,Assist Patient to Stand,Assist Patient to Stand,evh-products,true,3,0.70,"{""source_system"":""stockroom"",""source_file"":""Stockroom \u00b7 Instinct Stockroom.csv"",""source_rows"":""3139"",""classification"":""heuristic""}"
product,Auburn - Feline FIP mRNA PCR Test,Auburn - Feline FIP mRNA PCR Test,evh-products,true,3,0.70,"{""source_system"":""stockroom"",""source_file"":""Stockroom \u00b7 Instinct Stockroom.csv"",""source_rows"":""3139"",""classification"":""heuristic""}"
product,Audit Invoice / Enter Charges,Audit Invoice / Enter Charges,evh-products,true,3,0.70,"{""source_system"":""stockroom"",""source_file"":""Stockroom \u00b7 Instinct Stockroom.csv"",""source_rows"":""3139"",""classification"":""heuristic""}"
product,Auscult Heart and Lungs,Auscult Heart and Lungs,evh-products,true,3,0.70,"{""source_system"":""stockroom"",""source_file"":""Stockroom \u00b7 Instinct Stockroom.csv"",""source_rows"":""3139"",""classification"":""heuristic""}"
product,Autoclave Cleaner,Autoclave Cleaner,evh-products,true,3,0.70,"{""source_system"":""stockroom"",""source_file"":""Stockroom \u00b7 Instinct Stockroom.csv"",""source_rows"":""3139"",""classification"":""heuristic""}"
product,Autoclave Tape 3/4,Autoclave Tape 3/4,evh-products,true,3,0.70,"{""source_system"":""stockroom"",""source_file"":""Stockroom \u00b7 Instinct Stockroom.csv"",""source_rows"":""3139"",""classification"":""heuristic""}"
product,AX - CRI - Dobutamine (mcg/kg/min),AX - CRI - Dobutamine (mcg/kg/min),evh-products,true,3,0.70,"{""source_system"":""stockroom"",""source_file"":""Stockroom \u00b7 Instinct Stockroom.csv"",""source_rows"":""3139"",""classification"":""heuristic""}"
product,AX - CRI - Dopamine (mcg/kg/min),AX - CRI - Dopamine (mcg/kg/min),evh-products,true,3,0.70,"{""source_system"":""stockroom"",""source_file"":""Stockroom \u00b7 Instinct Stockroom.csv"",""source_rows"":""3139"",""classification"":""heuristic""}"
product,AX - Transfusion - Albumin (Canine),AX - Transfusion - Albumin (Canine),evh-products,true,3,0.70,"{""source_system"":""stockroom"",""source_file"":""Stockroom \u00b7 Instinct Stockroom.csv"",""source_rows"":""3139"",""classification"":""heuristic""}"
product,AX - Transfusion - Albumin (Human),AX - Transfusion - Albumin (Human),evh-products,true,3,0.70,"{""source_system"":""stockroom"",""source_file"":""Stockroom \u00b7 Instinct Stockroom.csv"",""source_rows"":""3139"",""classification"":""heuristic""}"
product,AX - Transfusion - Cryoprecipitate,AX - Transfusion - Cryoprecipitate,evh-products,true,3,0.70,"{""source_system"":""stockroom"",""source_file"":""Stockroom \u00b7 Instinct Stockroom.csv"",""source_rows"":""3139"",""classification"":""heuristic""}"
product,AX - Transfusion - IVIG,AX - Transfusion - IVIG,evh-products,true,3,0.70,"{""source_system"":""stockroom"",""source_file"":""Stockroom \u00b7 Instinct Stockroom.csv"",""source_rows"":""3139"",""classification"":""heuristic""}"
product,AX - Transfusion - Other,AX - Transfusion - Other,evh-products,true,3,0.70,"{""source_system"":""stockroom"",""source_file"":""Stockroom \u00b7 Instinct Stockroom.csv"",""source_rows"":""3139"",""classification"":""heuristic""}"
product,AX - Transfusion - Plasma (Cryo-poor),AX - Transfusion - Plasma (Cryo-poor),evh-products,true,3,0.70,"{""source_system"":""stockroom"",""source_file"":""Stockroom \u00b7 Instinct Stockroom.csv"",""source_rows"":""3139"",""classification"":""heuristic""}"
product,AX - Transfusion - Plasma (FFP),AX - Transfusion - Plasma (FFP),evh-products,true,3,0.70,"{""source_system"":""stockroom"",""source_file"":""Stockroom \u00b7 Instinct Stockroom.csv"",""source_rows"":""3139"",""classification"":""heuristic""}"
product,AX - Transfusion - Plasma (FP),AX - Transfusion - Plasma (FP),evh-products,true,3,0.70,"{""source_system"":""stockroom"",""source_file"":""Stockroom \u00b7 Instinct Stockroom.csv"",""source_rows"":""3139"",""classification"":""heuristic""}"
product,AX - Transfusion - pRBC,AX - Transfusion - pRBC,evh-products,true,3,0.70,"{""source_system"":""stockroom"",""source_file"":""Stockroom \u00b7 Instinct Stockroom.csv"",""source_rows"":""3139"",""classification"":""heuristic""}"
product,AX - Transfusion - Whole Blood (donor blood),AX - Transfusion - Whole Blood (donor blood),evh-products,true,3,0.70,"{""source_system"":""stockroom"",""source_file"":""Stockroom \u00b7 Instinct Stockroom.csv"",""source_rows"":""3139"",""classification"":""heuristic""}"
product,AX - Transfusion - Whole Blood (stored blood),AX - Transfusion - Whole Blood (stored blood),evh-products,true,3,0.70,"{""source_system"":""stockroom"",""source_file"":""Stockroom \u00b7 Instinct Stockroom.csv"",""source_rows"":""3139"",""classification"":""heuristic""}"
product,AX - Volume Infused,AX - Volume Infused,evh-products,true,3,0.70,"{""source_system"":""stockroom"",""source_file"":""Stockroom \u00b7 Instinct Stockroom.csv"",""source_rows"":""3139"",""classification"":""heuristic""}"
product,AX - Volume Infused CRI,AX - Volume Infused CRI,evh-products,true,3,0.70,"{""source_system"":""stockroom"",""source_file"":""Stockroom \u00b7 Instinct Stockroom.csv"",""source_rows"":""3139"",""classification"":""heuristic""}"
product,AX Blood Pressure (Diastolic),AX Blood Pressure (Diastolic),evh-products,true,3,0.70,"{""source_system"":""stockroom"",""source_file"":""Stockroom \u00b7 Instinct Stockroom.csv"",""source_rows"":""3139"",""classification"":""heuristic""}"
product,AX Blood Pressure (Doppler),AX Blood Pressure (Doppler),evh-products,true,3,0.70,"{""source_system"":""stockroom"",""source_file"":""Stockroom \u00b7 Instinct Stockroom.csv"",""source_rows"":""3139"",""classification"":""heuristic""}"
product,AX Blood Pressure (Mean),AX Blood Pressure (Mean),evh-products,true,3,0.70,"{""source_system"":""stockroom"",""source_file"":""Stockroom \u00b7 Instinct Stockroom.csv"",""source_rows"":""3139"",""classification"":""heuristic""}"
product,AX Blood Pressure (Systolic),AX Blood Pressure (Systolic),evh-products,true,3,0.70,"{""source_system"":""stockroom"",""source_file"":""Stockroom \u00b7 Instinct Stockroom.csv"",""source_rows"":""3139"",""classification"":""heuristic""}"
product,AX Events,AX Events,evh-products,true,3,0.70,"{""source_system"":""stockroom"",""source_file"":""Stockroom \u00b7 Instinct Stockroom.csv"",""source_rows"":""3139"",""classification"":""heuristic""}"
product,AX Inhalant (%),AX Inhalant (%),evh-products,true,3,0.70,"{""source_system"":""stockroom"",""source_file"":""Stockroom \u00b7 Instinct Stockroom.csv"",""source_rows"":""3139"",""classification"":""heuristic""}"
product,AX Pulse Oximetry (SpO2),AX Pulse Oximetry (SpO2),evh-products,true,3,0.70,"{""source_system"":""stockroom"",""source_file"":""Stockroom \u00b7 Instinct Stockroom.csv"",""source_rows"":""3139"",""classification"":""heuristic""}"
product,AX Wasted Substances,AX Wasted Substances,evh-products,true,3,0.70,"{""source_system"":""stockroom"",""source_file"":""Stockroom \u00b7 Instinct Stockroom.csv"",""source_rows"":""3139"",""classification"":""heuristic""}"
product,Azostix,Azostix,evh-products,true,3,0.70,"{""source_system"":""stockroom"",""source_file"":""Stockroom \u00b7 Instinct Stockroom.csv"",""source_rows"":""3139"",""classification"":""heuristic""}"
product,Bandaging,Bandaging,evh-products,true,3,0.70,"{""source_system"":""stockroom"",""source_file"":""Stockroom \u00b7 Instinct Stockroom.csv"",""source_rows"":""3139"",""classification"":""heuristic""}"
product,Bandaging-Postoperative,Bandaging-Postoperative,evh-products,true,3,0.70,"{""source_system"":""stockroom"",""source_file"":""Stockroom \u00b7 Instinct Stockroom.csv"",""source_rows"":""3139"",""classification"":""heuristic""}"
product,Baralyme 5 gal pail,Baralyme 5 gal pail,evh-products,true,3,0.70,"{""source_system"":""stockroom"",""source_file"":""Stockroom \u00b7 Instinct Stockroom.csv"",""source_rows"":""3139"",""classification"":""heuristic""}"
product,Barbed Connector LuerLock Fitting,Barbed Connector LuerLock Fitting,evh-products,true,3,0.70,"{""source_system"":""stockroom"",""source_file"":""Stockroom \u00b7 Instinct Stockroom.csv"",""source_rows"":""3139"",""classification"":""heuristic""}"
product,Barium Administration,Barium Administration,evh-products,true,3,0.70,"{""source_system"":""stockroom"",""source_file"":""Stockroom \u00b7 Instinct Stockroom.csv"",""source_rows"":""3139"",""classification"":""heuristic""}"
product,Barium liquid 12oz,Barium liquid 12oz,evh-products,true,3,0.70,"{""source_system"":""stockroom"",""source_file"":""Stockroom \u00b7 Instinct Stockroom.csv"",""source_rows"":""3139"",""classification"":""heuristic""}"
product,Bath - 0-20#,Bath - 0-20#,evh-products,true,3,0.70,"{""source_system"":""stockroom"",""source_file"":""Stockroom \u00b7 Instinct Stockroom.csv"",""source_rows"":""3139"",""classification"":""heuristic""}"
product,Bath - 21-40#,Bath - 21-40#,evh-products,true,3,0.70,"{""source_system"":""stockroom"",""source_file"":""Stockroom \u00b7 Instinct Stockroom.csv"",""source_rows"":""3139"",""classification"":""heuristic""}"
product,Bath - 41-60#,Bath - 41-60#,evh-products,true,3,0.70,"{""source_system"":""stockroom"",""source_file"":""Stockroom \u00b7 Instinct Stockroom.csv"",""source_rows"":""3139"",""classification"":""heuristic""}"
product,Bath - 61-98#,Bath - 61-98#,evh-products,true,3,0.70,"{""source_system"":""stockroom"",""source_file"":""Stockroom \u00b7 Instinct Stockroom.csv"",""source_rows"":""3139"",""classification"":""heuristic""}"
product,Bath - 99-100# +,Bath - 99-100# +,evh-products,true,3,0.70,"{""source_system"":""stockroom"",""source_file"":""Stockroom \u00b7 Instinct Stockroom.csv"",""source_rows"":""3139"",""classification"":""heuristic""}"
product,Bath - Courtesy,Bath - Courtesy,evh-products,true,3,0.70,"{""source_system"":""stockroom"",""source_file"":""Stockroom \u00b7 Instinct Stockroom.csv"",""source_rows"":""3139"",""classification"":""heuristic""}"
product,Bath - Feline,Bath - Feline,evh-products,true,3,0.70,"{""source_system"":""stockroom"",""source_file"":""Stockroom \u00b7 Instinct Stockroom.csv"",""source_rows"":""3139"",""classification"":""heuristic""}"
product,Bath - Washy Wednesday,Bath - Washy Wednesday,evh-products,true,3,0.70,"{""source_system"":""stockroom"",""source_file"":""Stockroom \u00b7 Instinct Stockroom.csv"",""source_rows"":""3139"",""classification"":""heuristic""}"
product,Beaver Blade 6700 Micro,Beaver Blade 6700 Micro,evh-products,true,3,0.70,"{""source_system"":""stockroom"",""source_file"":""Stockroom \u00b7 Instinct Stockroom.csv"",""source_rows"":""3139"",""classification"":""heuristic""}"
product,Bile Acids to Texas A&M,Bile Acids to Texas A&M,evh-products,true,3,0.70,"{""source_system"":""stockroom"",""source_file"":""Stockroom \u00b7 Instinct Stockroom.csv"",""source_rows"":""3139"",""classification"":""heuristic""}"
product,Biohazardous Container Small,Biohazardous Container Small,evh-products,true,3,0.70,"{""source_system"":""stockroom"",""source_file"":""Stockroom \u00b7 Instinct Stockroom.csv"",""source_rows"":""3139"",""classification"":""heuristic""}"
product,Biohazardous Waste Compliance,Biohazardous Waste Compliance,evh-products,true,3,0.70,"{""source_system"":""stockroom"",""source_file"":""Stockroom \u00b7 Instinct Stockroom.csv"",""source_rows"":""3139"",""classification"":""heuristic""}"
product,Bipolar - Soniquence,Bipolar - Soniquence,evh-products,true,3,0.70,"{""source_system"":""stockroom"",""source_file"":""Stockroom \u00b7 Instinct Stockroom.csv"",""source_rows"":""3139"",""classification"":""heuristic""}"
product,"BiteNot Dog Collar 8"" (101-140 lb)","BiteNot Dog Collar 8"" (101-140 lb)",evh-products,true,3,0.70,"{""source_system"":""stockroom"",""source_file"":""Stockroom \u00b7 Instinct Stockroom.csv"",""source_rows"":""3139"",""classification"":""heuristic""}"
product,Bladder Contrast Administration,Bladder Contrast Administration,evh-products,true,3,0.70,"{""source_system"":""stockroom"",""source_file"":""Stockroom \u00b7 Instinct Stockroom.csv"",""source_rows"":""3139"",""classification"":""heuristic""}"
product,Bladder Urohydropropulsion,Bladder Urohydropropulsion,evh-products,true,3,0.70,"{""source_system"":""stockroom"",""source_file"":""Stockroom \u00b7 Instinct Stockroom.csv"",""source_rows"":""3139"",""classification"":""heuristic""}"
product,Blood Bag Anticoagulant,Blood Bag Anticoagulant,evh-products,true,3,0.70,"{""source_system"":""stockroom"",""source_file"":""Stockroom \u00b7 Instinct Stockroom.csv"",""source_rows"":""3139"",""classification"":""heuristic""}"
product,Blood Bag CPDA 250cc,Blood Bag CPDA 250cc,evh-products,true,3,0.70,"{""source_system"":""stockroom"",""source_file"":""Stockroom \u00b7 Instinct Stockroom.csv"",""source_rows"":""3139"",""classification"":""heuristic""}"
product,Blood Bag CPDA1 450ml,Blood Bag CPDA1 450ml,evh-products,true,3,0.70,"{""source_system"":""stockroom"",""source_file"":""Stockroom \u00b7 Instinct Stockroom.csv"",""source_rows"":""3139"",""classification"":""heuristic""}"
product,Blood Bag Dry 150cc,Blood Bag Dry 150cc,evh-products,true,3,0.70,"{""source_system"":""stockroom"",""source_file"":""Stockroom \u00b7 Instinct Stockroom.csv"",""source_rows"":""3139"",""classification"":""heuristic""}"
product,Blood Bag Dry 300cc,Blood Bag Dry 300cc,evh-products,true,3,0.70,"{""source_system"":""stockroom"",""source_file"":""Stockroom \u00b7 Instinct Stockroom.csv"",""source_rows"":""3139"",""classification"":""heuristic""}"
product,Blood Draw,Blood Draw,evh-products,true,3,0.70,"{""source_system"":""stockroom"",""source_file"":""Stockroom \u00b7 Instinct Stockroom.csv"",""source_rows"":""3139"",""classification"":""heuristic""}"
product,Blood Glucose (BG),Blood Glucose (BG),evh-products,true,3,0.70,"{""source_system"":""stockroom"",""source_file"":""Stockroom \u00b7 Instinct Stockroom.csv"",""source_rows"":""3139"",""classification"":""heuristic""}"
product,Blood Ketones,Blood Ketones,evh-products,true,3,0.70,"{""source_system"":""stockroom"",""source_file"":""Stockroom \u00b7 Instinct Stockroom.csv"",""source_rows"":""3139"",""classification"":""heuristic""}"
product,Blood Pressure (diastolic),Blood Pressure (diastolic),evh-products,true,3,0.70,"{""source_system"":""stockroom"",""source_file"":""Stockroom \u00b7 Instinct Stockroom.csv"",""source_rows"":""3139"",""classification"":""heuristic""}"
product,Blood Pressure (mean),Blood Pressure (mean),evh-products,true,3,0.70,"{""source_system"":""stockroom"",""source_file"":""Stockroom \u00b7 Instinct Stockroom.csv"",""source_rows"":""3139"",""classification"":""heuristic""}"
product,Blood Pressure (systolic),Blood Pressure (systolic),evh-products,true,3,0.70,"{""source_system"":""stockroom"",""source_file"":""Stockroom \u00b7 Instinct Stockroom.csv"",""source_rows"":""3139"",""classification"":""heuristic""}"
product,Blood Pressure Check (Record Vital),Blood Pressure Check (Record Vital),evh-products,true,3,0.70,"{""source_system"":""stockroom"",""source_file"":""Stockroom \u00b7 Instinct Stockroom.csv"",""source_rows"":""3139"",""classification"":""heuristic""}"
product,Blood Pressure Cuff #2,Blood Pressure Cuff #2,evh-products,true,3,0.70,"{""source_system"":""stockroom"",""source_file"":""Stockroom \u00b7 Instinct Stockroom.csv"",""source_rows"":""3139"",""classification"":""heuristic""}"
product,Blood Pressure Cuff #4,Blood Pressure Cuff #4,evh-products,true,3,0.70,"{""source_system"":""stockroom"",""source_file"":""Stockroom \u00b7 Instinct Stockroom.csv"",""source_rows"":""3139"",""classification"":""heuristic""}"
product,Blood Pressure Cuff #5,Blood Pressure Cuff #5,evh-products,true,3,0.70,"{""source_system"":""stockroom"",""source_file"":""Stockroom \u00b7 Instinct Stockroom.csv"",""source_rows"":""3139"",""classification"":""heuristic""}"
product,Blood Tranfusion - Cat & Dog <15lb,Blood Tranfusion - Cat & Dog <15lb,evh-products,true,3,0.70,"{""source_system"":""stockroom"",""source_file"":""Stockroom \u00b7 Instinct Stockroom.csv"",""source_rows"":""3139"",""classification"":""heuristic""}"
product,Blood Transfusion Dog 15lb & up,Blood Transfusion Dog 15lb & up,evh-products,true,3,0.70,"{""source_system"":""stockroom"",""source_file"":""Stockroom \u00b7 Instinct Stockroom.csv"",""source_rows"":""3139"",""classification"":""heuristic""}"
product,Blood Tubes Lith-Hep,Blood Tubes Lith-Hep,evh-products,true,3,0.70,"{""source_system"":""stockroom"",""source_file"":""Stockroom \u00b7 Instinct Stockroom.csv"",""source_rows"":""3139"",""classification"":""heuristic""}"
product,BLOXR Thyroid Collar (Large),BLOXR Thyroid Collar (Large),evh-products,true,3,0.70,"{""source_system"":""stockroom"",""source_file"":""Stockroom \u00b7 Instinct Stockroom.csv"",""source_rows"":""3139"",""classification"":""heuristic""}"
product,BLOXR Thyroid Collar (Medium),BLOXR Thyroid Collar (Medium),evh-products,true,3,0.70,"{""source_system"":""stockroom"",""source_file"":""Stockroom \u00b7 Instinct Stockroom.csv"",""source_rows"":""3139"",""classification"":""heuristic""}"
product,Bluminator Opthalmic Illuminator,Bluminator Opthalmic Illuminator,evh-products,true,3,0.70,"{""source_system"":""stockroom"",""source_file"":""Stockroom \u00b7 Instinct Stockroom.csv"",""source_rows"":""3139"",""classification"":""heuristic""}"
product,Boarding 21-40#,Boarding 21-40#,evh-products,true,3,0.70,"{""source_system"":""stockroom"",""source_file"":""Stockroom \u00b7 Instinct Stockroom.csv"",""source_rows"":""3139"",""classification"":""heuristic""}"
product,Boarding 41-60#,Boarding 41-60#,evh-products,true,3,0.70,"{""source_system"":""stockroom"",""source_file"":""Stockroom \u00b7 Instinct Stockroom.csv"",""source_rows"":""3139"",""classification"":""heuristic""}"
product,Boarding 61#>,Boarding 61#>,evh-products,true,3,0.70,"{""source_system"":""stockroom"",""source_file"":""Stockroom \u00b7 Instinct Stockroom.csv"",""source_rows"":""3139"",""classification"":""heuristic""}"
product,Boarding Med Administration Fee Per Day,Boarding Med Administration Fee Per Day,evh-products,true,3,0.70,"{""source_system"":""stockroom"",""source_file"":""Stockroom \u00b7 Instinct Stockroom.csv"",""source_rows"":""3139"",""classification"":""heuristic""}"
product,Boarding Small 0-20lbs,Boarding Small 0-20lbs,evh-products,true,3,0.70,"{""source_system"":""stockroom"",""source_file"":""Stockroom \u00b7 Instinct Stockroom.csv"",""source_rows"":""3139"",""classification"":""heuristic""}"
product,Boarding-Feline,Boarding-Feline,evh-products,true,3,0.70,"{""source_system"":""stockroom"",""source_file"":""Stockroom \u00b7 Instinct Stockroom.csv"",""source_rows"":""3139"",""classification"":""heuristic""}"
product,Body Clip - Medically Necessary,Body Clip - Medically Necessary,evh-products,true,3,0.70,"{""source_system"":""stockroom"",""source_file"":""Stockroom \u00b7 Instinct Stockroom.csv"",""source_rows"":""3139"",""classification"":""heuristic""}"
product,Body Condition Score (/5),Body Condition Score (/5),evh-products,true,3,0.70,"{""source_system"":""stockroom"",""source_file"":""Stockroom \u00b7 Instinct Stockroom.csv"",""source_rows"":""3139"",""classification"":""heuristic""}"
product,Body Condition Score (/9),Body Condition Score (/9),evh-products,true,3,0.70,"{""source_system"":""stockroom"",""source_file"":""Stockroom \u00b7 Instinct Stockroom.csv"",""source_rows"":""3139"",""classification"":""heuristic""}"
product,"Bolite 2"" J574A","Bolite 2"" J574A",evh-products,true,3,0.70,"{""source_system"":""stockroom"",""source_file"":""Stockroom \u00b7 Instinct Stockroom.csv"",""source_rows"":""3139"",""classification"":""heuristic""}"
product,Bone Anchor Stainless Steel 2.7mm,Bone Anchor Stainless Steel 2.7mm,evh-products,true,3,0.70,"{""source_system"":""stockroom"",""source_file"":""Stockroom \u00b7 Instinct Stockroom.csv"",""source_rows"":""3139"",""classification"":""heuristic""}"
product,Bone pin .035 K wire,Bone pin .035 K wire,evh-products,true,3,0.70,"{""source_system"":""stockroom"",""source_file"":""Stockroom \u00b7 Instinct Stockroom.csv"",""source_rows"":""3139"",""classification"":""heuristic""}"
product,Bone pin .045 K wire,Bone pin .045 K wire,evh-products,true,3,0.70,"{""source_system"":""stockroom"",""source_file"":""Stockroom \u00b7 Instinct Stockroom.csv"",""source_rows"":""3139"",""classification"":""heuristic""}"
product,Bone pin 1/16,Bone pin 1/16,evh-products,true,3,0.70,"{""source_system"":""stockroom"",""source_file"":""Stockroom \u00b7 Instinct Stockroom.csv"",""source_rows"":""3139"",""classification"":""heuristic""}"
product,Bone pin 1/4,Bone pin 1/4,evh-products,true,3,0.70,"{""source_system"":""stockroom"",""source_file"":""Stockroom \u00b7 Instinct Stockroom.csv"",""source_rows"":""3139"",""classification"":""heuristic""}"
product,Bone pin 1/8,Bone pin 1/8,evh-products,true,3,0.70,"{""source_system"":""stockroom"",""source_file"":""Stockroom \u00b7 Instinct Stockroom.csv"",""source_rows"":""3139"",""classification"":""heuristic""}"
product,Bone Pin 3/32,Bone Pin 3/32,evh-products,true,3,0.70,"{""source_system"":""stockroom"",""source_file"":""Stockroom \u00b7 Instinct Stockroom.csv"",""source_rows"":""3139"",""classification"":""heuristic""}"
product,Bone pin 5/32,Bone pin 5/32,evh-products,true,3,0.70,"{""source_system"":""stockroom"",""source_file"":""Stockroom \u00b7 Instinct Stockroom.csv"",""source_rows"":""3139"",""classification"":""heuristic""}"
product,Bone pin 5/64,Bone pin 5/64,evh-products,true,3,0.70,"{""source_system"":""stockroom"",""source_file"":""Stockroom \u00b7 Instinct Stockroom.csv"",""source_rows"":""3139"",""classification"":""heuristic""}"
product,Bone pin 7/64,Bone pin 7/64,evh-products,true,3,0.70,"{""source_system"":""stockroom"",""source_file"":""Stockroom \u00b7 Instinct Stockroom.csv"",""source_rows"":""3139"",""classification"":""heuristic""}"
product,Bone pin 9/64,Bone pin 9/64,evh-products,true,3,0.70,"{""source_system"":""stockroom"",""source_file"":""Stockroom \u00b7 Instinct Stockroom.csv"",""source_rows"":""3139"",""classification"":""heuristic""}"
product,Bone Plating,Bone Plating,evh-products,true,3,0.70,"{""source_system"":""stockroom"",""source_file"":""Stockroom \u00b7 Instinct Stockroom.csv"",""source_rows"":""3139"",""classification"":""heuristic""}"
product,Bone wire 20ga,Bone wire 20ga,evh-products,true,3,0.70,"{""source_system"":""stockroom"",""source_file"":""Stockroom \u00b7 Instinct Stockroom.csv"",""source_rows"":""3139"",""classification"":""heuristic""}"
product,Boston Round 4oz Bottle (25ct),Boston Round 4oz Bottle (25ct),evh-products,true,3,0.70,"{""source_system"":""stockroom"",""source_file"":""Stockroom \u00b7 Instinct Stockroom.csv"",""source_rows"":""3139"",""classification"":""heuristic""}"
product,Boston Rounds 0.5oz (25ct),Boston Rounds 0.5oz (25ct),evh-products,true,3,0.70,"{""source_system"":""stockroom"",""source_file"":""Stockroom \u00b7 Instinct Stockroom.csv"",""source_rows"":""3139"",""classification"":""heuristic""}"
product,Boston Rounds 8oz (25ct),Boston Rounds 8oz (25ct),evh-products,true,3,0.70,"{""source_system"":""stockroom"",""source_file"":""Stockroom \u00b7 Instinct Stockroom.csv"",""source_rows"":""3139"",""classification"":""heuristic""}"
product,Boston Yorker Bottle Red Top 16OZ,Boston Yorker Bottle Red Top 16OZ,evh-products,true,3,0.70,"{""source_system"":""stockroom"",""source_file"":""Stockroom \u00b7 Instinct Stockroom.csv"",""source_rows"":""3139"",""classification"":""heuristic""}"
product,Bottle 2 oz,Bottle 2 oz,evh-products,true,3,0.70,"{""source_system"":""stockroom"",""source_file"":""Stockroom \u00b7 Instinct Stockroom.csv"",""source_rows"":""3139"",""classification"":""heuristic""}"
product,Bottle blood ACD 250ml,Bottle blood ACD 250ml,evh-products,true,3,0.70,"{""source_system"":""stockroom"",""source_file"":""Stockroom \u00b7 Instinct Stockroom.csv"",""source_rows"":""3139"",""classification"":""heuristic""}"
product,Bottle blood ACD 500ml,Bottle blood ACD 500ml,evh-products,true,3,0.70,"{""source_system"":""stockroom"",""source_file"":""Stockroom \u00b7 Instinct Stockroom.csv"",""source_rows"":""3139"",""classification"":""heuristic""}"
product,Bottle feeding (mL),Bottle feeding (mL),evh-products,true,3,0.70,"{""source_system"":""stockroom"",""source_file"":""Stockroom \u00b7 Instinct Stockroom.csv"",""source_rows"":""3139"",""classification"":""heuristic""}"
product,Bottle Yorker Red Top 4oz,Bottle Yorker Red Top 4oz,evh-products,true,3,0.70,"{""source_system"":""stockroom"",""source_file"":""Stockroom \u00b7 Instinct Stockroom.csv"",""source_rows"":""3139"",""classification"":""heuristic""}"
product,Bottle Yorker Red Top 8oz,Bottle Yorker Red Top 8oz,evh-products,true,3,0.70,"{""source_system"":""stockroom"",""source_file"":""Stockroom \u00b7 Instinct Stockroom.csv"",""source_rows"":""3139"",""classification"":""heuristic""}"
product,Brachycephalic Cesarean Section,Brachycephalic Cesarean Section,evh-products,true,3,0.70,"{""source_system"":""stockroom"",""source_file"":""Stockroom \u00b7 Instinct Stockroom.csv"",""source_rows"":""3139"",""classification"":""heuristic""}"
product,BronchoAlveolar Lavage,BronchoAlveolar Lavage,evh-products,true,3,0.70,"{""source_system"":""stockroom"",""source_file"":""Stockroom \u00b7 Instinct Stockroom.csv"",""source_rows"":""3139"",""classification"":""heuristic""}"
product,Brush Out / Sanitary Clip,Brush Out / Sanitary Clip,evh-products,true,3,0.70,"{""source_system"":""stockroom"",""source_file"":""Stockroom \u00b7 Instinct Stockroom.csv"",""source_rows"":""3139"",""classification"":""heuristic""}"
product,Brush Teeth,Brush Teeth,evh-products,true,3,0.70,"{""source_system"":""stockroom"",""source_file"":""Stockroom \u00b7 Instinct Stockroom.csv"",""source_rows"":""3139"",""classification"":""heuristic""}"
product,Brush Teeth - Courtesy,Brush Teeth - Courtesy,evh-products,true,3,0.70,"{""source_system"":""stockroom"",""source_file"":""Stockroom \u00b7 Instinct Stockroom.csv"",""source_rows"":""3139"",""classification"":""heuristic""}"
product,Buffy Coat Check for Mast Cells,Buffy Coat Check for Mast Cells,evh-products,true,3,0.70,"{""source_system"":""stockroom"",""source_file"":""Stockroom \u00b7 Instinct Stockroom.csv"",""source_rows"":""3139"",""classification"":""heuristic""}"
product,Buffy Coat Smear Evaluation by Technician,Buffy Coat Smear Evaluation by Technician,evh-products,true,3,0.70,"{""source_system"":""stockroom"",""source_file"":""Stockroom \u00b7 Instinct Stockroom.csv"",""source_rows"":""3139"",""classification"":""heuristic""}"
product,Buisness Cards,Buisness Cards,evh-products,true,3,0.70,"{""source_system"":""stockroom"",""source_file"":""Stockroom \u00b7 Instinct Stockroom.csv"",""source_rows"":""3139"",""classification"":""heuristic""}"
product,Bulb Laryngoscope 2.5V Vacuum,Bulb Laryngoscope 2.5V Vacuum,evh-products,true,3,0.70,"{""source_system"":""stockroom"",""source_file"":""Stockroom \u00b7 Instinct Stockroom.csv"",""source_rows"":""3139"",""classification"":""heuristic""}"
product,Burial Box intro kit -,Burial Box intro kit -,evh-products,true,3,0.70,"{""source_system"":""stockroom"",""source_file"":""Stockroom \u00b7 Instinct Stockroom.csv"",""source_rows"":""3139"",""classification"":""heuristic""}"
product,Burial Boxes Medium,Burial Boxes Medium,evh-products,true,3,0.70,"{""source_system"":""stockroom"",""source_file"":""Stockroom \u00b7 Instinct Stockroom.csv"",""source_rows"":""3139"",""classification"":""heuristic""}"
product,Burial Boxes Small,Burial Boxes Small,evh-products,true,3,0.70,"{""source_system"":""stockroom"",""source_file"":""Stockroom \u00b7 Instinct Stockroom.csv"",""source_rows"":""3139"",""classification"":""heuristic""}"
product,Business card holder,Business card holder,evh-products,true,3,0.70,"{""source_system"":""stockroom"",""source_file"":""Stockroom \u00b7 Instinct Stockroom.csv"",""source_rows"":""3139"",""classification"":""heuristic""}"
product,Butterfly 21ga,Butterfly 21ga,evh-products,true,3,0.70,"{""source_system"":""stockroom"",""source_file"":""Stockroom \u00b7 Instinct Stockroom.csv"",""source_rows"":""3139"",""classification"":""heuristic""}"
product,Butterfly 23ga,Butterfly 23ga,evh-products,true,3,0.70,"{""source_system"":""stockroom"",""source_file"":""Stockroom \u00b7 Instinct Stockroom.csv"",""source_rows"":""3139"",""classification"":""heuristic""}"
product,Butterfly 25ga,Butterfly 25ga,evh-products,true,3,0.70,"{""source_system"":""stockroom"",""source_file"":""Stockroom \u00b7 Instinct Stockroom.csv"",""source_rows"":""3139"",""classification"":""heuristic""}"
product,Cadaver Black Bags (LG) 25ct,Cadaver Black Bags (LG) 25ct,evh-products,true,3,0.70,"{""source_system"":""stockroom"",""source_file"":""Stockroom \u00b7 Instinct Stockroom.csv"",""source_rows"":""3139"",""classification"":""heuristic""}"
product,Cadaver Black Bags (SM) 25ct,Cadaver Black Bags (SM) 25ct,evh-products,true,3,0.70,"{""source_system"":""stockroom"",""source_file"":""Stockroom \u00b7 Instinct Stockroom.csv"",""source_rows"":""3139"",""classification"":""heuristic""}"
product,Cage sticker 69,Cage sticker 69,evh-products,true,3,0.70,"{""source_system"":""stockroom"",""source_file"":""Stockroom \u00b7 Instinct Stockroom.csv"",""source_rows"":""3139"",""classification"":""heuristic""}"
product,Call Owner with Update,Call Owner with Update,evh-products,true,3,0.70,"{""source_system"":""stockroom"",""source_file"":""Stockroom \u00b7 Instinct Stockroom.csv"",""source_rows"":""3139"",""classification"":""heuristic""}"
product,Call to Check Out Client,Call to Check Out Client,evh-products,true,3,0.70,"{""source_system"":""stockroom"",""source_file"":""Stockroom \u00b7 Instinct Stockroom.csv"",""source_rows"":""3139"",""classification"":""heuristic""}"
product,Candle for the Car Odor Elim -Car Hanger,Candle for the Car Odor Elim -Car Hanger,evh-products,true,3,0.70,"{""source_system"":""stockroom"",""source_file"":""Stockroom \u00b7 Instinct Stockroom.csv"",""source_rows"":""3139"",""classification"":""heuristic""}"
product,Canine Enteropathogen Panel to Texas,Canine Enteropathogen Panel to Texas,evh-products,true,3,0.70,"{""source_system"":""stockroom"",""source_file"":""Stockroom \u00b7 Instinct Stockroom.csv"",""source_rows"":""3139"",""classification"":""heuristic""}"
product,Canine GI PCR Fast Panel,Canine GI PCR Fast Panel,evh-products,true,3,0.70,"{""source_system"":""stockroom"",""source_file"":""Stockroom \u00b7 Instinct Stockroom.csv"",""source_rows"":""3139"",""classification"":""heuristic""}"
product,Canine Parvo Antigen,Canine Parvo Antigen,evh-products,true,3,0.70,"{""source_system"":""stockroom"",""source_file"":""Stockroom \u00b7 Instinct Stockroom.csv"",""source_rows"":""3139"",""classification"":""heuristic""}"
product,Canine Recombitek LYME,Canine Recombitek LYME,evh-products,true,3,0.70,"{""source_system"":""stockroom"",""source_file"":""Stockroom \u00b7 Instinct Stockroom.csv"",""source_rows"":""3139"",""classification"":""heuristic""}"
product,Canine Wisdom Panel Premium,Canine Wisdom Panel Premium,evh-products,true,3,0.70,"{""source_system"":""stockroom"",""source_file"":""Stockroom \u00b7 Instinct Stockroom.csv"",""source_rows"":""3139"",""classification"":""heuristic""}"
product,Cannister Head Push Button ( Turbine ),Cannister Head Push Button ( Turbine ),evh-products,true,3,0.70,"{""source_system"":""stockroom"",""source_file"":""Stockroom \u00b7 Instinct Stockroom.csv"",""source_rows"":""3139"",""classification"":""heuristic""}"
product,Capillary Refill Time (CRT),Capillary Refill Time (CRT),evh-products,true,3,0.70,"{""source_system"":""stockroom"",""source_file"":""Stockroom \u00b7 Instinct Stockroom.csv"",""source_rows"":""3139"",""classification"":""heuristic""}"
product,Carbolime Bag 3lb ( Sodasthesia ),Carbolime Bag 3lb ( Sodasthesia ),evh-products,true,3,0.70,"{""source_system"":""stockroom"",""source_file"":""Stockroom \u00b7 Instinct Stockroom.csv"",""source_rows"":""3139"",""classification"":""heuristic""}"
product,"Casting Tape Fiberglass 2""x4yds","Casting Tape Fiberglass 2""x4yds",evh-products,true,3,0.70,"{""source_system"":""stockroom"",""source_file"":""Stockroom \u00b7 Instinct Stockroom.csv"",""source_rows"":""3139"",""classification"":""heuristic""}"
product,Castration,Castration,evh-products,true,3,0.70,"{""source_system"":""stockroom"",""source_file"":""Stockroom \u00b7 Instinct Stockroom.csv"",""source_rows"":""3139"",""classification"":""heuristic""}"
product,Castration - Canine,Castration - Canine,evh-products,true,3,0.70,"{""source_system"":""stockroom"",""source_file"":""Stockroom \u00b7 Instinct Stockroom.csv"",""source_rows"":""3139"",""classification"":""heuristic""}"
product,"Castration K-9, scrotum Removal","Castration K-9, scrotum Removal",evh-products,true,3,0.70,"{""source_system"":""stockroom"",""source_file"":""Stockroom \u00b7 Instinct Stockroom.csv"",""source_rows"":""3139"",""classification"":""heuristic""}"
product,Castration- Slal,Castration- Slal,evh-products,true,3,0.70,"{""source_system"":""stockroom"",""source_file"":""Stockroom \u00b7 Instinct Stockroom.csv"",""source_rows"":""3139"",""classification"":""heuristic""}"
product,Castration-Feline,Castration-Feline,evh-products,true,3,0.70,"{""source_system"":""stockroom"",""source_file"":""Stockroom \u00b7 Instinct Stockroom.csv"",""source_rows"":""3139"",""classification"":""heuristic""}"
product,Castration-Foa,Castration-Foa,evh-products,true,3,0.70,"{""source_system"":""stockroom"",""source_file"":""Stockroom \u00b7 Instinct Stockroom.csv"",""source_rows"":""3139"",""classification"":""heuristic""}"
product,Castration-Hslc,Castration-Hslc,evh-products,true,3,0.70,"{""source_system"":""stockroom"",""source_file"":""Stockroom \u00b7 Instinct Stockroom.csv"",""source_rows"":""3139"",""classification"":""heuristic""}"
product,Castration-Lcas,Castration-Lcas,evh-products,true,3,0.70,"{""source_system"":""stockroom"",""source_file"":""Stockroom \u00b7 Instinct Stockroom.csv"",""source_rows"":""3139"",""classification"":""heuristic""}"
product,Cat Flea Comb,Cat Flea Comb,evh-products,true,3,0.70,"{""source_system"":""stockroom"",""source_file"":""Stockroom \u00b7 Instinct Stockroom.csv"",""source_rows"":""3139"",""classification"":""heuristic""}"
product,Cat Sack XL,Cat Sack XL,evh-products,true,3,0.70,"{""source_system"":""stockroom"",""source_file"":""Stockroom \u00b7 Instinct Stockroom.csv"",""source_rows"":""3139"",""classification"":""heuristic""}"
product,Catgut #O 50M,Catgut #O 50M,evh-products,true,3,0.70,"{""source_system"":""stockroom"",""source_file"":""Stockroom \u00b7 Instinct Stockroom.csv"",""source_rows"":""3139"",""classification"":""heuristic""}"
product,Catgut 4-0 FS2 635H,Catgut 4-0 FS2 635H,evh-products,true,3,0.70,"{""source_system"":""stockroom"",""source_file"":""Stockroom \u00b7 Instinct Stockroom.csv"",""source_rows"":""3139"",""classification"":""heuristic""}"
product,Catgut Suture Cassette #1 50m,Catgut Suture Cassette #1 50m,evh-products,true,3,0.70,"{""source_system"":""stockroom"",""source_file"":""Stockroom \u00b7 Instinct Stockroom.csv"",""source_rows"":""3139"",""classification"":""heuristic""}"
product,Cath ft 10fr 16in,Cath ft 10fr 16in,evh-products,true,3,0.70,"{""source_system"":""stockroom"",""source_file"":""Stockroom \u00b7 Instinct Stockroom.csv"",""source_rows"":""3139"",""classification"":""heuristic""}"
product,Cath ft 12fr 16in,Cath ft 12fr 16in,evh-products,true,3,0.70,"{""source_system"":""stockroom"",""source_file"":""Stockroom \u00b7 Instinct Stockroom.csv"",""source_rows"":""3139"",""classification"":""heuristic""}"
product,Cath ft 14fr 16in,Cath ft 14fr 16in,evh-products,true,3,0.70,"{""source_system"":""stockroom"",""source_file"":""Stockroom \u00b7 Instinct Stockroom.csv"",""source_rows"":""3139"",""classification"":""heuristic""}"
product,"Cath ft 16fr x 16""","Cath ft 16fr x 16""",evh-products,true,3,0.70,"{""source_system"":""stockroom"",""source_file"":""Stockroom \u00b7 Instinct Stockroom.csv"",""source_rows"":""3139"",""classification"":""heuristic""}"
product,Cath ft 18fr 16in,Cath ft 18fr 16in,evh-products,true,3,0.70,"{""source_system"":""stockroom"",""source_file"":""Stockroom \u00b7 Instinct Stockroom.csv"",""source_rows"":""3139"",""classification"":""heuristic""}"
product,Cath ft 3.5fr 16in,Cath ft 3.5fr 16in,evh-products,true,3,0.70,"{""source_system"":""stockroom"",""source_file"":""Stockroom \u00b7 Instinct Stockroom.csv"",""source_rows"":""3139"",""classification"":""heuristic""}"
product,Cath ft 5fr 16in,Cath ft 5fr 16in,evh-products,true,3,0.70,"{""source_system"":""stockroom"",""source_file"":""Stockroom \u00b7 Instinct Stockroom.csv"",""source_rows"":""3139"",""classification"":""heuristic""}"
product,Cath ft 8fr 16in,Cath ft 8fr 16in,evh-products,true,3,0.70,"{""source_system"":""stockroom"",""source_file"":""Stockroom \u00b7 Instinct Stockroom.csv"",""source_rows"":""3139"",""classification"":""heuristic""}"
product,"Cath ft 8fr x 22""","Cath ft 8fr x 22""",evh-products,true,3,0.70,"{""source_system"":""stockroom"",""source_file"":""Stockroom \u00b7 Instinct Stockroom.csv"",""source_rows"":""3139"",""classification"":""heuristic""}"
product,Cath poly 05fr 22in 12,Cath poly 05fr 22in 12,evh-products,true,3,0.70,"{""source_system"":""stockroom"",""source_file"":""Stockroom \u00b7 Instinct Stockroom.csv"",""source_rows"":""3139"",""classification"":""heuristic""}"
product,Cath poly 08fr 22in,Cath poly 08fr 22in,evh-products,true,3,0.70,"{""source_system"":""stockroom"",""source_file"":""Stockroom \u00b7 Instinct Stockroom.csv"",""source_rows"":""3139"",""classification"":""heuristic""}"
product,Cath Poly 10fr x 2in,Cath Poly 10fr x 2in,evh-products,true,3,0.70,"{""source_system"":""stockroom"",""source_file"":""Stockroom \u00b7 Instinct Stockroom.csv"",""source_rows"":""3139"",""classification"":""heuristic""}"
product,Cath tom cat closed end ( urinary),Cath tom cat closed end ( urinary),evh-products,true,3,0.70,"{""source_system"":""stockroom"",""source_file"":""Stockroom \u00b7 Instinct Stockroom.csv"",""source_rows"":""3139"",""classification"":""heuristic""}"
product,Cath tom cat open end (urinary),Cath tom cat open end (urinary),evh-products,true,3,0.70,"{""source_system"":""stockroom"",""source_file"":""Stockroom \u00b7 Instinct Stockroom.csv"",""source_rows"":""3139"",""classification"":""heuristic""}"
product,Cath Tom Cat Silicone 3.5 fr (Open End),Cath Tom Cat Silicone 3.5 fr (Open End),evh-products,true,3,0.70,"{""source_system"":""stockroom"",""source_file"":""Stockroom \u00b7 Instinct Stockroom.csv"",""source_rows"":""3139"",""classification"":""heuristic""}"
product,Cath Tom Cat Silicone 3.5fr (Closed End),Cath Tom Cat Silicone 3.5fr (Closed End),evh-products,true,3,0.70,"{""source_system"":""stockroom"",""source_file"":""Stockroom \u00b7 Instinct Stockroom.csv"",""source_rows"":""3139"",""classification"":""heuristic""}"
product,Cath Tom Cat Slippery Sam 3.5fr (Closed),Cath Tom Cat Slippery Sam 3.5fr (Closed),evh-products,true,3,0.70,"{""source_system"":""stockroom"",""source_file"":""Stockroom \u00b7 Instinct Stockroom.csv"",""source_rows"":""3139"",""classification"":""heuristic""}"
product,Cath Tom Cat Slippery Sam 3.5fr (Open),Cath Tom Cat Slippery Sam 3.5fr (Open),evh-products,true,3,0.70,"{""source_system"":""stockroom"",""source_file"":""Stockroom \u00b7 Instinct Stockroom.csv"",""source_rows"":""3139"",""classification"":""heuristic""}"
product,CDR,CDR,evh-products,true,3,0.70,"{""source_system"":""stockroom"",""source_file"":""Stockroom \u00b7 Instinct Stockroom.csv"",""source_rows"":""3139"",""classification"":""heuristic""}"
product,Centragard 3ct $6 Instant Rebate,Centragard 3ct $6 Instant Rebate,evh-products,true,3,0.70,"{""source_system"":""stockroom"",""source_file"":""Stockroom \u00b7 Instinct Stockroom.csv"",""source_rows"":""3139"",""classification"":""heuristic""}"
product,Central Venous Pressure (CVP),Central Venous Pressure (CVP),evh-products,true,3,0.70,"{""source_system"":""stockroom"",""source_file"":""Stockroom \u00b7 Instinct Stockroom.csv"",""source_rows"":""3139"",""classification"":""heuristic""}"
product,Centrifuge Rotor,Centrifuge Rotor,evh-products,true,3,0.70,"{""source_system"":""stockroom"",""source_file"":""Stockroom \u00b7 Instinct Stockroom.csv"",""source_rows"":""3139"",""classification"":""heuristic""}"
product,Centry Handle Kit,Centry Handle Kit,evh-products,true,3,0.70,"{""source_system"":""stockroom"",""source_file"":""Stockroom \u00b7 Instinct Stockroom.csv"",""source_rows"":""3139"",""classification"":""heuristic""}"
product,Centry Lamp Holder (P/N1000088),Centry Lamp Holder (P/N1000088),evh-products,true,3,0.70,"{""source_system"":""stockroom"",""source_file"":""Stockroom \u00b7 Instinct Stockroom.csv"",""source_rows"":""3139"",""classification"":""heuristic""}"
product,Cesarean Section,Cesarean Section,evh-products,true,3,0.70,"{""source_system"":""stockroom"",""source_file"":""Stockroom \u00b7 Instinct Stockroom.csv"",""source_rows"":""3139"",""classification"":""heuristic""}"
product,CET Hextra Chews Large 30ct bag,CET Hextra Chews Large 30ct bag,evh-products,true,3,0.70,"{""source_system"":""stockroom"",""source_file"":""Stockroom \u00b7 Instinct Stockroom.csv"",""source_rows"":""3139"",""classification"":""heuristic""}"
product,CET Hextra Premium Chews Med bag,CET Hextra Premium Chews Med bag,evh-products,true,3,0.70,"{""source_system"":""stockroom"",""source_file"":""Stockroom \u00b7 Instinct Stockroom.csv"",""source_rows"":""3139"",""classification"":""heuristic""}"
product,CET Intellident Cat Bites,CET Intellident Cat Bites,evh-products,true,3,0.70,"{""source_system"":""stockroom"",""source_file"":""Stockroom \u00b7 Instinct Stockroom.csv"",""source_rows"":""3139"",""classification"":""heuristic""}"
product,CET Toothpaste Vanilla Mint,CET Toothpaste Vanilla Mint,evh-products,true,3,0.70,"{""source_system"":""stockroom"",""source_file"":""Stockroom \u00b7 Instinct Stockroom.csv"",""source_rows"":""3139"",""classification"":""heuristic""}"
product,Chamber Brite (Autoclave Cleaner),Chamber Brite (Autoclave Cleaner),evh-products,true,3,0.70,"{""source_system"":""stockroom"",""source_file"":""Stockroom \u00b7 Instinct Stockroom.csv"",""source_rows"":""3139"",""classification"":""heuristic""}"
product,Change Bedding,Change Bedding,evh-products,true,3,0.70,"{""source_system"":""stockroom"",""source_file"":""Stockroom \u00b7 Instinct Stockroom.csv"",""source_rows"":""3139"",""classification"":""heuristic""}"
product,Change CRI,Change CRI,evh-products,true,3,0.70,"{""source_system"":""stockroom"",""source_file"":""Stockroom \u00b7 Instinct Stockroom.csv"",""source_rows"":""3139"",""classification"":""heuristic""}"
product,Change Endotracheal Tube,Change Endotracheal Tube,evh-products,true,3,0.70,"{""source_system"":""stockroom"",""source_file"":""Stockroom \u00b7 Instinct Stockroom.csv"",""source_rows"":""3139"",""classification"":""heuristic""}"
product,Change Feeding Instructions,Change Feeding Instructions,evh-products,true,3,0.70,"{""source_system"":""stockroom"",""source_file"":""Stockroom \u00b7 Instinct Stockroom.csv"",""source_rows"":""3139"",""classification"":""heuristic""}"
product,Change IV Catheter,Change IV Catheter,evh-products,true,3,0.70,"{""source_system"":""stockroom"",""source_file"":""Stockroom \u00b7 Instinct Stockroom.csv"",""source_rows"":""3139"",""classification"":""heuristic""}"
product,Change IVF Additives,Change IVF Additives,evh-products,true,3,0.70,"{""source_system"":""stockroom"",""source_file"":""Stockroom \u00b7 Instinct Stockroom.csv"",""source_rows"":""3139"",""classification"":""heuristic""}"
product,Change Patient Lines,Change Patient Lines,evh-products,true,3,0.70,"{""source_system"":""stockroom"",""source_file"":""Stockroom \u00b7 Instinct Stockroom.csv"",""source_rows"":""3139"",""classification"":""heuristic""}"
product,Check / Apply Figure 8 / Body Wrap,Check / Apply Figure 8 / Body Wrap,evh-products,true,3,0.70,"{""source_system"":""stockroom"",""source_file"":""Stockroom \u00b7 Instinct Stockroom.csv"",""source_rows"":""3139"",""classification"":""heuristic""}"
product,Check / Apply Tail Guard,Check / Apply Tail Guard,evh-products,true,3,0.70,"{""source_system"":""stockroom"",""source_file"":""Stockroom \u00b7 Instinct Stockroom.csv"",""source_rows"":""3139"",""classification"":""heuristic""}"
product,Check / Clean Eyes,Check / Clean Eyes,evh-products,true,3,0.70,"{""source_system"":""stockroom"",""source_file"":""Stockroom \u00b7 Instinct Stockroom.csv"",""source_rows"":""3139"",""classification"":""heuristic""}"
product,Check / Clean Pin Tracts,Check / Clean Pin Tracts,evh-products,true,3,0.70,"{""source_system"":""stockroom"",""source_file"":""Stockroom \u00b7 Instinct Stockroom.csv"",""source_rows"":""3139"",""classification"":""heuristic""}"
product,Check Airway,Check Airway,evh-products,true,3,0.70,"{""source_system"":""stockroom"",""source_file"":""Stockroom \u00b7 Instinct Stockroom.csv"",""source_rows"":""3139"",""classification"":""heuristic""}"
product,Check All Connections are Closed,Check All Connections are Closed,evh-products,true,3,0.70,"{""source_system"":""stockroom"",""source_file"":""Stockroom \u00b7 Instinct Stockroom.csv"",""source_rows"":""3139"",""classification"":""heuristic""}"
product,Check Central Line Catheter / Maintenance,Check Central Line Catheter / Maintenance,evh-products,true,3,0.70,"{""source_system"":""stockroom"",""source_file"":""Stockroom \u00b7 Instinct Stockroom.csv"",""source_rows"":""3139"",""classification"":""heuristic""}"
product,Check Connections / Ports / Tubing,Check Connections / Ports / Tubing,evh-products,true,3,0.70,"{""source_system"":""stockroom"",""source_file"":""Stockroom \u00b7 Instinct Stockroom.csv"",""source_rows"":""3139"",""classification"":""heuristic""}"
product,Check Endotracheal Tube / Maintenance,Check Endotracheal Tube / Maintenance,evh-products,true,3,0.70,"{""source_system"":""stockroom"",""source_file"":""Stockroom \u00b7 Instinct Stockroom.csv"",""source_rows"":""3139"",""classification"":""heuristic""}"
product,Check Esophagostomy (E-tube) Placement,Check Esophagostomy (E-tube) Placement,evh-products,true,3,0.70,"{""source_system"":""stockroom"",""source_file"":""Stockroom \u00b7 Instinct Stockroom.csv"",""source_rows"":""3139"",""classification"":""heuristic""}"
product,Check Feet for Lesions,Check Feet for Lesions,evh-products,true,3,0.70,"{""source_system"":""stockroom"",""source_file"":""Stockroom \u00b7 Instinct Stockroom.csv"",""source_rows"":""3139"",""classification"":""heuristic""}"
product,Check for Hotspots / Redness / Skin Irritation,Check for Hotspots / Redness / Skin Irritation,evh-products,true,3,0.70,"{""source_system"":""stockroom"",""source_file"":""Stockroom \u00b7 Instinct Stockroom.csv"",""source_rows"":""3139"",""classification"":""heuristic""}"
product,Check Holter Monitor,Check Holter Monitor,evh-products,true,3,0.70,"{""source_system"":""stockroom"",""source_file"":""Stockroom \u00b7 Instinct Stockroom.csv"",""source_rows"":""3139"",""classification"":""heuristic""}"
product,Check IV Catheter / Maintenance,Check IV Catheter / Maintenance,evh-products,true,3,0.70,"{""source_system"":""stockroom"",""source_file"":""Stockroom \u00b7 Instinct Stockroom.csv"",""source_rows"":""3139"",""classification"":""heuristic""}"
product,Check Limb,Check Limb,evh-products,true,3,0.70,"{""source_system"":""stockroom"",""source_file"":""Stockroom \u00b7 Instinct Stockroom.csv"",""source_rows"":""3139"",""classification"":""heuristic""}"
product,Check Nasal Cannula,Check Nasal Cannula,evh-products,true,3,0.70,"{""source_system"":""stockroom"",""source_file"":""Stockroom \u00b7 Instinct Stockroom.csv"",""source_rows"":""3139"",""classification"":""heuristic""}"
product,Check Neuro Status,Check Neuro Status,evh-products,true,3,0.70,"{""source_system"":""stockroom"",""source_file"":""Stockroom \u00b7 Instinct Stockroom.csv"",""source_rows"":""3139"",""classification"":""heuristic""}"
product,Check Pain Patch,Check Pain Patch,evh-products,true,3,0.70,"{""source_system"":""stockroom"",""source_file"":""Stockroom \u00b7 Instinct Stockroom.csv"",""source_rows"":""3139"",""classification"":""heuristic""}"
product,Check Paws,Check Paws,evh-products,true,3,0.70,"{""source_system"":""stockroom"",""source_file"":""Stockroom \u00b7 Instinct Stockroom.csv"",""source_rows"":""3139"",""classification"":""heuristic""}"
product,Check Stay Sutures,Check Stay Sutures,evh-products,true,3,0.70,"{""source_system"":""stockroom"",""source_file"":""Stockroom \u00b7 Instinct Stockroom.csv"",""source_rows"":""3139"",""classification"":""heuristic""}"
product,Check Tracheostomy Tube / Maintenance,Check Tracheostomy Tube / Maintenance,evh-products,true,3,0.70,"{""source_system"":""stockroom"",""source_file"":""Stockroom \u00b7 Instinct Stockroom.csv"",""source_rows"":""3139"",""classification"":""heuristic""}"
product,Check Vent Tubing/Filters/Humidifier,Check Vent Tubing/Filters/Humidifier,evh-products,true,3,0.70,"{""source_system"":""stockroom"",""source_file"":""Stockroom \u00b7 Instinct Stockroom.csv"",""source_rows"":""3139"",""classification"":""heuristic""}"
product,CHEM25,CHEM25,evh-products,true,3,0.70,"{""source_system"":""stockroom"",""source_file"":""Stockroom \u00b7 Instinct Stockroom.csv"",""source_rows"":""3139"",""classification"":""heuristic""}"
product,Chest Tube - Lavage (mL) (left side),Chest Tube - Lavage (mL) (left side),evh-products,true,3,0.70,"{""source_system"":""stockroom"",""source_file"":""Stockroom \u00b7 Instinct Stockroom.csv"",""source_rows"":""3139"",""classification"":""heuristic""}"
product,Chest Tube - Lavage (mL) (right side),Chest Tube - Lavage (mL) (right side),evh-products,true,3,0.70,"{""source_system"":""stockroom"",""source_file"":""Stockroom \u00b7 Instinct Stockroom.csv"",""source_rows"":""3139"",""classification"":""heuristic""}"
product,Chewy Online Prescription,Chewy Online Prescription,evh-products,true,3,0.70,"{""source_system"":""stockroom"",""source_file"":""Stockroom \u00b7 Instinct Stockroom.csv"",""source_rows"":""3139"",""classification"":""heuristic""}"
product,Cholecystectomy,Cholecystectomy,evh-products,true,3,0.70,"{""source_system"":""stockroom"",""source_file"":""Stockroom \u00b7 Instinct Stockroom.csv"",""source_rows"":""3139"",""classification"":""heuristic""}"
product,Clean Air (Soda Sorb) Canister,Clean Air (Soda Sorb) Canister,evh-products,true,3,0.70,"{""source_system"":""stockroom"",""source_file"":""Stockroom \u00b7 Instinct Stockroom.csv"",""source_rows"":""3139"",""classification"":""heuristic""}"
product,Clean Baby Scales,Clean Baby Scales,evh-products,true,3,0.70,"{""source_system"":""stockroom"",""source_file"":""Stockroom \u00b7 Instinct Stockroom.csv"",""source_rows"":""3139"",""classification"":""heuristic""}"
product,Clean Cage / Run,Clean Cage / Run,evh-products,true,3,0.70,"{""source_system"":""stockroom"",""source_file"":""Stockroom \u00b7 Instinct Stockroom.csv"",""source_rows"":""3139"",""classification"":""heuristic""}"
product,Clean Catch Urine Containers,Clean Catch Urine Containers,evh-products,true,3,0.70,"{""source_system"":""stockroom"",""source_file"":""Stockroom \u00b7 Instinct Stockroom.csv"",""source_rows"":""3139"",""classification"":""heuristic""}"
product,Clean E-tube with Chlorhexidine,Clean E-tube with Chlorhexidine,evh-products,true,3,0.70,"{""source_system"":""stockroom"",""source_file"":""Stockroom \u00b7 Instinct Stockroom.csv"",""source_rows"":""3139"",""classification"":""heuristic""}"
product,Clean Ears (no charge),Clean Ears (no charge),evh-products,true,3,0.70,"{""source_system"":""stockroom"",""source_file"":""Stockroom \u00b7 Instinct Stockroom.csv"",""source_rows"":""3139"",""classification"":""heuristic""}"
product,Clean Hind End,Clean Hind End,evh-products,true,3,0.70,"{""source_system"":""stockroom"",""source_file"":""Stockroom \u00b7 Instinct Stockroom.csv"",""source_rows"":""3139"",""classification"":""heuristic""}"
product,Clean Patient,Clean Patient,evh-products,true,3,0.70,"{""source_system"":""stockroom"",""source_file"":""Stockroom \u00b7 Instinct Stockroom.csv"",""source_rows"":""3139"",""classification"":""heuristic""}"
product,Clean Scale/Scale Mat,Clean Scale/Scale Mat,evh-products,true,3,0.70,"{""source_system"":""stockroom"",""source_file"":""Stockroom \u00b7 Instinct Stockroom.csv"",""source_rows"":""3139"",""classification"":""heuristic""}"
product,Clean Wet Table,Clean Wet Table,evh-products,true,3,0.70,"{""source_system"":""stockroom"",""source_file"":""Stockroom \u00b7 Instinct Stockroom.csv"",""source_rows"":""3139"",""classification"":""heuristic""}"
product,Clean/Wash Clippers & Blades,Clean/Wash Clippers & Blades,evh-products,true,3,0.70,"{""source_system"":""stockroom"",""source_file"":""Stockroom \u00b7 Instinct Stockroom.csv"",""source_rows"":""3139"",""classification"":""heuristic""}"
product,Client Folder (e-t folder),Client Folder (e-t folder),evh-products,true,3,0.70,"{""source_system"":""stockroom"",""source_file"":""Stockroom \u00b7 Instinct Stockroom.csv"",""source_rows"":""3139"",""classification"":""heuristic""}"
product,Clindoral Kit Box,Clindoral Kit Box,evh-products,true,3,0.70,"{""source_system"":""stockroom"",""source_file"":""Stockroom \u00b7 Instinct Stockroom.csv"",""source_rows"":""3139"",""classification"":""heuristic""}"
product,Clip Feet / Routine,Clip Feet / Routine,evh-products,true,3,0.70,"{""source_system"":""stockroom"",""source_file"":""Stockroom \u00b7 Instinct Stockroom.csv"",""source_rows"":""3139"",""classification"":""heuristic""}"
product,Clip Matts / Complicated,Clip Matts / Complicated,evh-products,true,3,0.70,"{""source_system"":""stockroom"",""source_file"":""Stockroom \u00b7 Instinct Stockroom.csv"",""source_rows"":""3139"",""classification"":""heuristic""}"
product,Clip Matts / Routine,Clip Matts / Routine,evh-products,true,3,0.70,"{""source_system"":""stockroom"",""source_file"":""Stockroom \u00b7 Instinct Stockroom.csv"",""source_rows"":""3139"",""classification"":""heuristic""}"
product,Clipper A5 Gold,Clipper A5 Gold,evh-products,true,3,0.70,"{""source_system"":""stockroom"",""source_file"":""Stockroom \u00b7 Instinct Stockroom.csv"",""source_rows"":""3139"",""classification"":""heuristic""}"
product,Clipper Battery Pack,Clipper Battery Pack,evh-products,true,3,0.70,"{""source_system"":""stockroom"",""source_file"":""Stockroom \u00b7 Instinct Stockroom.csv"",""source_rows"":""3139"",""classification"":""heuristic""}"
product,Clipper blade #10,Clipper blade #10,evh-products,true,3,0.70,"{""source_system"":""stockroom"",""source_file"":""Stockroom \u00b7 Instinct Stockroom.csv"",""source_rows"":""3139"",""classification"":""heuristic""}"
product,Clipper blade #40,Clipper blade #40,evh-products,true,3,0.70,"{""source_system"":""stockroom"",""source_file"":""Stockroom \u00b7 Instinct Stockroom.csv"",""source_rows"":""3139"",""classification"":""heuristic""}"
product,Clipper Blade Service,Clipper Blade Service,evh-products,true,3,0.70,"{""source_system"":""stockroom"",""source_file"":""Stockroom \u00b7 Instinct Stockroom.csv"",""source_rows"":""3139"",""classification"":""heuristic""}"
product,Clipper Blade Wash,Clipper Blade Wash,evh-products,true,3,0.70,"{""source_system"":""stockroom"",""source_file"":""Stockroom \u00b7 Instinct Stockroom.csv"",""source_rows"":""3139"",""classification"":""heuristic""}"
product,Clipper Volt Cordless Lithium,Clipper Volt Cordless Lithium,evh-products,true,3,0.70,"{""source_system"":""stockroom"",""source_file"":""Stockroom \u00b7 Instinct Stockroom.csv"",""source_rows"":""3139"",""classification"":""heuristic""}"
product,Clipper-Andis Super AGR,Clipper-Andis Super AGR,evh-products,true,3,0.70,"{""source_system"":""stockroom"",""source_file"":""Stockroom \u00b7 Instinct Stockroom.csv"",""source_rows"":""3139"",""classification"":""heuristic""}"
product,Clorox Bowl Cleaner,Clorox Bowl Cleaner,evh-products,true,3,0.70,"{""source_system"":""stockroom"",""source_file"":""Stockroom \u00b7 Instinct Stockroom.csv"",""source_rows"":""3139"",""classification"":""heuristic""}"
product,Cold Compress (Ice),Cold Compress (Ice),evh-products,true,3,0.70,"{""source_system"":""stockroom"",""source_file"":""Stockroom \u00b7 Instinct Stockroom.csv"",""source_rows"":""3139"",""classification"":""heuristic""}"
product,Collect 1hr Post-sample,Collect 1hr Post-sample,evh-products,true,3,0.70,"{""source_system"":""stockroom"",""source_file"":""Stockroom \u00b7 Instinct Stockroom.csv"",""source_rows"":""3139"",""classification"":""heuristic""}"
product,Collect 2hr Post-sample,Collect 2hr Post-sample,evh-products,true,3,0.70,"{""source_system"":""stockroom"",""source_file"":""Stockroom \u00b7 Instinct Stockroom.csv"",""source_rows"":""3139"",""classification"":""heuristic""}"
product,Collect 4hr Post-sample,Collect 4hr Post-sample,evh-products,true,3,0.70,"{""source_system"":""stockroom"",""source_file"":""Stockroom \u00b7 Instinct Stockroom.csv"",""source_rows"":""3139"",""classification"":""heuristic""}"
product,Collect 8hr Post-sample,Collect 8hr Post-sample,evh-products,true,3,0.70,"{""source_system"":""stockroom"",""source_file"":""Stockroom \u00b7 Instinct Stockroom.csv"",""source_rows"":""3139"",""classification"":""heuristic""}"
product,Collect Fecal Sample,Collect Fecal Sample,evh-products,true,3,0.70,"{""source_system"":""stockroom"",""source_file"":""Stockroom \u00b7 Instinct Stockroom.csv"",""source_rows"":""3139"",""classification"":""heuristic""}"
product,Collect Free Catch Urine Sample,Collect Free Catch Urine Sample,evh-products,true,3,0.70,"{""source_system"":""stockroom"",""source_file"":""Stockroom \u00b7 Instinct Stockroom.csv"",""source_rows"":""3139"",""classification"":""heuristic""}"
product,Colorado - Histopath w/ Copper Quan.,Colorado - Histopath w/ Copper Quan.,evh-products,true,3,0.70,"{""source_system"":""stockroom"",""source_file"":""Stockroom \u00b7 Instinct Stockroom.csv"",""source_rows"":""3139"",""classification"":""heuristic""}"
product,Comfort / Pain Check (Pain Score),Comfort / Pain Check (Pain Score),evh-products,true,3,0.70,"{""source_system"":""stockroom"",""source_file"":""Stockroom \u00b7 Instinct Stockroom.csv"",""source_rows"":""3139"",""classification"":""heuristic""}"
product,Communal Cremation/Burial Svc <125lb,Communal Cremation/Burial Svc <125lb,evh-products,true,3,0.70,"{""source_system"":""stockroom"",""source_file"":""Stockroom \u00b7 Instinct Stockroom.csv"",""source_rows"":""3139"",""classification"":""heuristic""}"
product,Communal Cremation/Burial Svc >125lb,Communal Cremation/Burial Svc >125lb,evh-products,true,3,0.70,"{""source_system"":""stockroom"",""source_file"":""Stockroom \u00b7 Instinct Stockroom.csv"",""source_rows"":""3139"",""classification"":""heuristic""}"
product,Complete Dustmop,Complete Dustmop,evh-products,true,3,0.70,"{""source_system"":""stockroom"",""source_file"":""Stockroom \u00b7 Instinct Stockroom.csv"",""source_rows"":""3139"",""classification"":""heuristic""}"
product,Computer paper-db/sheet,Computer paper-db/sheet,evh-products,true,3,0.70,"{""source_system"":""stockroom"",""source_file"":""Stockroom \u00b7 Instinct Stockroom.csv"",""source_rows"":""3139"",""classification"":""heuristic""}"
product,Computer paper-sgl 2550sh/bx,Computer paper-sgl 2550sh/bx,evh-products,true,3,0.70,"{""source_system"":""stockroom"",""source_file"":""Stockroom \u00b7 Instinct Stockroom.csv"",""source_rows"":""3139"",""classification"":""heuristic""}"
product,Computer paper-sgl 3500sh/bx,Computer paper-sgl 3500sh/bx,evh-products,true,3,0.70,"{""source_system"":""stockroom"",""source_file"":""Stockroom \u00b7 Instinct Stockroom.csv"",""source_rows"":""3139"",""classification"":""heuristic""}"
product,Computer printer ribbon,Computer printer ribbon,evh-products,true,3,0.70,"{""source_system"":""stockroom"",""source_file"":""Stockroom \u00b7 Instinct Stockroom.csv"",""source_rows"":""3139"",""classification"":""heuristic""}"
product,Confirm Multilumen Ports are Labeled,Confirm Multilumen Ports are Labeled,evh-products,true,3,0.70,"{""source_system"":""stockroom"",""source_file"":""Stockroom \u00b7 Instinct Stockroom.csv"",""source_rows"":""3139"",""classification"":""heuristic""}"
product,Confirm patient is clean and IVC/bandages/dressings removed,Confirm patient is clean and IVC/bandages/dressings removed,evh-products,true,3,0.70,"{""source_system"":""stockroom"",""source_file"":""Stockroom \u00b7 Instinct Stockroom.csv"",""source_rows"":""3139"",""classification"":""heuristic""}"
product,Conical Sharpening Stone,Conical Sharpening Stone,evh-products,true,3,0.70,"{""source_system"":""stockroom"",""source_file"":""Stockroom \u00b7 Instinct Stockroom.csv"",""source_rows"":""3139"",""classification"":""heuristic""}"
product,Consil Application,Consil Application,evh-products,true,3,0.70,"{""source_system"":""stockroom"",""source_file"":""Stockroom \u00b7 Instinct Stockroom.csv"",""source_rows"":""3139"",""classification"":""heuristic""}"
product,Consil Bioglass Putty,Consil Bioglass Putty,evh-products,true,3,0.70,"{""source_system"":""stockroom"",""source_file"":""Stockroom \u00b7 Instinct Stockroom.csv"",""source_rows"":""3139"",""classification"":""heuristic""}"
product,Controlled  Substance Fee,Controlled  Substance Fee,evh-products,true,3,0.70,"{""source_system"":""stockroom"",""source_file"":""Stockroom \u00b7 Instinct Stockroom.csv"",""source_rows"":""3139"",""classification"":""heuristic""}"
product,Controlled Substance Fee,Controlled Substance Fee,evh-products,true,3,0.70,"{""source_system"":""stockroom"",""source_file"":""Stockroom \u00b7 Instinct Stockroom.csv"",""source_rows"":""3139"",""classification"":""heuristic""}"
product,Coplin Staining Jar w/ Screw Top,Coplin Staining Jar w/ Screw Top,evh-products,true,3,0.70,"{""source_system"":""stockroom"",""source_file"":""Stockroom \u00b7 Instinct Stockroom.csv"",""source_rows"":""3139"",""classification"":""heuristic""}"
product,Cornell AHDC Liver Histopat/Stain Panel,Cornell AHDC Liver Histopat/Stain Panel,evh-products,true,3,0.70,"{""source_system"":""stockroom"",""source_file"":""Stockroom \u00b7 Instinct Stockroom.csv"",""source_rows"":""3139"",""classification"":""heuristic""}"
product,"Cosypad Size 1 13"" x 20""","Cosypad Size 1 13"" x 20""",evh-products,true,3,0.70,"{""source_system"":""stockroom"",""source_file"":""Stockroom \u00b7 Instinct Stockroom.csv"",""source_rows"":""3139"",""classification"":""heuristic""}"
product,Cotton applicator sticks 100CT,Cotton applicator sticks 100CT,evh-products,true,3,0.70,"{""source_system"":""stockroom"",""source_file"":""Stockroom \u00b7 Instinct Stockroom.csv"",""source_rows"":""3139"",""classification"":""heuristic""}"
product,Cotton balls 2bgs/1cs,Cotton balls 2bgs/1cs,evh-products,true,3,0.70,"{""source_system"":""stockroom"",""source_file"":""Stockroom \u00b7 Instinct Stockroom.csv"",""source_rows"":""3139"",""classification"":""heuristic""}"
product,Cotton roll (Lakeside),Cotton roll (Lakeside),evh-products,true,3,0.70,"{""source_system"":""stockroom"",""source_file"":""Stockroom \u00b7 Instinct Stockroom.csv"",""source_rows"":""3139"",""classification"":""heuristic""}"
product,"Cotton Tip Applicators Sterile 6"" 200ct","Cotton Tip Applicators Sterile 6"" 200ct",evh-products,true,3,0.70,"{""source_system"":""stockroom"",""source_file"":""Stockroom \u00b7 Instinct Stockroom.csv"",""source_rows"":""3139"",""classification"":""heuristic""}"
product,"Cotton Tipped Applicators 6"" 1000ct","Cotton Tipped Applicators 6"" 1000ct",evh-products,true,3,0.70,"{""source_system"":""stockroom"",""source_file"":""Stockroom \u00b7 Instinct Stockroom.csv"",""source_rows"":""3139"",""classification"":""heuristic""}"
product,County tag / shelter,County tag / shelter,evh-products,true,3,0.70,"{""source_system"":""stockroom"",""source_file"":""Stockroom \u00b7 Instinct Stockroom.csv"",""source_rows"":""3139"",""classification"":""heuristic""}"
product,County Tags,County Tags,evh-products,true,3,0.70,"{""source_system"":""stockroom"",""source_file"":""Stockroom \u00b7 Instinct Stockroom.csv"",""source_rows"":""3139"",""classification"":""heuristic""}"
product,Credit card paper thermal,Credit card paper thermal,evh-products,true,3,0.70,"{""source_system"":""stockroom"",""source_file"":""Stockroom \u00b7 Instinct Stockroom.csv"",""source_rows"":""3139"",""classification"":""heuristic""}"
product,CRI - Bolus,CRI - Bolus,evh-products,true,3,0.70,"{""source_system"":""stockroom"",""source_file"":""Stockroom \u00b7 Instinct Stockroom.csv"",""source_rows"":""3139"",""classification"":""heuristic""}"
product,CRI - Dobutamine (mcg/kg/min),CRI - Dobutamine (mcg/kg/min),evh-products,true,3,0.70,"{""source_system"":""stockroom"",""source_file"":""Stockroom \u00b7 Instinct Stockroom.csv"",""source_rows"":""3139"",""classification"":""heuristic""}"
product,CRI - Dopamine (mcg/kg/min),CRI - Dopamine (mcg/kg/min),evh-products,true,3,0.70,"{""source_system"":""stockroom"",""source_file"":""Stockroom \u00b7 Instinct Stockroom.csv"",""source_rows"":""3139"",""classification"":""heuristic""}"
product,CRI - Ethanol (mL/hr),CRI - Ethanol (mL/hr),evh-products,true,3,0.70,"{""source_system"":""stockroom"",""source_file"":""Stockroom \u00b7 Instinct Stockroom.csv"",""source_rows"":""3139"",""classification"":""heuristic""}"
product,CRI - GoLytely / NG (mL/hr),CRI - GoLytely / NG (mL/hr),evh-products,true,3,0.70,"{""source_system"":""stockroom"",""source_file"":""Stockroom \u00b7 Instinct Stockroom.csv"",""source_rows"":""3139"",""classification"":""heuristic""}"
product,CRI - Hetastarch 6% (mL/kg/hr),CRI - Hetastarch 6% (mL/kg/hr),evh-products,true,3,0.70,"{""source_system"":""stockroom"",""source_file"":""Stockroom \u00b7 Instinct Stockroom.csv"",""source_rows"":""3139"",""classification"":""heuristic""}"
product,CRI - NG/NE Tube Feeding (mL/hr),CRI - NG/NE Tube Feeding (mL/hr),evh-products,true,3,0.70,"{""source_system"":""stockroom"",""source_file"":""Stockroom \u00b7 Instinct Stockroom.csv"",""source_rows"":""3139"",""classification"":""heuristic""}"
product,CRI - Norepinephrine (mcg/kg/min),CRI - Norepinephrine (mcg/kg/min),evh-products,true,3,0.70,"{""source_system"":""stockroom"",""source_file"":""Stockroom \u00b7 Instinct Stockroom.csv"",""source_rows"":""3139"",""classification"":""heuristic""}"
product,CRI - Other,CRI - Other,evh-products,true,3,0.70,"{""source_system"":""stockroom"",""source_file"":""Stockroom \u00b7 Instinct Stockroom.csv"",""source_rows"":""3139"",""classification"":""heuristic""}"
product,CRI - Phosphorus (KPhos) mEq/kg/hr,CRI - Phosphorus (KPhos) mEq/kg/hr,evh-products,true,3,0.70,"{""source_system"":""stockroom"",""source_file"":""Stockroom \u00b7 Instinct Stockroom.csv"",""source_rows"":""3139"",""classification"":""heuristic""}"
product,CRI - Phosphorus (KPhos) mmol/kg/hr,CRI - Phosphorus (KPhos) mmol/kg/hr,evh-products,true,3,0.70,"{""source_system"":""stockroom"",""source_file"":""Stockroom \u00b7 Instinct Stockroom.csv"",""source_rows"":""3139"",""classification"":""heuristic""}"
product,CRI - Potassium (KCL) (mEq/kg/hr),CRI - Potassium (KCL) (mEq/kg/hr),evh-products,true,3,0.70,"{""source_system"":""stockroom"",""source_file"":""Stockroom \u00b7 Instinct Stockroom.csv"",""source_rows"":""3139"",""classification"":""heuristic""}"
product,CRI - Tube Feeding (mL/hr),CRI - Tube Feeding (mL/hr),evh-products,true,3,0.70,"{""source_system"":""stockroom"",""source_file"":""Stockroom \u00b7 Instinct Stockroom.csv"",""source_rows"":""3139"",""classification"":""heuristic""}"
product,CRI - Vetstarch 6% (mL/kg/hr),CRI - Vetstarch 6% (mL/kg/hr),evh-products,true,3,0.70,"{""source_system"":""stockroom"",""source_file"":""Stockroom \u00b7 Instinct Stockroom.csv"",""source_rows"":""3139"",""classification"":""heuristic""}"
product,Critoseal Capiry Tube Seal,Critoseal Capiry Tube Seal,evh-products,true,3,0.70,"{""source_system"":""stockroom"",""source_file"":""Stockroom \u00b7 Instinct Stockroom.csv"",""source_rows"":""3139"",""classification"":""heuristic""}"
product,Cruciate Crimp Clamp 100# Silver,Cruciate Crimp Clamp 100# Silver,evh-products,true,3,0.70,"{""source_system"":""stockroom"",""source_file"":""Stockroom \u00b7 Instinct Stockroom.csv"",""source_rows"":""3139"",""classification"":""heuristic""}"
product,Cruciate Crimp Clamp 40# Silver,Cruciate Crimp Clamp 40# Silver,evh-products,true,3,0.70,"{""source_system"":""stockroom"",""source_file"":""Stockroom \u00b7 Instinct Stockroom.csv"",""source_rows"":""3139"",""classification"":""heuristic""}"
product,Cruciate Crimp Clamp 80# Silver,Cruciate Crimp Clamp 80# Silver,evh-products,true,3,0.70,"{""source_system"":""stockroom"",""source_file"":""Stockroom \u00b7 Instinct Stockroom.csv"",""source_rows"":""3139"",""classification"":""heuristic""}"
product,"Cruciate Needle Holder 7""","Cruciate Needle Holder 7""",evh-products,true,3,0.70,"{""source_system"":""stockroom"",""source_file"":""Stockroom \u00b7 Instinct Stockroom.csv"",""source_rows"":""3139"",""classification"":""heuristic""}"
product,Cruciate Needle Medium 6 Pk.,Cruciate Needle Medium 6 Pk.,evh-products,true,3,0.70,"{""source_system"":""stockroom"",""source_file"":""Stockroom \u00b7 Instinct Stockroom.csv"",""source_rows"":""3139"",""classification"":""heuristic""}"
product,Cruciate Needle Small 6 Pk.,Cruciate Needle Small 6 Pk.,evh-products,true,3,0.70,"{""source_system"":""stockroom"",""source_file"":""Stockroom \u00b7 Instinct Stockroom.csv"",""source_rows"":""3139"",""classification"":""heuristic""}"
product,Cruciate Repair Needles Variety Pack,Cruciate Repair Needles Variety Pack,evh-products,true,3,0.70,"{""source_system"":""stockroom"",""source_file"":""Stockroom \u00b7 Instinct Stockroom.csv"",""source_rows"":""3139"",""classification"":""heuristic""}"
product,Cryoprobe SZ 16,Cryoprobe SZ 16,evh-products,true,3,0.70,"{""source_system"":""stockroom"",""source_file"":""Stockroom \u00b7 Instinct Stockroom.csv"",""source_rows"":""3139"",""classification"":""heuristic""}"
product,Cryoprobe SZ 8,Cryoprobe SZ 8,evh-products,true,3,0.70,"{""source_system"":""stockroom"",""source_file"":""Stockroom \u00b7 Instinct Stockroom.csv"",""source_rows"":""3139"",""classification"":""heuristic""}"
product,Cryptococcus Antigen by Latex Agglutinat,Cryptococcus Antigen by Latex Agglutinat,evh-products,true,3,0.70,"{""source_system"":""stockroom"",""source_file"":""Stockroom \u00b7 Instinct Stockroom.csv"",""source_rows"":""3139"",""classification"":""heuristic""}"
product,Cryptorchid-Abdominal,Cryptorchid-Abdominal,evh-products,true,3,0.70,"{""source_system"":""stockroom"",""source_file"":""Stockroom \u00b7 Instinct Stockroom.csv"",""source_rows"":""3139"",""classification"":""heuristic""}"
product,Cryptorchid-Inguinal,Cryptorchid-Inguinal,evh-products,true,3,0.70,"{""source_system"":""stockroom"",""source_file"":""Stockroom \u00b7 Instinct Stockroom.csv"",""source_rows"":""3139"",""classification"":""heuristic""}"
product,CSU - Cytology,CSU - Cytology,evh-products,true,3,0.70,"{""source_system"":""stockroom"",""source_file"":""Stockroom \u00b7 Instinct Stockroom.csv"",""source_rows"":""3139"",""classification"":""heuristic""}"
product,CSU - Flow Cytometry w/ CBC,CSU - Flow Cytometry w/ CBC,evh-products,true,3,0.70,"{""source_system"":""stockroom"",""source_file"":""Stockroom \u00b7 Instinct Stockroom.csv"",""source_rows"":""3139"",""classification"":""heuristic""}"
product,CSU - Flow Cytometry/PARR per additional,CSU - Flow Cytometry/PARR per additional,evh-products,true,3,0.70,"{""source_system"":""stockroom"",""source_file"":""Stockroom \u00b7 Instinct Stockroom.csv"",""source_rows"":""3139"",""classification"":""heuristic""}"
product,CSU - PARR Assay,CSU - PARR Assay,evh-products,true,3,0.70,"{""source_system"":""stockroom"",""source_file"":""Stockroom \u00b7 Instinct Stockroom.csv"",""source_rows"":""3139"",""classification"":""heuristic""}"
product,Cyst Removal,Cyst Removal,evh-products,true,3,0.70,"{""source_system"":""stockroom"",""source_file"":""Stockroom \u00b7 Instinct Stockroom.csv"",""source_rows"":""3139"",""classification"":""heuristic""}"
product,Cystography,Cystography,evh-products,true,3,0.70,"{""source_system"":""stockroom"",""source_file"":""Stockroom \u00b7 Instinct Stockroom.csv"",""source_rows"":""3139"",""classification"":""heuristic""}"
product,Cystotomy,Cystotomy,evh-products,true,3,0.70,"{""source_system"":""stockroom"",""source_file"":""Stockroom \u00b7 Instinct Stockroom.csv"",""source_rows"":""3139"",""classification"":""heuristic""}"
product,Cystotomy/Urethrotomy,Cystotomy/Urethrotomy,evh-products,true,3,0.70,"{""source_system"":""stockroom"",""source_file"":""Stockroom \u00b7 Instinct Stockroom.csv"",""source_rows"":""3139"",""classification"":""heuristic""}"
product,Cytology Resubmit - Reduced Charge,Cytology Resubmit - Reduced Charge,evh-products,true,3,0.70,"{""source_system"":""stockroom"",""source_file"":""Stockroom \u00b7 Instinct Stockroom.csv"",""source_rows"":""3139"",""classification"":""heuristic""}"
product,D-128 Refill 30-34oz Bottle (Supld by O),D-128 Refill 30-34oz Bottle (Supld by O),evh-products,true,3,0.70,"{""source_system"":""stockroom"",""source_file"":""Stockroom \u00b7 Instinct Stockroom.csv"",""source_rows"":""3139"",""classification"":""heuristic""}"
product,D-D-S Surfactant Gallon,D-D-S Surfactant Gallon,evh-products,true,3,0.70,"{""source_system"":""stockroom"",""source_file"":""Stockroom \u00b7 Instinct Stockroom.csv"",""source_rows"":""3139"",""classification"":""heuristic""}"
product,DA2P (#1),DA2P (#1),evh-products,true,3,0.70,"{""source_system"":""stockroom"",""source_file"":""Stockroom \u00b7 Instinct Stockroom.csv"",""source_rows"":""3139"",""classification"":""heuristic""}"
product,DA2P (#2),DA2P (#2),evh-products,true,3,0.70,"{""source_system"":""stockroom"",""source_file"":""Stockroom \u00b7 Instinct Stockroom.csv"",""source_rows"":""3139"",""classification"":""heuristic""}"
product,DA2P + Leptospirosis 4 (#1),DA2P + Leptospirosis 4 (#1),evh-products,true,3,0.70,"{""source_system"":""stockroom"",""source_file"":""Stockroom \u00b7 Instinct Stockroom.csv"",""source_rows"":""3139"",""classification"":""heuristic""}"
product,DA2P + Leptospirosis 4 Annual,DA2P + Leptospirosis 4 Annual,evh-products,true,3,0.70,"{""source_system"":""stockroom"",""source_file"":""Stockroom \u00b7 Instinct Stockroom.csv"",""source_rows"":""3139"",""classification"":""heuristic""}"
product,DA2P Annual (w/o Lepto),DA2P Annual (w/o Lepto),evh-products,true,3,0.70,"{""source_system"":""stockroom"",""source_file"":""Stockroom \u00b7 Instinct Stockroom.csv"",""source_rows"":""3139"",""classification"":""heuristic""}"
product,Daily Brushing,Daily Brushing,evh-products,true,3,0.70,"{""source_system"":""stockroom"",""source_file"":""Stockroom \u00b7 Instinct Stockroom.csv"",""source_rows"":""3139"",""classification"":""heuristic""}"
product,Daily SOAP,Daily SOAP,evh-products,true,3,0.70,"{""source_system"":""stockroom"",""source_file"":""Stockroom \u00b7 Instinct Stockroom.csv"",""source_rows"":""3139"",""classification"":""heuristic""}"
product,Datamars Animal ID Microchip,Datamars Animal ID Microchip,evh-products,true,3,0.70,"{""source_system"":""stockroom"",""source_file"":""Stockroom \u00b7 Instinct Stockroom.csv"",""source_rows"":""3139"",""classification"":""heuristic""}"
product,De-shedding Fee,De-shedding Fee,evh-products,true,3,0.70,"{""source_system"":""stockroom"",""source_file"":""Stockroom \u00b7 Instinct Stockroom.csv"",""source_rows"":""3139"",""classification"":""heuristic""}"
product,Declaw - Front,Declaw - Front,evh-products,true,3,0.70,"{""source_system"":""stockroom"",""source_file"":""Stockroom \u00b7 Instinct Stockroom.csv"",""source_rows"":""3139"",""classification"":""heuristic""}"
product,Declaw 4 Feet/ OP,Declaw 4 Feet/ OP,evh-products,true,3,0.70,"{""source_system"":""stockroom"",""source_file"":""Stockroom \u00b7 Instinct Stockroom.csv"",""source_rows"":""3139"",""classification"":""heuristic""}"
product,Declaw Front / OP,Declaw Front / OP,evh-products,true,3,0.70,"{""source_system"":""stockroom"",""source_file"":""Stockroom \u00b7 Instinct Stockroom.csv"",""source_rows"":""3139"",""classification"":""heuristic""}"
product,Declaw-Four Feet,Declaw-Four Feet,evh-products,true,3,0.70,"{""source_system"":""stockroom"",""source_file"":""Stockroom \u00b7 Instinct Stockroom.csv"",""source_rows"":""3139"",""classification"":""heuristic""}"
product,Dentahex Oral Rinse 8oz,Dentahex Oral Rinse 8oz,evh-products,true,3,0.70,"{""source_system"":""stockroom"",""source_file"":""Stockroom \u00b7 Instinct Stockroom.csv"",""source_rows"":""3139"",""classification"":""heuristic""}"
product,DermaBenss Shampoo (Gallon),DermaBenss Shampoo (Gallon),evh-products,true,3,0.70,"{""source_system"":""stockroom"",""source_file"":""Stockroom \u00b7 Instinct Stockroom.csv"",""source_rows"":""3139"",""classification"":""heuristic""}"
product,DermaBenSs Shampoo 12 oz,DermaBenSs Shampoo 12 oz,evh-products,true,3,0.70,"{""source_system"":""stockroom"",""source_file"":""Stockroom \u00b7 Instinct Stockroom.csv"",""source_rows"":""3139"",""classification"":""heuristic""}"
product,Dermallay Oatmeal Shampoo 12oz,Dermallay Oatmeal Shampoo 12oz,evh-products,true,3,0.70,"{""source_system"":""stockroom"",""source_file"":""Stockroom \u00b7 Instinct Stockroom.csv"",""source_rows"":""3139"",""classification"":""heuristic""}"
product,Dermallay Oatmeal Shampoo Gallon,Dermallay Oatmeal Shampoo Gallon,evh-products,true,3,0.70,"{""source_system"":""stockroom"",""source_file"":""Stockroom \u00b7 Instinct Stockroom.csv"",""source_rows"":""3139"",""classification"":""heuristic""}"
product,Dermaquin >30lbs,Dermaquin >30lbs,evh-products,true,3,0.70,"{""source_system"":""stockroom"",""source_file"":""Stockroom \u00b7 Instinct Stockroom.csv"",""source_rows"":""3139"",""classification"":""heuristic""}"
product,Dermatonin Implant 18.mg,Dermatonin Implant 18.mg,evh-products,true,3,0.70,"{""source_system"":""stockroom"",""source_file"":""Stockroom \u00b7 Instinct Stockroom.csv"",""source_rows"":""3139"",""classification"":""heuristic""}"
product,Desk Organizer  8 section,Desk Organizer  8 section,evh-products,true,3,0.70,"{""source_system"":""stockroom"",""source_file"":""Stockroom \u00b7 Instinct Stockroom.csv"",""source_rows"":""3139"",""classification"":""heuristic""}"
product,"DesMarres Chalazion Forceps, 26mm 3.5""","DesMarres Chalazion Forceps, 26mm 3.5""",evh-products,true,3,0.70,"{""source_system"":""stockroom"",""source_file"":""Stockroom \u00b7 Instinct Stockroom.csv"",""source_rows"":""3139"",""classification"":""heuristic""}"
product,Dewclaw And Tails Puppy (each),Dewclaw And Tails Puppy (each),evh-products,true,3,0.70,"{""source_system"":""stockroom"",""source_file"":""Stockroom \u00b7 Instinct Stockroom.csv"",""source_rows"":""3139"",""classification"":""heuristic""}"
product,Dewclaw Removal Adult (each),Dewclaw Removal Adult (each),evh-products,true,3,0.70,"{""source_system"":""stockroom"",""source_file"":""Stockroom \u00b7 Instinct Stockroom.csv"",""source_rows"":""3139"",""classification"":""heuristic""}"
product,"Digital Tray Scale, Pediactric, Portable","Digital Tray Scale, Pediactric, Portable",evh-products,true,3,0.70,"{""source_system"":""stockroom"",""source_file"":""Stockroom \u00b7 Instinct Stockroom.csv"",""source_rows"":""3139"",""classification"":""heuristic""}"
product,Discard Blood Samples,Discard Blood Samples,evh-products,true,3,0.70,"{""source_system"":""stockroom"",""source_file"":""Stockroom \u00b7 Instinct Stockroom.csv"",""source_rows"":""3139"",""classification"":""heuristic""}"
product,Discontinue CRI,Discontinue CRI,evh-products,true,3,0.70,"{""source_system"":""stockroom"",""source_file"":""Stockroom \u00b7 Instinct Stockroom.csv"",""source_rows"":""3139"",""classification"":""heuristic""}"
product,Discontinue IVF Additives,Discontinue IVF Additives,evh-products,true,3,0.70,"{""source_system"":""stockroom"",""source_file"":""Stockroom \u00b7 Instinct Stockroom.csv"",""source_rows"":""3139"",""classification"":""heuristic""}"
product,Discontinue NPO,Discontinue NPO,evh-products,true,3,0.70,"{""source_system"":""stockroom"",""source_file"":""Stockroom \u00b7 Instinct Stockroom.csv"",""source_rows"":""3139"",""classification"":""heuristic""}"
product,Discontinue Telemetry,Discontinue Telemetry,evh-products,true,3,0.70,"{""source_system"":""stockroom"",""source_file"":""Stockroom \u00b7 Instinct Stockroom.csv"",""source_rows"":""3139"",""classification"":""heuristic""}"
product,Disposable Ear Cones 4mm 50ct Box,Disposable Ear Cones 4mm 50ct Box,evh-products,true,3,0.70,"{""source_system"":""stockroom"",""source_file"":""Stockroom \u00b7 Instinct Stockroom.csv"",""source_rows"":""3139"",""classification"":""heuristic""}"
product,Disposable Ear Cones 5mm 50ct Box,Disposable Ear Cones 5mm 50ct Box,evh-products,true,3,0.70,"{""source_system"":""stockroom"",""source_file"":""Stockroom \u00b7 Instinct Stockroom.csv"",""source_rows"":""3139"",""classification"":""heuristic""}"
product,Disposable Fecal Loops Small,Disposable Fecal Loops Small,evh-products,true,3,0.70,"{""source_system"":""stockroom"",""source_file"":""Stockroom \u00b7 Instinct Stockroom.csv"",""source_rows"":""3139"",""classification"":""heuristic""}"
product,Disposable Pipette Tips for VS2 (96ct),Disposable Pipette Tips for VS2 (96ct),evh-products,true,3,0.70,"{""source_system"":""stockroom"",""source_file"":""Stockroom \u00b7 Instinct Stockroom.csv"",""source_rows"":""3139"",""classification"":""heuristic""}"
product,Divider Tabs (box 160),Divider Tabs (box 160),evh-products,true,3,0.70,"{""source_system"":""stockroom"",""source_file"":""Stockroom \u00b7 Instinct Stockroom.csv"",""source_rows"":""3139"",""classification"":""heuristic""}"
product,Dividers for Binders (8tab),Dividers for Binders (8tab),evh-products,true,3,0.70,"{""source_system"":""stockroom"",""source_file"":""Stockroom \u00b7 Instinct Stockroom.csv"",""source_rows"":""3139"",""classification"":""heuristic""}"
product,Do Not Express or Palpate Bladder,Do Not Express or Palpate Bladder,evh-products,true,3,0.70,"{""source_system"":""stockroom"",""source_file"":""Stockroom \u00b7 Instinct Stockroom.csv"",""source_rows"":""3139"",""classification"":""heuristic""}"
product,Do Not Walk Patient,Do Not Walk Patient,evh-products,true,3,0.70,"{""source_system"":""stockroom"",""source_file"":""Stockroom \u00b7 Instinct Stockroom.csv"",""source_rows"":""3139"",""classification"":""heuristic""}"
product,Doctor to Confirm Tx Sheet & Doses,Doctor to Confirm Tx Sheet & Doses,evh-products,true,3,0.70,"{""source_system"":""stockroom"",""source_file"":""Stockroom \u00b7 Instinct Stockroom.csv"",""source_rows"":""3139"",""classification"":""heuristic""}"
product,Doctor to Evaluate,Doctor to Evaluate,evh-products,true,3,0.70,"{""source_system"":""stockroom"",""source_file"":""Stockroom \u00b7 Instinct Stockroom.csv"",""source_rows"":""3139"",""classification"":""heuristic""}"
product,Doctor to Perform Daily PE,Doctor to Perform Daily PE,evh-products,true,3,0.70,"{""source_system"":""stockroom"",""source_file"":""Stockroom \u00b7 Instinct Stockroom.csv"",""source_rows"":""3139"",""classification"":""heuristic""}"
product,Dose Syringe 3ml,Dose Syringe 3ml,evh-products,true,3,0.70,"{""source_system"":""stockroom"",""source_file"":""Stockroom \u00b7 Instinct Stockroom.csv"",""source_rows"":""3139"",""classification"":""heuristic""}"
product,Dose syringe 6ml,Dose syringe 6ml,evh-products,true,3,0.70,"{""source_system"":""stockroom"",""source_file"":""Stockroom \u00b7 Instinct Stockroom.csv"",""source_rows"":""3139"",""classification"":""heuristic""}"
product,"Dosing Labels 1.5""x0.5"" (500ct)","Dosing Labels 1.5""x0.5"" (500ct)",evh-products,true,3,0.70,"{""source_system"":""stockroom"",""source_file"":""Stockroom \u00b7 Instinct Stockroom.csv"",""source_rows"":""3139"",""classification"":""heuristic""}"
product,Double Christmas Tree Connector 4-12mm,Double Christmas Tree Connector 4-12mm,evh-products,true,3,0.70,"{""source_system"":""stockroom"",""source_file"":""Stockroom \u00b7 Instinct Stockroom.csv"",""source_rows"":""3139"",""classification"":""heuristic""}"
product,Double Christmas Tree Connector 4-6mm,Double Christmas Tree Connector 4-6mm,evh-products,true,3,0.70,"{""source_system"":""stockroom"",""source_file"":""Stockroom \u00b7 Instinct Stockroom.csv"",""source_rows"":""3139"",""classification"":""heuristic""}"
product,Dr. Larson's Teat Tube,Dr. Larson's Teat Tube,evh-products,true,3,0.70,"{""source_system"":""stockroom"",""source_file"":""Stockroom \u00b7 Instinct Stockroom.csv"",""source_rows"":""3139"",""classification"":""heuristic""}"
product,Drain #1 - Empty / Note Production,Drain #1 - Empty / Note Production,evh-products,true,3,0.70,"{""source_system"":""stockroom"",""source_file"":""Stockroom \u00b7 Instinct Stockroom.csv"",""source_rows"":""3139"",""classification"":""heuristic""}"
product,Drain #2 - Empty / Note Production,Drain #2 - Empty / Note Production,evh-products,true,3,0.70,"{""source_system"":""stockroom"",""source_file"":""Stockroom \u00b7 Instinct Stockroom.csv"",""source_rows"":""3139"",""classification"":""heuristic""}"
product,Drain Removal,Drain Removal,evh-products,true,3,0.70,"{""source_system"":""stockroom"",""source_file"":""Stockroom \u00b7 Instinct Stockroom.csv"",""source_rows"":""3139"",""classification"":""heuristic""}"
product,Drain-Penrose,Drain-Penrose,evh-products,true,3,0.70,"{""source_system"":""stockroom"",""source_file"":""Stockroom \u00b7 Instinct Stockroom.csv"",""source_rows"":""3139"",""classification"":""heuristic""}"
product,Drain-Thoracic,Drain-Thoracic,evh-products,true,3,0.70,"{""source_system"":""stockroom"",""source_file"":""Stockroom \u00b7 Instinct Stockroom.csv"",""source_rows"":""3139"",""classification"":""heuristic""}"
product,Drill Bits/Taper,Drill Bits/Taper,evh-products,true,3,0.70,"{""source_system"":""stockroom"",""source_file"":""Stockroom \u00b7 Instinct Stockroom.csv"",""source_rows"":""3139"",""classification"":""heuristic""}"
product,Dry Erase Magnet/Asst. Colors,Dry Erase Magnet/Asst. Colors,evh-products,true,3,0.70,"{""source_system"":""stockroom"",""source_file"":""Stockroom \u00b7 Instinct Stockroom.csv"",""source_rows"":""3139"",""classification"":""heuristic""}"
product,DuoDermatophyte Culture System (10 ct),DuoDermatophyte Culture System (10 ct),evh-products,true,3,0.70,"{""source_system"":""stockroom"",""source_file"":""Stockroom \u00b7 Instinct Stockroom.csv"",""source_rows"":""3139"",""classification"":""heuristic""}"
product,Dura-white Stones 5pk,Dura-white Stones 5pk,evh-products,true,3,0.70,"{""source_system"":""stockroom"",""source_file"":""Stockroom \u00b7 Instinct Stockroom.csv"",""source_rows"":""3139"",""classification"":""heuristic""}"
product,Durasorb pads,Durasorb pads,evh-products,true,3,0.70,"{""source_system"":""stockroom"",""source_file"":""Stockroom \u00b7 Instinct Stockroom.csv"",""source_rows"":""3139"",""classification"":""heuristic""}"
product,Dymo Labels,Dymo Labels,evh-products,true,3,0.70,"{""source_system"":""stockroom"",""source_file"":""Stockroom \u00b7 Instinct Stockroom.csv"",""source_rows"":""3139"",""classification"":""heuristic""}"
product,Ear - Oti Pack Admin.,Ear - Oti Pack Admin.,evh-products,true,3,0.70,"{""source_system"":""stockroom"",""source_file"":""Stockroom \u00b7 Instinct Stockroom.csv"",""source_rows"":""3139"",""classification"":""heuristic""}"
product,Ear Speculum cleaner,Ear Speculum cleaner,evh-products,true,3,0.70,"{""source_system"":""stockroom"",""source_file"":""Stockroom \u00b7 Instinct Stockroom.csv"",""source_rows"":""3139"",""classification"":""heuristic""}"
product,Ears-Trim (crop),Ears-Trim (crop),evh-products,true,3,0.70,"{""source_system"":""stockroom"",""source_file"":""Stockroom \u00b7 Instinct Stockroom.csv"",""source_rows"":""3139"",""classification"":""heuristic""}"
product,ECG - In House (Record Vital),ECG - In House (Record Vital),evh-products,true,3,0.70,"{""source_system"":""stockroom"",""source_file"":""Stockroom \u00b7 Instinct Stockroom.csv"",""source_rows"":""3139"",""classification"":""heuristic""}"
product,ECG Pre - op  Vet Heart Institute,ECG Pre - op  Vet Heart Institute,evh-products,true,3,0.70,"{""source_system"":""stockroom"",""source_file"":""Stockroom \u00b7 Instinct Stockroom.csv"",""source_rows"":""3139"",""classification"":""heuristic""}"
product,ECG Vet Heart Institute Stat,ECG Vet Heart Institute Stat,evh-products,true,3,0.70,"{""source_system"":""stockroom"",""source_file"":""Stockroom \u00b7 Instinct Stockroom.csv"",""source_rows"":""3139"",""classification"":""heuristic""}"
product,"Elasticon 2"" X2.5yds","Elasticon 2"" X2.5yds",evh-products,true,3,0.70,"{""source_system"":""stockroom"",""source_file"":""Stockroom \u00b7 Instinct Stockroom.csv"",""source_rows"":""3139"",""classification"":""heuristic""}"
product,Elastikon Tape 1 inch,Elastikon Tape 1 inch,evh-products,true,3,0.70,"{""source_system"":""stockroom"",""source_file"":""Stockroom \u00b7 Instinct Stockroom.csv"",""source_rows"":""3139"",""classification"":""heuristic""}"
product,Eldridge Mask  Set of 3,Eldridge Mask  Set of 3,evh-products,true,3,0.70,"{""source_system"":""stockroom"",""source_file"":""Stockroom \u00b7 Instinct Stockroom.csv"",""source_rows"":""3139"",""classification"":""heuristic""}"
product,Electrocardiogram (ECG) (single),Electrocardiogram (ECG) (single),evh-products,true,3,0.70,"{""source_system"":""stockroom"",""source_file"":""Stockroom \u00b7 Instinct Stockroom.csv"",""source_rows"":""3139"",""classification"":""heuristic""}"
product,Elegant Photo Urn Small - Mahogany,Elegant Photo Urn Small - Mahogany,evh-products,true,3,0.70,"{""source_system"":""stockroom"",""source_file"":""Stockroom \u00b7 Instinct Stockroom.csv"",""source_rows"":""3139"",""classification"":""heuristic""}"
product,Emp Communal Cremation,Emp Communal Cremation,evh-products,true,3,0.70,"{""source_system"":""stockroom"",""source_file"":""Stockroom \u00b7 Instinct Stockroom.csv"",""source_rows"":""3139"",""classification"":""heuristic""}"
product,Emp Exotic Cremation w/ Bamboo Box,Emp Exotic Cremation w/ Bamboo Box,evh-products,true,3,0.70,"{""source_system"":""stockroom"",""source_file"":""Stockroom \u00b7 Instinct Stockroom.csv"",""source_rows"":""3139"",""classification"":""heuristic""}"
product,Emp Feline Communal Cremation,Emp Feline Communal Cremation,evh-products,true,3,0.70,"{""source_system"":""stockroom"",""source_file"":""Stockroom \u00b7 Instinct Stockroom.csv"",""source_rows"":""3139"",""classification"":""heuristic""}"
product,Emp Feline Cremation in Bamboo Box,Emp Feline Cremation in Bamboo Box,evh-products,true,3,0.70,"{""source_system"":""stockroom"",""source_file"":""Stockroom \u00b7 Instinct Stockroom.csv"",""source_rows"":""3139"",""classification"":""heuristic""}"
product,Emp Feline Cremation in Memory Box,Emp Feline Cremation in Memory Box,evh-products,true,3,0.70,"{""source_system"":""stockroom"",""source_file"":""Stockroom \u00b7 Instinct Stockroom.csv"",""source_rows"":""3139"",""classification"":""heuristic""}"
product,Emp K9 Communal Cremation,Emp K9 Communal Cremation,evh-products,true,3,0.70,"{""source_system"":""stockroom"",""source_file"":""Stockroom \u00b7 Instinct Stockroom.csv"",""source_rows"":""3139"",""classification"":""heuristic""}"
product,Emp K9 Cremation in Bamboo Box,Emp K9 Cremation in Bamboo Box,evh-products,true,3,0.70,"{""source_system"":""stockroom"",""source_file"":""Stockroom \u00b7 Instinct Stockroom.csv"",""source_rows"":""3139"",""classification"":""heuristic""}"
product,Emp K9 Cremation in Memory Box,Emp K9 Cremation in Memory Box,evh-products,true,3,0.70,"{""source_system"":""stockroom"",""source_file"":""Stockroom \u00b7 Instinct Stockroom.csv"",""source_rows"":""3139"",""classification"":""heuristic""}"
product,EMPLOYEE -  Metformin 500mg - Bottle,EMPLOYEE -  Metformin 500mg - Bottle,evh-products,true,3,0.70,"{""source_system"":""stockroom"",""source_file"":""Stockroom \u00b7 Instinct Stockroom.csv"",""source_rows"":""3139"",""classification"":""heuristic""}"
product,Empty Urine (UCS) & Note Urine Output,Empty Urine (UCS) & Note Urine Output,evh-products,true,3,0.70,"{""source_system"":""stockroom"",""source_file"":""Stockroom \u00b7 Instinct Stockroom.csv"",""source_rows"":""3139"",""classification"":""heuristic""}"
product,Empty Urine (UCS) & Note Urine Output (ml/kg/hr),Empty Urine (UCS) & Note Urine Output (ml/kg/hr),evh-products,true,3,0.70,"{""source_system"":""stockroom"",""source_file"":""Stockroom \u00b7 Instinct Stockroom.csv"",""source_rows"":""3139"",""classification"":""heuristic""}"
product,Empty/Monitor Fecal Catheter Production,Empty/Monitor Fecal Catheter Production,evh-products,true,3,0.70,"{""source_system"":""stockroom"",""source_file"":""Stockroom \u00b7 Instinct Stockroom.csv"",""source_rows"":""3139"",""classification"":""heuristic""}"
product,End Tidal CO2 (EtCO2),End Tidal CO2 (EtCO2),evh-products,true,3,0.70,"{""source_system"":""stockroom"",""source_file"":""Stockroom \u00b7 Instinct Stockroom.csv"",""source_rows"":""3139"",""classification"":""heuristic""}"
product,Endo tracheal tube 9mm,Endo tracheal tube 9mm,evh-products,true,3,0.70,"{""source_system"":""stockroom"",""source_file"":""Stockroom \u00b7 Instinct Stockroom.csv"",""source_rows"":""3139"",""classification"":""heuristic""}"
product,Endotracheal tube 03fr,Endotracheal tube 03fr,evh-products,true,3,0.70,"{""source_system"":""stockroom"",""source_file"":""Stockroom \u00b7 Instinct Stockroom.csv"",""source_rows"":""3139"",""classification"":""heuristic""}"
product,Endotracheal tube 04fr,Endotracheal tube 04fr,evh-products,true,3,0.70,"{""source_system"":""stockroom"",""source_file"":""Stockroom \u00b7 Instinct Stockroom.csv"",""source_rows"":""3139"",""classification"":""heuristic""}"
product,Endotracheal tube 05fr,Endotracheal tube 05fr,evh-products,true,3,0.70,"{""source_system"":""stockroom"",""source_file"":""Stockroom \u00b7 Instinct Stockroom.csv"",""source_rows"":""3139"",""classification"":""heuristic""}"
product,Endotracheal tube 06fr,Endotracheal tube 06fr,evh-products,true,3,0.70,"{""source_system"":""stockroom"",""source_file"":""Stockroom \u00b7 Instinct Stockroom.csv"",""source_rows"":""3139"",""classification"":""heuristic""}"
product,Endotracheal tube 07fr,Endotracheal tube 07fr,evh-products,true,3,0.70,"{""source_system"":""stockroom"",""source_file"":""Stockroom \u00b7 Instinct Stockroom.csv"",""source_rows"":""3139"",""classification"":""heuristic""}"
product,Endotracheal tube 08fr,Endotracheal tube 08fr,evh-products,true,3,0.70,"{""source_system"":""stockroom"",""source_file"":""Stockroom \u00b7 Instinct Stockroom.csv"",""source_rows"":""3139"",""classification"":""heuristic""}"
product,Endotracheal tube 09fr,Endotracheal tube 09fr,evh-products,true,3,0.70,"{""source_system"":""stockroom"",""source_file"":""Stockroom \u00b7 Instinct Stockroom.csv"",""source_rows"":""3139"",""classification"":""heuristic""}"
product,Endotracheal tube 10fr,Endotracheal tube 10fr,evh-products,true,3,0.70,"{""source_system"":""stockroom"",""source_file"":""Stockroom \u00b7 Instinct Stockroom.csv"",""source_rows"":""3139"",""classification"":""heuristic""}"
product,Endotracheal tube 11mm,Endotracheal tube 11mm,evh-products,true,3,0.70,"{""source_system"":""stockroom"",""source_file"":""Stockroom \u00b7 Instinct Stockroom.csv"",""source_rows"":""3139"",""classification"":""heuristic""}"
product,Endotracheal Tube 2.0mm Non-Cuffed,Endotracheal Tube 2.0mm Non-Cuffed,evh-products,true,3,0.70,"{""source_system"":""stockroom"",""source_file"":""Stockroom \u00b7 Instinct Stockroom.csv"",""source_rows"":""3139"",""classification"":""heuristic""}"
product,Endotracheal Tube 2.5mm Cuffed,Endotracheal Tube 2.5mm Cuffed,evh-products,true,3,0.70,"{""source_system"":""stockroom"",""source_file"":""Stockroom \u00b7 Instinct Stockroom.csv"",""source_rows"":""3139"",""classification"":""heuristic""}"
product,Endotracheal Tube 2.5mm non-cuffed,Endotracheal Tube 2.5mm non-cuffed,evh-products,true,3,0.70,"{""source_system"":""stockroom"",""source_file"":""Stockroom \u00b7 Instinct Stockroom.csv"",""source_rows"":""3139"",""classification"":""heuristic""}"
product,Endotracheal tube 3.5fr,Endotracheal tube 3.5fr,evh-products,true,3,0.70,"{""source_system"":""stockroom"",""source_file"":""Stockroom \u00b7 Instinct Stockroom.csv"",""source_rows"":""3139"",""classification"":""heuristic""}"
product,Endotracheal Tube 4.5mm,Endotracheal Tube 4.5mm,evh-products,true,3,0.70,"{""source_system"":""stockroom"",""source_file"":""Stockroom \u00b7 Instinct Stockroom.csv"",""source_rows"":""3139"",""classification"":""heuristic""}"
product,Endotracheal Tube 5.5fr,Endotracheal Tube 5.5fr,evh-products,true,3,0.70,"{""source_system"":""stockroom"",""source_file"":""Stockroom \u00b7 Instinct Stockroom.csv"",""source_rows"":""3139"",""classification"":""heuristic""}"
product,Endtube Rack,Endtube Rack,evh-products,true,3,0.70,"{""source_system"":""stockroom"",""source_file"":""Stockroom \u00b7 Instinct Stockroom.csv"",""source_rows"":""3139"",""classification"":""heuristic""}"
product,Enema Administration,Enema Administration,evh-products,true,3,0.70,"{""source_system"":""stockroom"",""source_file"":""Stockroom \u00b7 Instinct Stockroom.csv"",""source_rows"":""3139"",""classification"":""heuristic""}"
product,Ensure Cleanliness of Patient/Bathe PRN,Ensure Cleanliness of Patient/Bathe PRN,evh-products,true,3,0.70,"{""source_system"":""stockroom"",""source_file"":""Stockroom \u00b7 Instinct Stockroom.csv"",""source_rows"":""3139"",""classification"":""heuristic""}"
product,Enterotomy $12/min,Enterotomy $12/min,evh-products,true,3,0.70,"{""source_system"":""stockroom"",""source_file"":""Stockroom \u00b7 Instinct Stockroom.csv"",""source_rows"":""3139"",""classification"":""heuristic""}"
product,Envelopes computer-window,Envelopes computer-window,evh-products,true,3,0.70,"{""source_system"":""stockroom"",""source_file"":""Stockroom \u00b7 Instinct Stockroom.csv"",""source_rows"":""3139"",""classification"":""heuristic""}"
product,Enzadent Duel End Toothbrush,Enzadent Duel End Toothbrush,evh-products,true,3,0.70,"{""source_system"":""stockroom"",""source_file"":""Stockroom \u00b7 Instinct Stockroom.csv"",""source_rows"":""3139"",""classification"":""heuristic""}"
product,Enzadent Toothpaste,Enzadent Toothpaste,evh-products,true,3,0.70,"{""source_system"":""stockroom"",""source_file"":""Stockroom \u00b7 Instinct Stockroom.csv"",""source_rows"":""3139"",""classification"":""heuristic""}"
product,Epidural Catheter Care - Daily,Epidural Catheter Care - Daily,evh-products,true,3,0.70,"{""source_system"":""stockroom"",""source_file"":""Stockroom \u00b7 Instinct Stockroom.csv"",""source_rows"":""3139"",""classification"":""heuristic""}"
product,Episioplasty,Episioplasty,evh-products,true,3,0.70,"{""source_system"":""stockroom"",""source_file"":""Stockroom \u00b7 Instinct Stockroom.csv"",""source_rows"":""3139"",""classification"":""heuristic""}"
product,Equipment Service/Repair Freight Fee,Equipment Service/Repair Freight Fee,evh-products,true,3,0.70,"{""source_system"":""stockroom"",""source_file"":""Stockroom \u00b7 Instinct Stockroom.csv"",""source_rows"":""3139"",""classification"":""heuristic""}"
product,Esbilac Powder 12oz,Esbilac Powder 12oz,evh-products,true,3,0.70,"{""source_system"":""stockroom"",""source_file"":""Stockroom \u00b7 Instinct Stockroom.csv"",""source_rows"":""3139"",""classification"":""heuristic""}"
product,Euthanasia Services,Euthanasia Services,evh-products,true,3,0.70,"{""source_system"":""stockroom"",""source_file"":""Stockroom \u00b7 Instinct Stockroom.csv"",""source_rows"":""3139"",""classification"":""heuristic""}"
product,Euthanasia Services at Home,Euthanasia Services at Home,evh-products,true,3,0.70,"{""source_system"":""stockroom"",""source_file"":""Stockroom \u00b7 Instinct Stockroom.csv"",""source_rows"":""3139"",""classification"":""heuristic""}"
product,Euthanasia Services Small Mammal,Euthanasia Services Small Mammal,evh-products,true,3,0.70,"{""source_system"":""stockroom"",""source_file"":""Stockroom \u00b7 Instinct Stockroom.csv"",""source_rows"":""3139"",""classification"":""heuristic""}"
product,"Everlast Convective Blankets (S,M,L)","Everlast Convective Blankets (S,M,L)",evh-products,true,3,0.70,"{""source_system"":""stockroom"",""source_file"":""Stockroom \u00b7 Instinct Stockroom.csv"",""source_rows"":""3139"",""classification"":""heuristic""}"
product,"Everost Allis Tissue Forceps 6""","Everost Allis Tissue Forceps 6""",evh-products,true,3,0.70,"{""source_system"":""stockroom"",""source_file"":""Stockroom \u00b7 Instinct Stockroom.csv"",""source_rows"":""3139"",""classification"":""heuristic""}"
product,Exploratory-Abdominal,Exploratory-Abdominal,evh-products,true,3,0.70,"{""source_system"":""stockroom"",""source_file"":""Stockroom \u00b7 Instinct Stockroom.csv"",""source_rows"":""3139"",""classification"":""heuristic""}"
product,Exploratory-Thoracic,Exploratory-Thoracic,evh-products,true,3,0.70,"{""source_system"":""stockroom"",""source_file"":""Stockroom \u00b7 Instinct Stockroom.csv"",""source_rows"":""3139"",""classification"":""heuristic""}"
product,Express Anal Glands,Express Anal Glands,evh-products,true,3,0.70,"{""source_system"":""stockroom"",""source_file"":""Stockroom \u00b7 Instinct Stockroom.csv"",""source_rows"":""3139"",""classification"":""heuristic""}"
product,Express Bladder,Express Bladder,evh-products,true,3,0.70,"{""source_system"":""stockroom"",""source_file"":""Stockroom \u00b7 Instinct Stockroom.csv"",""source_rows"":""3139"",""classification"":""heuristic""}"
product,Extension Set/T Connector,Extension Set/T Connector,evh-products,true,3,0.70,"{""source_system"":""stockroom"",""source_file"":""Stockroom \u00b7 Instinct Stockroom.csv"",""source_rows"":""3139"",""classification"":""heuristic""}"
product,F/Air Canister,F/Air Canister,evh-products,true,3,0.70,"{""source_system"":""stockroom"",""source_file"":""Stockroom \u00b7 Instinct Stockroom.csv"",""source_rows"":""3139"",""classification"":""heuristic""}"
product,Facial Tissue Cube 85/36cs,Facial Tissue Cube 85/36cs,evh-products,true,3,0.70,"{""source_system"":""stockroom"",""source_file"":""Stockroom \u00b7 Instinct Stockroom.csv"",""source_rows"":""3139"",""classification"":""heuristic""}"
product,FAS Score (Canine),FAS Score (Canine),evh-products,true,3,0.70,"{""source_system"":""stockroom"",""source_file"":""Stockroom \u00b7 Instinct Stockroom.csv"",""source_rows"":""3139"",""classification"":""heuristic""}"
product,FAS Score (Feline),FAS Score (Feline),evh-products,true,3,0.70,"{""source_system"":""stockroom"",""source_file"":""Stockroom \u00b7 Instinct Stockroom.csv"",""source_rows"":""3139"",""classification"":""heuristic""}"
product,FAST Scan,FAST Scan,evh-products,true,3,0.70,"{""source_system"":""stockroom"",""source_file"":""Stockroom \u00b7 Instinct Stockroom.csv"",""source_rows"":""3139"",""classification"":""heuristic""}"
product,Fax/Online Refill Req (each additional),Fax/Online Refill Req (each additional),evh-products,true,3,0.70,"{""source_system"":""stockroom"",""source_file"":""Stockroom \u00b7 Instinct Stockroom.csv"",""source_rows"":""3139"",""classification"":""heuristic""}"
product,Fax/Online Refill Req Charge,Fax/Online Refill Req Charge,evh-products,true,3,0.70,"{""source_system"":""stockroom"",""source_file"":""Stockroom \u00b7 Instinct Stockroom.csv"",""source_rows"":""3139"",""classification"":""heuristic""}"
product,Fecal (delayed) (IRL 50100),Fecal (delayed) (IRL 50100),evh-products,true,3,0.70,"{""source_system"":""stockroom"",""source_file"":""Stockroom \u00b7 Instinct Stockroom.csv"",""source_rows"":""3139"",""classification"":""heuristic""}"
product,Fecal - Courtesy,Fecal - Courtesy,evh-products,true,3,0.70,"{""source_system"":""stockroom"",""source_file"":""Stockroom \u00b7 Instinct Stockroom.csv"",""source_rows"":""3139"",""classification"":""heuristic""}"
product,Fecal Loops large,Fecal Loops large,evh-products,true,3,0.70,"{""source_system"":""stockroom"",""source_file"":""Stockroom \u00b7 Instinct Stockroom.csv"",""source_rows"":""3139"",""classification"":""heuristic""}"
product,Fecal Loops Small,Fecal Loops Small,evh-products,true,3,0.70,"{""source_system"":""stockroom"",""source_file"":""Stockroom \u00b7 Instinct Stockroom.csv"",""source_rows"":""3139"",""classification"":""heuristic""}"
product,Fecal Scoring,Fecal Scoring,evh-products,true,3,0.70,"{""source_system"":""stockroom"",""source_file"":""Stockroom \u00b7 Instinct Stockroom.csv"",""source_rows"":""3139"",""classification"":""heuristic""}"
product,Fecal Stain,Fecal Stain,evh-products,true,3,0.70,"{""source_system"":""stockroom"",""source_file"":""Stockroom \u00b7 Instinct Stockroom.csv"",""source_rows"":""3139"",""classification"":""heuristic""}"
product,Fecal Transplant,Fecal Transplant,evh-products,true,3,0.70,"{""source_system"":""stockroom"",""source_file"":""Stockroom \u00b7 Instinct Stockroom.csv"",""source_rows"":""3139"",""classification"":""heuristic""}"
product,Federal Express Pick-Up Fee,Federal Express Pick-Up Fee,evh-products,true,3,0.70,"{""source_system"":""stockroom"",""source_file"":""Stockroom \u00b7 Instinct Stockroom.csv"",""source_rows"":""3139"",""classification"":""heuristic""}"
product,Feeding Tube - Aspirate/Maintain/Note Production,Feeding Tube - Aspirate/Maintain/Note Production,evh-products,true,3,0.70,"{""source_system"":""stockroom"",""source_file"":""Stockroom \u00b7 Instinct Stockroom.csv"",""source_rows"":""3139"",""classification"":""heuristic""}"
product,Feeding Tube - Feed and Note,Feeding Tube - Feed and Note,evh-products,true,3,0.70,"{""source_system"":""stockroom"",""source_file"":""Stockroom \u00b7 Instinct Stockroom.csv"",""source_rows"":""3139"",""classification"":""heuristic""}"
product,Feeding Tube Placement,Feeding Tube Placement,evh-products,true,3,0.70,"{""source_system"":""stockroom"",""source_file"":""Stockroom \u00b7 Instinct Stockroom.csv"",""source_rows"":""3139"",""classification"":""heuristic""}"
product,Feline Comp Well w/ BNP (IRL 29679999),Feline Comp Well w/ BNP (IRL 29679999),evh-products,true,3,0.70,"{""source_system"":""stockroom"",""source_file"":""Stockroom \u00b7 Instinct Stockroom.csv"",""source_rows"":""3139"",""classification"":""heuristic""}"
product,Feline Comp Well w/ Fecal (IRL 28479999),Feline Comp Well w/ Fecal (IRL 28479999),evh-products,true,3,0.70,"{""source_system"":""stockroom"",""source_file"":""Stockroom \u00b7 Instinct Stockroom.csv"",""source_rows"":""3139"",""classification"":""heuristic""}"
product,Feline Enteropathogen Panel to Texas,Feline Enteropathogen Panel to Texas,evh-products,true,3,0.70,"{""source_system"":""stockroom"",""source_file"":""Stockroom \u00b7 Instinct Stockroom.csv"",""source_rows"":""3139"",""classification"":""heuristic""}"
product,Feline Grimace Scale (FGS),Feline Grimace Scale (FGS),evh-products,true,3,0.70,"{""source_system"":""stockroom"",""source_file"":""Stockroom \u00b7 Instinct Stockroom.csv"",""source_rows"":""3139"",""classification"":""heuristic""}"
product,Feline Jr. Wellnes Profile,Feline Jr. Wellnes Profile,evh-products,true,3,0.70,"{""source_system"":""stockroom"",""source_file"":""Stockroom \u00b7 Instinct Stockroom.csv"",""source_rows"":""3139"",""classification"":""heuristic""}"
product,Feline Leukemia 1#,Feline Leukemia 1#,evh-products,true,3,0.70,"{""source_system"":""stockroom"",""source_file"":""Stockroom \u00b7 Instinct Stockroom.csv"",""source_rows"":""3139"",""classification"":""heuristic""}"
product,"Feline Restraint Bag Set (S,M,L)","Feline Restraint Bag Set (S,M,L)",evh-products,true,3,0.70,"{""source_system"":""stockroom"",""source_file"":""Stockroom \u00b7 Instinct Stockroom.csv"",""source_rows"":""3139"",""classification"":""heuristic""}"
product,Feliway Multi Cat Starter Kit,Feliway Multi Cat Starter Kit,evh-products,true,3,0.70,"{""source_system"":""stockroom"",""source_file"":""Stockroom \u00b7 Instinct Stockroom.csv"",""source_rows"":""3139"",""classification"":""heuristic""}"
product,Femoral Head Ostectomy,Femoral Head Ostectomy,evh-products,true,3,0.70,"{""source_system"":""stockroom"",""source_file"":""Stockroom \u00b7 Instinct Stockroom.csv"",""source_rows"":""3139"",""classification"":""heuristic""}"
product,Fill All Approved RX Requests,Fill All Approved RX Requests,evh-products,true,3,0.70,"{""source_system"":""stockroom"",""source_file"":""Stockroom \u00b7 Instinct Stockroom.csv"",""source_rows"":""3139"",""classification"":""heuristic""}"
product,Fine Needle Aspirate,Fine Needle Aspirate,evh-products,true,3,0.70,"{""source_system"":""stockroom"",""source_file"":""Stockroom \u00b7 Instinct Stockroom.csv"",""source_rows"":""3139"",""classification"":""heuristic""}"
product,FIV RealPCR Test add-on,FIV RealPCR Test add-on,evh-products,true,3,0.70,"{""source_system"":""stockroom"",""source_file"":""Stockroom \u00b7 Instinct Stockroom.csv"",""source_rows"":""3139"",""classification"":""heuristic""}"
product,Flow Control Tube/10ml in 12hrs,Flow Control Tube/10ml in 12hrs,evh-products,true,3,0.70,"{""source_system"":""stockroom"",""source_file"":""Stockroom \u00b7 Instinct Stockroom.csv"",""source_rows"":""3139"",""classification"":""heuristic""}"
product,Flow Control w/ Tubing 10ml/ 4hr,Flow Control w/ Tubing 10ml/ 4hr,evh-products,true,3,0.70,"{""source_system"":""stockroom"",""source_file"":""Stockroom \u00b7 Instinct Stockroom.csv"",""source_rows"":""3139"",""classification"":""heuristic""}"
product,Fluorescein Stain Strips,Fluorescein Stain Strips,evh-products,true,3,0.70,"{""source_system"":""stockroom"",""source_file"":""Stockroom \u00b7 Instinct Stockroom.csv"",""source_rows"":""3139"",""classification"":""heuristic""}"
product,Flush E-tube with Water,Flush E-tube with Water,evh-products,true,3,0.70,"{""source_system"":""stockroom"",""source_file"":""Stockroom \u00b7 Instinct Stockroom.csv"",""source_rows"":""3139"",""classification"":""heuristic""}"
product,Flush IV Catheter,Flush IV Catheter,evh-products,true,3,0.70,"{""source_system"":""stockroom"",""source_file"":""Stockroom \u00b7 Instinct Stockroom.csv"",""source_rows"":""3139"",""classification"":""heuristic""}"
product,Flush Urinary Catheter,Flush Urinary Catheter,evh-products,true,3,0.70,"{""source_system"":""stockroom"",""source_file"":""Stockroom \u00b7 Instinct Stockroom.csv"",""source_rows"":""3139"",""classification"":""heuristic""}"
product,Flushing Syringe Curved Tip --12 cc,Flushing Syringe Curved Tip --12 cc,evh-products,true,3,0.70,"{""source_system"":""stockroom"",""source_file"":""Stockroom \u00b7 Instinct Stockroom.csv"",""source_rows"":""3139"",""classification"":""heuristic""}"
product,Fracture Repair - IM Pinning,Fracture Repair - IM Pinning,evh-products,true,3,0.70,"{""source_system"":""stockroom"",""source_file"":""Stockroom \u00b7 Instinct Stockroom.csv"",""source_rows"":""3139"",""classification"":""heuristic""}"
product,Fracture Repair- K-E Apparatus,Fracture Repair- K-E Apparatus,evh-products,true,3,0.70,"{""source_system"":""stockroom"",""source_file"":""Stockroom \u00b7 Instinct Stockroom.csv"",""source_rows"":""3139"",""classification"":""heuristic""}"
product,Fracture Repair-Mandibular Sym,Fracture Repair-Mandibular Sym,evh-products,true,3,0.70,"{""source_system"":""stockroom"",""source_file"":""Stockroom \u00b7 Instinct Stockroom.csv"",""source_rows"":""3139"",""classification"":""heuristic""}"
product,Free Style Libre Glucose,Free Style Libre Glucose,evh-products,true,3,0.70,"{""source_system"":""stockroom"",""source_file"":""Stockroom \u00b7 Instinct Stockroom.csv"",""source_rows"":""3139"",""classification"":""heuristic""}"
product,Frontline GOLD 6ct $12 Instant Rebate,Frontline GOLD 6ct $12 Instant Rebate,evh-products,true,3,0.70,"{""source_system"":""stockroom"",""source_file"":""Stockroom \u00b7 Instinct Stockroom.csv"",""source_rows"":""3139"",""classification"":""heuristic""}"
product,"FT4, cTSH (Thyroid Profile 6) (IRL 852)","FT4, cTSH (Thyroid Profile 6) (IRL 852)",evh-products,true,3,0.70,"{""source_system"":""stockroom"",""source_file"":""Stockroom \u00b7 Instinct Stockroom.csv"",""source_rows"":""3139"",""classification"":""heuristic""}"
product,Fungassay or DTM,Fungassay or DTM,evh-products,true,3,0.70,"{""source_system"":""stockroom"",""source_file"":""Stockroom \u00b7 Instinct Stockroom.csv"",""source_rows"":""3139"",""classification"":""heuristic""}"
product,Fvrc-P 1#,Fvrc-P 1#,evh-products,true,3,0.70,"{""source_system"":""stockroom"",""source_file"":""Stockroom \u00b7 Instinct Stockroom.csv"",""source_rows"":""3139"",""classification"":""heuristic""}"
product,Fvrc-P 2#,Fvrc-P 2#,evh-products,true,3,0.70,"{""source_system"":""stockroom"",""source_file"":""Stockroom \u00b7 Instinct Stockroom.csv"",""source_rows"":""3139"",""classification"":""heuristic""}"
product,Fvrc-P 3#,Fvrc-P 3#,evh-products,true,3,0.70,"{""source_system"":""stockroom"",""source_file"":""Stockroom \u00b7 Instinct Stockroom.csv"",""source_rows"":""3139"",""classification"":""heuristic""}"
product,Gastropexy,Gastropexy,evh-products,true,3,0.70,"{""source_system"":""stockroom"",""source_file"":""Stockroom \u00b7 Instinct Stockroom.csv"",""source_rows"":""3139"",""classification"":""heuristic""}"
product,Gastrotomy,Gastrotomy,evh-products,true,3,0.70,"{""source_system"":""stockroom"",""source_file"":""Stockroom \u00b7 Instinct Stockroom.csv"",""source_rows"":""3139"",""classification"":""heuristic""}"
product,Gauze roll 2in,Gauze roll 2in,evh-products,true,3,0.70,"{""source_system"":""stockroom"",""source_file"":""Stockroom \u00b7 Instinct Stockroom.csv"",""source_rows"":""3139"",""classification"":""heuristic""}"
product,Gauze roll 3in,Gauze roll 3in,evh-products,true,3,0.70,"{""source_system"":""stockroom"",""source_file"":""Stockroom \u00b7 Instinct Stockroom.csv"",""source_rows"":""3139"",""classification"":""heuristic""}"
product,"Gauze roll 4 ""","Gauze roll 4 """,evh-products,true,3,0.70,"{""source_system"":""stockroom"",""source_file"":""Stockroom \u00b7 Instinct Stockroom.csv"",""source_rows"":""3139"",""classification"":""heuristic""}"
product,Gauze Square 2x2 P200,Gauze Square 2x2 P200,evh-products,true,3,0.70,"{""source_system"":""stockroom"",""source_file"":""Stockroom \u00b7 Instinct Stockroom.csv"",""source_rows"":""3139"",""classification"":""heuristic""}"
product,Gauze square 3x3 200/pkg,Gauze square 3x3 200/pkg,evh-products,true,3,0.70,"{""source_system"":""stockroom"",""source_file"":""Stockroom \u00b7 Instinct Stockroom.csv"",""source_rows"":""3139"",""classification"":""heuristic""}"
product,Geiger Measurement,Geiger Measurement,evh-products,true,3,0.70,"{""source_system"":""stockroom"",""source_file"":""Stockroom \u00b7 Instinct Stockroom.csv"",""source_rows"":""3139"",""classification"":""heuristic""}"
product,GI Panel to Texas A&M,GI Panel to Texas A&M,evh-products,true,3,0.70,"{""source_system"":""stockroom"",""source_file"":""Stockroom \u00b7 Instinct Stockroom.csv"",""source_rows"":""3139"",""classification"":""heuristic""}"
product,Gingivectomy ( Hyperplasia ) Full Mouth,Gingivectomy ( Hyperplasia ) Full Mouth,evh-products,true,3,0.70,"{""source_system"":""stockroom"",""source_file"":""Stockroom \u00b7 Instinct Stockroom.csv"",""source_rows"":""3139"",""classification"":""heuristic""}"
product,Give With Food Labels,Give With Food Labels,evh-products,true,3,0.70,"{""source_system"":""stockroom"",""source_file"":""Stockroom \u00b7 Instinct Stockroom.csv"",""source_rows"":""3139"",""classification"":""heuristic""}"
product,Glitter Vet Wrap,Glitter Vet Wrap,evh-products,true,3,0.70,"{""source_system"":""stockroom"",""source_file"":""Stockroom \u00b7 Instinct Stockroom.csv"",""source_rows"":""3139"",""classification"":""heuristic""}"
product,Gloves - Medium (Kennel),Gloves - Medium (Kennel),evh-products,true,3,0.70,"{""source_system"":""stockroom"",""source_file"":""Stockroom \u00b7 Instinct Stockroom.csv"",""source_rows"":""3139"",""classification"":""heuristic""}"
product,Gloves surg size 6.5  50/bx,Gloves surg size 6.5  50/bx,evh-products,true,3,0.70,"{""source_system"":""stockroom"",""source_file"":""Stockroom \u00b7 Instinct Stockroom.csv"",""source_rows"":""3139"",""classification"":""heuristic""}"
product,Gloves surg size 7,Gloves surg size 7,evh-products,true,3,0.70,"{""source_system"":""stockroom"",""source_file"":""Stockroom \u00b7 Instinct Stockroom.csv"",""source_rows"":""3139"",""classification"":""heuristic""}"
product,Gloves surg size 7.5,Gloves surg size 7.5,evh-products,true,3,0.70,"{""source_system"":""stockroom"",""source_file"":""Stockroom \u00b7 Instinct Stockroom.csv"",""source_rows"":""3139"",""classification"":""heuristic""}"
product,Gloves- Large (Kennel),Gloves- Large (Kennel),evh-products,true,3,0.70,"{""source_system"":""stockroom"",""source_file"":""Stockroom \u00b7 Instinct Stockroom.csv"",""source_rows"":""3139"",""classification"":""heuristic""}"
product,Gluture Tissue Adhesive,Gluture Tissue Adhesive,evh-products,true,3,0.70,"{""source_system"":""stockroom"",""source_file"":""Stockroom \u00b7 Instinct Stockroom.csv"",""source_rows"":""3139"",""classification"":""heuristic""}"
product,Gowns-surgical-xlarge,Gowns-surgical-xlarge,evh-products,true,3,0.70,"{""source_system"":""stockroom"",""source_file"":""Stockroom \u00b7 Instinct Stockroom.csv"",""source_rows"":""3139"",""classification"":""heuristic""}"
product,Groom Aid,Groom Aid,evh-products,true,3,0.70,"{""source_system"":""stockroom"",""source_file"":""Stockroom \u00b7 Instinct Stockroom.csv"",""source_rows"":""3139"",""classification"":""heuristic""}"
product,Hand Soap - Gallon - (Septisol),Hand Soap - Gallon - (Septisol),evh-products,true,3,0.70,"{""source_system"":""stockroom"",""source_file"":""Stockroom \u00b7 Instinct Stockroom.csv"",""source_rows"":""3139"",""classification"":""heuristic""}"
product,Handpiece Lubricant Champ lube,Handpiece Lubricant Champ lube,evh-products,true,3,0.70,"{""source_system"":""stockroom"",""source_file"":""Stockroom \u00b7 Instinct Stockroom.csv"",""source_rows"":""3139"",""classification"":""heuristic""}"
product,Hard Palate Correction,Hard Palate Correction,evh-products,true,3,0.70,"{""source_system"":""stockroom"",""source_file"":""Stockroom \u00b7 Instinct Stockroom.csv"",""source_rows"":""3139"",""classification"":""heuristic""}"
product,Harmony Fastening Keypods (5-pod set),Harmony Fastening Keypods (5-pod set),evh-products,true,3,0.70,"{""source_system"":""stockroom"",""source_file"":""Stockroom \u00b7 Instinct Stockroom.csv"",""source_rows"":""3139"",""classification"":""heuristic""}"
product,Hay Blends Timothy + Orchard 90 oz,Hay Blends Timothy + Orchard 90 oz,evh-products,true,3,0.70,"{""source_system"":""stockroom"",""source_file"":""Stockroom \u00b7 Instinct Stockroom.csv"",""source_rows"":""3139"",""classification"":""heuristic""}"
product,Health Certificate - Domestic,Health Certificate - Domestic,evh-products,true,3,0.70,"{""source_system"":""stockroom"",""source_file"":""Stockroom \u00b7 Instinct Stockroom.csv"",""source_rows"":""3139"",""classification"":""heuristic""}"
product,Health Certificate - For Sale,Health Certificate - For Sale,evh-products,true,3,0.70,"{""source_system"":""stockroom"",""source_file"":""Stockroom \u00b7 Instinct Stockroom.csv"",""source_rows"":""3139"",""classification"":""heuristic""}"
product,Health Certificate - International,Health Certificate - International,evh-products,true,3,0.70,"{""source_system"":""stockroom"",""source_file"":""Stockroom \u00b7 Instinct Stockroom.csv"",""source_rows"":""3139"",""classification"":""heuristic""}"
product,Health Gard Can,Health Gard Can,evh-products,true,3,0.70,"{""source_system"":""stockroom"",""source_file"":""Stockroom \u00b7 Instinct Stockroom.csv"",""source_rows"":""3139"",""classification"":""heuristic""}"
product,Heartgard Plus Chew 1-25 # SAMPLE,Heartgard Plus Chew 1-25 # SAMPLE,evh-products,true,3,0.70,"{""source_system"":""stockroom"",""source_file"":""Stockroom \u00b7 Instinct Stockroom.csv"",""source_rows"":""3139"",""classification"":""heuristic""}"
product,Heartgard Plus Chew 25-50 # SAMPLE,Heartgard Plus Chew 25-50 # SAMPLE,evh-products,true,3,0.70,"{""source_system"":""stockroom"",""source_file"":""Stockroom \u00b7 Instinct Stockroom.csv"",""source_rows"":""3139"",""classification"":""heuristic""}"
product,Heartgard Plus Chew 50-100# SAMPLE,Heartgard Plus Chew 50-100# SAMPLE,evh-products,true,3,0.70,"{""source_system"":""stockroom"",""source_file"":""Stockroom \u00b7 Instinct Stockroom.csv"",""source_rows"":""3139"",""classification"":""heuristic""}"
product,Heat Lamp On / Off,Heat Lamp On / Off,evh-products,true,3,0.70,"{""source_system"":""stockroom"",""source_file"":""Stockroom \u00b7 Instinct Stockroom.csv"",""source_rows"":""3139"",""classification"":""heuristic""}"
product,Hemablock Syringe Applicator,Hemablock Syringe Applicator,evh-products,true,3,0.70,"{""source_system"":""stockroom"",""source_file"":""Stockroom \u00b7 Instinct Stockroom.csv"",""source_rows"":""3139"",""classification"":""heuristic""}"
product,Hematocrit Tubes Statspin,Hematocrit Tubes Statspin,evh-products,true,3,0.70,"{""source_system"":""stockroom"",""source_file"":""Stockroom \u00b7 Instinct Stockroom.csv"",""source_rows"":""3139"",""classification"":""heuristic""}"
product,Hemo Nate Blood Filter,Hemo Nate Blood Filter,evh-products,true,3,0.70,"{""source_system"":""stockroom"",""source_file"":""Stockroom \u00b7 Instinct Stockroom.csv"",""source_rows"":""3139"",""classification"":""heuristic""}"
product,Hernia - Abdominal,Hernia - Abdominal,evh-products,true,3,0.70,"{""source_system"":""stockroom"",""source_file"":""Stockroom \u00b7 Instinct Stockroom.csv"",""source_rows"":""3139"",""classification"":""heuristic""}"
product,Hernia-Diaphragmatic,Hernia-Diaphragmatic,evh-products,true,3,0.70,"{""source_system"":""stockroom"",""source_file"":""Stockroom \u00b7 Instinct Stockroom.csv"",""source_rows"":""3139"",""classification"":""heuristic""}"
product,Hernia-Inguinal,Hernia-Inguinal,evh-products,true,3,0.70,"{""source_system"":""stockroom"",""source_file"":""Stockroom \u00b7 Instinct Stockroom.csv"",""source_rows"":""3139"",""classification"":""heuristic""}"
product,Hernia-Perineal,Hernia-Perineal,evh-products,true,3,0.70,"{""source_system"":""stockroom"",""source_file"":""Stockroom \u00b7 Instinct Stockroom.csv"",""source_rows"":""3139"",""classification"":""heuristic""}"
product,Hernia-Umbilical,Hernia-Umbilical,evh-products,true,3,0.70,"{""source_system"":""stockroom"",""source_file"":""Stockroom \u00b7 Instinct Stockroom.csv"",""source_rows"":""3139"",""classification"":""heuristic""}"
product,Heska Vet/IV 2.2 Infusion Pump (Hospira),Heska Vet/IV 2.2 Infusion Pump (Hospira),evh-products,true,3,0.70,"{""source_system"":""stockroom"",""source_file"":""Stockroom \u00b7 Instinct Stockroom.csv"",""source_rows"":""3139"",""classification"":""heuristic""}"
product,Hill's Feline Adult Indoor Chicken 15.5#,Hill's Feline Adult Indoor Chicken 15.5#,evh-products,true,3,0.70,"{""source_system"":""stockroom"",""source_file"":""Stockroom \u00b7 Instinct Stockroom.csv"",""source_rows"":""3139"",""classification"":""heuristic""}"
product,Hill's Feline C/D Chicken 4 lb bag,Hill's Feline C/D Chicken 4 lb bag,evh-products,true,3,0.70,"{""source_system"":""stockroom"",""source_file"":""Stockroom \u00b7 Instinct Stockroom.csv"",""source_rows"":""3139"",""classification"":""heuristic""}"
product,Hill's Feline K/D Starter Kit,Hill's Feline K/D Starter Kit,evh-products,true,3,0.70,"{""source_system"":""stockroom"",""source_file"":""Stockroom \u00b7 Instinct Stockroom.csv"",""source_rows"":""3139"",""classification"":""heuristic""}"
product,Hill's K-9 K/D Starter Kit,Hill's K-9 K/D Starter Kit,evh-products,true,3,0.70,"{""source_system"":""stockroom"",""source_file"":""Stockroom \u00b7 Instinct Stockroom.csv"",""source_rows"":""3139"",""classification"":""heuristic""}"
product,Hill's K-9 Sensitive Skin & Stomach chicken stew 12.8 oz can,Hill's K-9 Sensitive Skin & Stomach chicken stew 12.8 oz can,evh-products,true,3,0.70,"{""source_system"":""stockroom"",""source_file"":""Stockroom \u00b7 Instinct Stockroom.csv"",""source_rows"":""3139"",""classification"":""heuristic""}"
product,Hill's K9 Z/D Low Fat 13oz Can,Hill's K9 Z/D Low Fat 13oz Can,evh-products,true,3,0.70,"{""source_system"":""stockroom"",""source_file"":""Stockroom \u00b7 Instinct Stockroom.csv"",""source_rows"":""3139"",""classification"":""heuristic""}"
product,Hill's K9 Z/D Low Fat 8# Bag,Hill's K9 Z/D Low Fat 8# Bag,evh-products,true,3,0.70,"{""source_system"":""stockroom"",""source_file"":""Stockroom \u00b7 Instinct Stockroom.csv"",""source_rows"":""3139"",""classification"":""heuristic""}"
product,Hill's Kitten Kit,Hill's Kitten Kit,evh-products,true,3,0.70,"{""source_system"":""stockroom"",""source_file"":""Stockroom \u00b7 Instinct Stockroom.csv"",""source_rows"":""3139"",""classification"":""heuristic""}"
product,Hill's Puppy Kit,Hill's Puppy Kit,evh-products,true,3,0.70,"{""source_system"":""stockroom"",""source_file"":""Stockroom \u00b7 Instinct Stockroom.csv"",""source_rows"":""3139"",""classification"":""heuristic""}"
product,Hills Feline C/D M/Car Chicken 5.5oz Can,Hills Feline C/D M/Car Chicken 5.5oz Can,evh-products,true,3,0.70,"{""source_system"":""stockroom"",""source_file"":""Stockroom \u00b7 Instinct Stockroom.csv"",""source_rows"":""3139"",""classification"":""heuristic""}"
product,Hills Feline C/D M/Car Chk/Veg Stw 2.9oz,Hills Feline C/D M/Car Chk/Veg Stw 2.9oz,evh-products,true,3,0.70,"{""source_system"":""stockroom"",""source_file"":""Stockroom \u00b7 Instinct Stockroom.csv"",""source_rows"":""3139"",""classification"":""heuristic""}"
product,Hills Feline C/D M/Car O/Fish 5.5oz Can,Hills Feline C/D M/Car O/Fish 5.5oz Can,evh-products,true,3,0.70,"{""source_system"":""stockroom"",""source_file"":""Stockroom \u00b7 Instinct Stockroom.csv"",""source_rows"":""3139"",""classification"":""heuristic""}"
product,Hills Feline C/D M/Car Tun/Veg Stw 2.9oz,Hills Feline C/D M/Car Tun/Veg Stw 2.9oz,evh-products,true,3,0.70,"{""source_system"":""stockroom"",""source_file"":""Stockroom \u00b7 Instinct Stockroom.csv"",""source_rows"":""3139"",""classification"":""heuristic""}"
product,Hills Feline C/D M/Stress 4# Bag,Hills Feline C/D M/Stress 4# Bag,evh-products,true,3,0.70,"{""source_system"":""stockroom"",""source_file"":""Stockroom \u00b7 Instinct Stockroom.csv"",""source_rows"":""3139"",""classification"":""heuristic""}"
product,Hills Feline C/D M/Strs Ckn/Veg Stw 2.9o,Hills Feline C/D M/Strs Ckn/Veg Stw 2.9o,evh-products,true,3,0.70,"{""source_system"":""stockroom"",""source_file"":""Stockroom \u00b7 Instinct Stockroom.csv"",""source_rows"":""3139"",""classification"":""heuristic""}"
product,Hills Feline GI Biome 4# Bag,Hills Feline GI Biome 4# Bag,evh-products,true,3,0.70,"{""source_system"":""stockroom"",""source_file"":""Stockroom \u00b7 Instinct Stockroom.csv"",""source_rows"":""3139"",""classification"":""heuristic""}"
product,Hills Feline GI Biome 8.5# Bag,Hills Feline GI Biome 8.5# Bag,evh-products,true,3,0.70,"{""source_system"":""stockroom"",""source_file"":""Stockroom \u00b7 Instinct Stockroom.csv"",""source_rows"":""3139"",""classification"":""heuristic""}"
product,Hills Feline GI Biome Ckn Stew 2.9oz Can,Hills Feline GI Biome Ckn Stew 2.9oz Can,evh-products,true,3,0.70,"{""source_system"":""stockroom"",""source_file"":""Stockroom \u00b7 Instinct Stockroom.csv"",""source_rows"":""3139"",""classification"":""heuristic""}"
product,Hills Feline I/D 4# Bag,Hills Feline I/D 4# Bag,evh-products,true,3,0.70,"{""source_system"":""stockroom"",""source_file"":""Stockroom \u00b7 Instinct Stockroom.csv"",""source_rows"":""3139"",""classification"":""heuristic""}"
product,Hills Feline I/D Chicken Pate 5.5oz Can,Hills Feline I/D Chicken Pate 5.5oz Can,evh-products,true,3,0.70,"{""source_system"":""stockroom"",""source_file"":""Stockroom \u00b7 Instinct Stockroom.csv"",""source_rows"":""3139"",""classification"":""heuristic""}"
product,Hills Feline I/D Ckn/Veg Stew 2.9oz Can,Hills Feline I/D Ckn/Veg Stew 2.9oz Can,evh-products,true,3,0.70,"{""source_system"":""stockroom"",""source_file"":""Stockroom \u00b7 Instinct Stockroom.csv"",""source_rows"":""3139"",""classification"":""heuristic""}"
product,Hills Feline K/D Chicken 4# Bag,Hills Feline K/D Chicken 4# Bag,evh-products,true,3,0.70,"{""source_system"":""stockroom"",""source_file"":""Stockroom \u00b7 Instinct Stockroom.csv"",""source_rows"":""3139"",""classification"":""heuristic""}"
product,Hills Feline K/D Chicken 8.5# Bag,Hills Feline K/D Chicken 8.5# Bag,evh-products,true,3,0.70,"{""source_system"":""stockroom"",""source_file"":""Stockroom \u00b7 Instinct Stockroom.csv"",""source_rows"":""3139"",""classification"":""heuristic""}"
product,Hills Feline K/D Chicken Pate 5.5oz Can,Hills Feline K/D Chicken Pate 5.5oz Can,evh-products,true,3,0.70,"{""source_system"":""stockroom"",""source_file"":""Stockroom \u00b7 Instinct Stockroom.csv"",""source_rows"":""3139"",""classification"":""heuristic""}"
product,Hills Feline K/D Ckn/Veg Stew 2.9oz Can,Hills Feline K/D Ckn/Veg Stew 2.9oz Can,evh-products,true,3,0.70,"{""source_system"":""stockroom"",""source_file"":""Stockroom \u00b7 Instinct Stockroom.csv"",""source_rows"":""3139"",""classification"":""heuristic""}"
product,Hills Feline K/D Early Support Ckn 4# Ba,Hills Feline K/D Early Support Ckn 4# Ba,evh-products,true,3,0.70,"{""source_system"":""stockroom"",""source_file"":""Stockroom \u00b7 Instinct Stockroom.csv"",""source_rows"":""3139"",""classification"":""heuristic""}"
product,Hills Feline K/D O/Fish 4# Bag,Hills Feline K/D O/Fish 4# Bag,evh-products,true,3,0.70,"{""source_system"":""stockroom"",""source_file"":""Stockroom \u00b7 Instinct Stockroom.csv"",""source_rows"":""3139"",""classification"":""heuristic""}"
product,Hills Feline K/D O/Fish 8.5# Bag,Hills Feline K/D O/Fish 8.5# Bag,evh-products,true,3,0.70,"{""source_system"":""stockroom"",""source_file"":""Stockroom \u00b7 Instinct Stockroom.csv"",""source_rows"":""3139"",""classification"":""heuristic""}"
product,Hills Feline K/D Tun/Veg/ Stew 2.9oz Can,Hills Feline K/D Tun/Veg/ Stew 2.9oz Can,evh-products,true,3,0.70,"{""source_system"":""stockroom"",""source_file"":""Stockroom \u00b7 Instinct Stockroom.csv"",""source_rows"":""3139"",""classification"":""heuristic""}"
product,Hills Feline K/D Tuna Pate 5.5oz Cans,Hills Feline K/D Tuna Pate 5.5oz Cans,evh-products,true,3,0.70,"{""source_system"":""stockroom"",""source_file"":""Stockroom \u00b7 Instinct Stockroom.csv"",""source_rows"":""3139"",""classification"":""heuristic""}"
product,Hills Feline SD Adt Sens Skin/Stom 15.5#,Hills Feline SD Adt Sens Skin/Stom 15.5#,evh-products,true,3,0.70,"{""source_system"":""stockroom"",""source_file"":""Stockroom \u00b7 Instinct Stockroom.csv"",""source_rows"":""3139"",""classification"":""heuristic""}"
product,Hills Feline SD Adult 7+ Chicken 16# Ba,Hills Feline SD Adult 7+ Chicken 16# Ba,evh-products,true,3,0.70,"{""source_system"":""stockroom"",""source_file"":""Stockroom \u00b7 Instinct Stockroom.csv"",""source_rows"":""3139"",""classification"":""heuristic""}"
product,Hills Feline SD Adult Sens Stomach 20#,Hills Feline SD Adult Sens Stomach 20#,evh-products,true,3,0.70,"{""source_system"":""stockroom"",""source_file"":""Stockroom \u00b7 Instinct Stockroom.csv"",""source_rows"":""3139"",""classification"":""heuristic""}"
product,Hills Feline W/D Chicken 4# Bag,Hills Feline W/D Chicken 4# Bag,evh-products,true,3,0.70,"{""source_system"":""stockroom"",""source_file"":""Stockroom \u00b7 Instinct Stockroom.csv"",""source_rows"":""3139"",""classification"":""heuristic""}"
product,Hills Feline W/D Minced Chkn 5.5oz Can,Hills Feline W/D Minced Chkn 5.5oz Can,evh-products,true,3,0.70,"{""source_system"":""stockroom"",""source_file"":""Stockroom \u00b7 Instinct Stockroom.csv"",""source_rows"":""3139"",""classification"":""heuristic""}"
product,Hills Feline Z/D 8.5# Bag,Hills Feline Z/D 8.5# Bag,evh-products,true,3,0.70,"{""source_system"":""stockroom"",""source_file"":""Stockroom \u00b7 Instinct Stockroom.csv"",""source_rows"":""3139"",""classification"":""heuristic""}"
product,Hills Feline/K9 A/D 5.5oz Can,Hills Feline/K9 A/D 5.5oz Can,evh-products,true,3,0.70,"{""source_system"":""stockroom"",""source_file"":""Stockroom \u00b7 Instinct Stockroom.csv"",""source_rows"":""3139"",""classification"":""heuristic""}"
product,Hills K9 C/D Chicken 13oz Can,Hills K9 C/D Chicken 13oz Can,evh-products,true,3,0.70,"{""source_system"":""stockroom"",""source_file"":""Stockroom \u00b7 Instinct Stockroom.csv"",""source_rows"":""3139"",""classification"":""heuristic""}"
product,Hills K9 C/D Chk/Veg Stew 12.5oz Can,Hills K9 C/D Chk/Veg Stew 12.5oz Can,evh-products,true,3,0.70,"{""source_system"":""stockroom"",""source_file"":""Stockroom \u00b7 Instinct Stockroom.csv"",""source_rows"":""3139"",""classification"":""heuristic""}"
product,Hills K9 C/D M/C Ckn/Veg Stew 5.5oz Can,Hills K9 C/D M/C Ckn/Veg Stew 5.5oz Can,evh-products,true,3,0.70,"{""source_system"":""stockroom"",""source_file"":""Stockroom \u00b7 Instinct Stockroom.csv"",""source_rows"":""3139"",""classification"":""heuristic""}"
product,Hills K9 C/D M/Car Chicken 8.5# Bag,Hills K9 C/D M/Car Chicken 8.5# Bag,evh-products,true,3,0.70,"{""source_system"":""stockroom"",""source_file"":""Stockroom \u00b7 Instinct Stockroom.csv"",""source_rows"":""3139"",""classification"":""heuristic""}"
product,Hills K9 D/D Duck & Potatoe 8# Bag,Hills K9 D/D Duck & Potatoe 8# Bag,evh-products,true,3,0.70,"{""source_system"":""stockroom"",""source_file"":""Stockroom \u00b7 Instinct Stockroom.csv"",""source_rows"":""3139"",""classification"":""heuristic""}"
product,Hills K9 GI Biome 8# Bag,Hills K9 GI Biome 8# Bag,evh-products,true,3,0.70,"{""source_system"":""stockroom"",""source_file"":""Stockroom \u00b7 Instinct Stockroom.csv"",""source_rows"":""3139"",""classification"":""heuristic""}"
product,Hills K9 GI Biome Ckn Stew 12.5oz Can,Hills K9 GI Biome Ckn Stew 12.5oz Can,evh-products,true,3,0.70,"{""source_system"":""stockroom"",""source_file"":""Stockroom \u00b7 Instinct Stockroom.csv"",""source_rows"":""3139"",""classification"":""heuristic""}"
product,Hills K9 GI Biome with Chicken 16# Bag,Hills K9 GI Biome with Chicken 16# Bag,evh-products,true,3,0.70,"{""source_system"":""stockroom"",""source_file"":""Stockroom \u00b7 Instinct Stockroom.csv"",""source_rows"":""3139"",""classification"":""heuristic""}"
product,Hills K9 I/D 17.6# Bag,Hills K9 I/D 17.6# Bag,evh-products,true,3,0.70,"{""source_system"":""stockroom"",""source_file"":""Stockroom \u00b7 Instinct Stockroom.csv"",""source_rows"":""3139"",""classification"":""heuristic""}"
product,Hills K9 I/D Chicken 8.5# Bag,Hills K9 I/D Chicken 8.5# Bag,evh-products,true,3,0.70,"{""source_system"":""stockroom"",""source_file"":""Stockroom \u00b7 Instinct Stockroom.csv"",""source_rows"":""3139"",""classification"":""heuristic""}"
product,Hills K9 I/D Ckn/Veg Stew 12.5oz Can,Hills K9 I/D Ckn/Veg Stew 12.5oz Can,evh-products,true,3,0.70,"{""source_system"":""stockroom"",""source_file"":""Stockroom \u00b7 Instinct Stockroom.csv"",""source_rows"":""3139"",""classification"":""heuristic""}"
product,Hills K9 I/D Ckn/Veg Stew 5.5oz Can,Hills K9 I/D Ckn/Veg Stew 5.5oz Can,evh-products,true,3,0.70,"{""source_system"":""stockroom"",""source_file"":""Stockroom \u00b7 Instinct Stockroom.csv"",""source_rows"":""3139"",""classification"":""heuristic""}"
product,Hills K9 I/D LF Ckn/Veg Stew 12.5oz Can,Hills K9 I/D LF Ckn/Veg Stew 12.5oz Can,evh-products,true,3,0.70,"{""source_system"":""stockroom"",""source_file"":""Stockroom \u00b7 Instinct Stockroom.csv"",""source_rows"":""3139"",""classification"":""heuristic""}"
product,Hills K9 I/D LF Ckn/Veg Stew 5.5oz Can,Hills K9 I/D LF Ckn/Veg Stew 5.5oz Can,evh-products,true,3,0.70,"{""source_system"":""stockroom"",""source_file"":""Stockroom \u00b7 Instinct Stockroom.csv"",""source_rows"":""3139"",""classification"":""heuristic""}"
product,Hills K9 I/D LowFat 17.6# Bag,Hills K9 I/D LowFat 17.6# Bag,evh-products,true,3,0.70,"{""source_system"":""stockroom"",""source_file"":""Stockroom \u00b7 Instinct Stockroom.csv"",""source_rows"":""3139"",""classification"":""heuristic""}"
product,Hills K9 I/D LowFat 27.5# Bag,Hills K9 I/D LowFat 27.5# Bag,evh-products,true,3,0.70,"{""source_system"":""stockroom"",""source_file"":""Stockroom \u00b7 Instinct Stockroom.csv"",""source_rows"":""3139"",""classification"":""heuristic""}"
product,Hills K9 I/D LowFat 8.5# Bag,Hills K9 I/D LowFat 8.5# Bag,evh-products,true,3,0.70,"{""source_system"":""stockroom"",""source_file"":""Stockroom \u00b7 Instinct Stockroom.csv"",""source_rows"":""3139"",""classification"":""heuristic""}"
product,Hills K9 I/D LowFat Pate 13oz Can,Hills K9 I/D LowFat Pate 13oz Can,evh-products,true,3,0.70,"{""source_system"":""stockroom"",""source_file"":""Stockroom \u00b7 Instinct Stockroom.csv"",""source_rows"":""3139"",""classification"":""heuristic""}"
product,Hills K9 I/D Turkey Pate 13oz Can,Hills K9 I/D Turkey Pate 13oz Can,evh-products,true,3,0.70,"{""source_system"":""stockroom"",""source_file"":""Stockroom \u00b7 Instinct Stockroom.csv"",""source_rows"":""3139"",""classification"":""heuristic""}"
product,Hills K9 K/D 17.6# Bag,Hills K9 K/D 17.6# Bag,evh-products,true,3,0.70,"{""source_system"":""stockroom"",""source_file"":""Stockroom \u00b7 Instinct Stockroom.csv"",""source_rows"":""3139"",""classification"":""heuristic""}"
product,Hills K9 K/D 8.5# Bag,Hills K9 K/D 8.5# Bag,evh-products,true,3,0.70,"{""source_system"":""stockroom"",""source_file"":""Stockroom \u00b7 Instinct Stockroom.csv"",""source_rows"":""3139"",""classification"":""heuristic""}"
product,Hills K9 K/D Chicken 13oz Can,Hills K9 K/D Chicken 13oz Can,evh-products,true,3,0.70,"{""source_system"":""stockroom"",""source_file"":""Stockroom \u00b7 Instinct Stockroom.csv"",""source_rows"":""3139"",""classification"":""heuristic""}"
product,Hills K9 K/D Chicken 27.5# Bag,Hills K9 K/D Chicken 27.5# Bag,evh-products,true,3,0.70,"{""source_system"":""stockroom"",""source_file"":""Stockroom \u00b7 Instinct Stockroom.csv"",""source_rows"":""3139"",""classification"":""heuristic""}"
product,Hills K9 K/D Ckn/Veg Stew 12.5oz Can,Hills K9 K/D Ckn/Veg Stew 12.5oz Can,evh-products,true,3,0.70,"{""source_system"":""stockroom"",""source_file"":""Stockroom \u00b7 Instinct Stockroom.csv"",""source_rows"":""3139"",""classification"":""heuristic""}"
product,Hills K9 L/D 13oz Can,Hills K9 L/D 13oz Can,evh-products,true,3,0.70,"{""source_system"":""stockroom"",""source_file"":""Stockroom \u00b7 Instinct Stockroom.csv"",""source_rows"":""3139"",""classification"":""heuristic""}"
product,Hills K9 ONC Cancer Care Ckn 6# Bag,Hills K9 ONC Cancer Care Ckn 6# Bag,evh-products,true,3,0.70,"{""source_system"":""stockroom"",""source_file"":""Stockroom \u00b7 Instinct Stockroom.csv"",""source_rows"":""3139"",""classification"":""heuristic""}"
product,Hills K9 ONC Cancer Care Ckn Stew 12.5oz,Hills K9 ONC Cancer Care Ckn Stew 12.5oz,evh-products,true,3,0.70,"{""source_system"":""stockroom"",""source_file"":""Stockroom \u00b7 Instinct Stockroom.csv"",""source_rows"":""3139"",""classification"":""heuristic""}"
product,Hills K9 R/D 12.3oz Can,Hills K9 R/D 12.3oz Can,evh-products,true,3,0.70,"{""source_system"":""stockroom"",""source_file"":""Stockroom \u00b7 Instinct Stockroom.csv"",""source_rows"":""3139"",""classification"":""heuristic""}"
product,Hills K9 R/D 8.5# Bag,Hills K9 R/D 8.5# Bag,evh-products,true,3,0.70,"{""source_system"":""stockroom"",""source_file"":""Stockroom \u00b7 Instinct Stockroom.csv"",""source_rows"":""3139"",""classification"":""heuristic""}"
product,Hills K9 SD Adult AF Pro Pk 35# Bag,Hills K9 SD Adult AF Pro Pk 35# Bag,evh-products,true,3,0.70,"{""source_system"":""stockroom"",""source_file"":""Stockroom \u00b7 Instinct Stockroom.csv"",""source_rows"":""3139"",""classification"":""heuristic""}"
product,Hills K9 SD Adult Sens Skin/Stom 35# Bag,Hills K9 SD Adult Sens Skin/Stom 35# Bag,evh-products,true,3,0.70,"{""source_system"":""stockroom"",""source_file"":""Stockroom \u00b7 Instinct Stockroom.csv"",""source_rows"":""3139"",""classification"":""heuristic""}"
product,Hills K9 T/D 5# Bag,Hills K9 T/D 5# Bag,evh-products,true,3,0.70,"{""source_system"":""stockroom"",""source_file"":""Stockroom \u00b7 Instinct Stockroom.csv"",""source_rows"":""3139"",""classification"":""heuristic""}"
product,Hills K9 T/D Small Bites 5# Bag,Hills K9 T/D Small Bites 5# Bag,evh-products,true,3,0.70,"{""source_system"":""stockroom"",""source_file"":""Stockroom \u00b7 Instinct Stockroom.csv"",""source_rows"":""3139"",""classification"":""heuristic""}"
product,Hills K9 W/D 13oz Can,Hills K9 W/D 13oz Can,evh-products,true,3,0.70,"{""source_system"":""stockroom"",""source_file"":""Stockroom \u00b7 Instinct Stockroom.csv"",""source_rows"":""3139"",""classification"":""heuristic""}"
product,Hills K9 W/D 27.5# Bag,Hills K9 W/D 27.5# Bag,evh-products,true,3,0.70,"{""source_system"":""stockroom"",""source_file"":""Stockroom \u00b7 Instinct Stockroom.csv"",""source_rows"":""3139"",""classification"":""heuristic""}"
product,Hills K9 W/D 8.5# Bag,Hills K9 W/D 8.5# Bag,evh-products,true,3,0.70,"{""source_system"":""stockroom"",""source_file"":""Stockroom \u00b7 Instinct Stockroom.csv"",""source_rows"":""3139"",""classification"":""heuristic""}"
product,Hills K9 W/D Chk/Veg Stew 12.5oz Can,Hills K9 W/D Chk/Veg Stew 12.5oz Can,evh-products,true,3,0.70,"{""source_system"":""stockroom"",""source_file"":""Stockroom \u00b7 Instinct Stockroom.csv"",""source_rows"":""3139"",""classification"":""heuristic""}"
product,Hills K9 W/D Ckn/Veg Stew 5.5oz Can,Hills K9 W/D Ckn/Veg Stew 5.5oz Can,evh-products,true,3,0.70,"{""source_system"":""stockroom"",""source_file"":""Stockroom \u00b7 Instinct Stockroom.csv"",""source_rows"":""3139"",""classification"":""heuristic""}"
product,Hills K9 Z/D 7# Bag,Hills K9 Z/D 7# Bag,evh-products,true,3,0.70,"{""source_system"":""stockroom"",""source_file"":""Stockroom \u00b7 Instinct Stockroom.csv"",""source_rows"":""3139"",""classification"":""heuristic""}"
product,Hills K9 Z/D Ultra 13oz Can,Hills K9 Z/D Ultra 13oz Can,evh-products,true,3,0.70,"{""source_system"":""stockroom"",""source_file"":""Stockroom \u00b7 Instinct Stockroom.csv"",""source_rows"":""3139"",""classification"":""heuristic""}"
product,Hills K9 Z/D Ultra 17.6# Bag,Hills K9 Z/D Ultra 17.6# Bag,evh-products,true,3,0.70,"{""source_system"":""stockroom"",""source_file"":""Stockroom \u00b7 Instinct Stockroom.csv"",""source_rows"":""3139"",""classification"":""heuristic""}"
product,Hills K9 Z/D Ultra 25# Bag,Hills K9 Z/D Ultra 25# Bag,evh-products,true,3,0.70,"{""source_system"":""stockroom"",""source_file"":""Stockroom \u00b7 Instinct Stockroom.csv"",""source_rows"":""3139"",""classification"":""heuristic""}"
product,Hills K9 Z/D Ultra 8# Bag,Hills K9 Z/D Ultra 8# Bag,evh-products,true,3,0.70,"{""source_system"":""stockroom"",""source_file"":""Stockroom \u00b7 Instinct Stockroom.csv"",""source_rows"":""3139"",""classification"":""heuristic""}"
product,Home Burial,Home Burial,evh-products,true,3,0.70,"{""source_system"":""stockroom"",""source_file"":""Stockroom \u00b7 Instinct Stockroom.csv"",""source_rows"":""3139"",""classification"":""heuristic""}"
product,HP 56 Deskjet  Ink - Black,HP 56 Deskjet  Ink - Black,evh-products,true,3,0.70,"{""source_system"":""stockroom"",""source_file"":""Stockroom \u00b7 Instinct Stockroom.csv"",""source_rows"":""3139"",""classification"":""heuristic""}"
product,HP 57 Deskjet Ink Color,HP 57 Deskjet Ink Color,evh-products,true,3,0.70,"{""source_system"":""stockroom"",""source_file"":""Stockroom \u00b7 Instinct Stockroom.csv"",""source_rows"":""3139"",""classification"":""heuristic""}"
product,Hydrogen Peroxide Gal,Hydrogen Peroxide Gal,evh-products,true,3,0.70,"{""source_system"":""stockroom"",""source_file"":""Stockroom \u00b7 Instinct Stockroom.csv"",""source_rows"":""3139"",""classification"":""heuristic""}"
product,Hygroma-Elbow,Hygroma-Elbow,evh-products,true,3,0.70,"{""source_system"":""stockroom"",""source_file"":""Stockroom \u00b7 Instinct Stockroom.csv"",""source_rows"":""3139"",""classification"":""heuristic""}"
product,I Lid n Lash Wipes (60 count),I Lid n Lash Wipes (60 count),evh-products,true,3,0.70,"{""source_system"":""stockroom"",""source_file"":""Stockroom \u00b7 Instinct Stockroom.csv"",""source_rows"":""3139"",""classification"":""heuristic""}"
product,I-Tear Test Strip Tear Function Test,I-Tear Test Strip Tear Function Test,evh-products,true,3,0.70,"{""source_system"":""stockroom"",""source_file"":""Stockroom \u00b7 Instinct Stockroom.csv"",""source_rows"":""3139"",""classification"":""heuristic""}"
product,Iams Feline Active Mature HBall 6.8# bag,Iams Feline Active Mature HBall 6.8# bag,evh-products,true,3,0.70,"{""source_system"":""stockroom"",""source_file"":""Stockroom \u00b7 Instinct Stockroom.csv"",""source_rows"":""3139"",""classification"":""heuristic""}"
product,Iams Feline Prof Active 10.8# Bag,Iams Feline Prof Active 10.8# Bag,evh-products,true,3,0.70,"{""source_system"":""stockroom"",""source_file"":""Stockroom \u00b7 Instinct Stockroom.csv"",""source_rows"":""3139"",""classification"":""heuristic""}"
product,ID bands large,ID bands large,evh-products,true,3,0.70,"{""source_system"":""stockroom"",""source_file"":""Stockroom \u00b7 Instinct Stockroom.csv"",""source_rows"":""3139"",""classification"":""heuristic""}"
product,ID bands small,ID bands small,evh-products,true,3,0.70,"{""source_system"":""stockroom"",""source_file"":""Stockroom \u00b7 Instinct Stockroom.csv"",""source_rows"":""3139"",""classification"":""heuristic""}"
product,Idexx Bladder Tumor Analyte (Canine),Idexx Bladder Tumor Analyte (Canine),evh-products,true,3,0.70,"{""source_system"":""stockroom"",""source_file"":""Stockroom \u00b7 Instinct Stockroom.csv"",""source_rows"":""3139"",""classification"":""heuristic""}"
product,Idexx Canine Pro BNP (Add - On),Idexx Canine Pro BNP (Add - On),evh-products,true,3,0.70,"{""source_system"":""stockroom"",""source_file"":""Stockroom \u00b7 Instinct Stockroom.csv"",""source_rows"":""3139"",""classification"":""heuristic""}"
product,Idexx Fungal Culture,Idexx Fungal Culture,evh-products,true,3,0.70,"{""source_system"":""stockroom"",""source_file"":""Stockroom \u00b7 Instinct Stockroom.csv"",""source_rows"":""3139"",""classification"":""heuristic""}"
product,Idexx General Senior Profile,Idexx General Senior Profile,evh-products,true,3,0.70,"{""source_system"":""stockroom"",""source_file"":""Stockroom \u00b7 Instinct Stockroom.csv"",""source_rows"":""3139"",""classification"":""heuristic""}"
product,Idexx Urine Culture and MIC Sus.,Idexx Urine Culture and MIC Sus.,evh-products,true,3,0.70,"{""source_system"":""stockroom"",""source_file"":""Stockroom \u00b7 Instinct Stockroom.csv"",""source_rows"":""3139"",""classification"":""heuristic""}"
product,IM Pin Bag,IM Pin Bag,evh-products,true,3,0.70,"{""source_system"":""stockroom"",""source_file"":""Stockroom \u00b7 Instinct Stockroom.csv"",""source_rows"":""3139"",""classification"":""heuristic""}"
product,iM3 Ergo Winged Elevator 5 Piece Set,iM3 Ergo Winged Elevator 5 Piece Set,evh-products,true,3,0.70,"{""source_system"":""stockroom"",""source_file"":""Stockroom \u00b7 Instinct Stockroom.csv"",""source_rows"":""3139"",""classification"":""heuristic""}"
product,Imagyst Dig Cytology Cover Slips,Imagyst Dig Cytology Cover Slips,evh-products,true,3,0.70,"{""source_system"":""stockroom"",""source_file"":""Stockroom \u00b7 Instinct Stockroom.csv"",""source_rows"":""3139"",""classification"":""heuristic""}"
product,Immersion Oil Type A ( 4 OZ Bottle),Immersion Oil Type A ( 4 OZ Bottle),evh-products,true,3,0.70,"{""source_system"":""stockroom"",""source_file"":""Stockroom \u00b7 Instinct Stockroom.csv"",""source_rows"":""3139"",""classification"":""heuristic""}"
product,Imprimed K9 Personalized Pred. Profile,Imprimed K9 Personalized Pred. Profile,evh-products,true,3,0.70,"{""source_system"":""stockroom"",""source_file"":""Stockroom \u00b7 Instinct Stockroom.csv"",""source_rows"":""3139"",""classification"":""heuristic""}"
product,In House Abaxis T4 / Cholesterol,In House Abaxis T4 / Cholesterol,evh-products,true,3,0.70,"{""source_system"":""stockroom"",""source_file"":""Stockroom \u00b7 Instinct Stockroom.csv"",""source_rows"":""3139"",""classification"":""heuristic""}"
product,In House Abx Canine Wellness plus HW,In House Abx Canine Wellness plus HW,evh-products,true,3,0.70,"{""source_system"":""stockroom"",""source_file"":""Stockroom \u00b7 Instinct Stockroom.csv"",""source_rows"":""3139"",""classification"":""heuristic""}"
product,In House Abx CBC,In House Abx CBC,evh-products,true,3,0.70,"{""source_system"":""stockroom"",""source_file"":""Stockroom \u00b7 Instinct Stockroom.csv"",""source_rows"":""3139"",""classification"":""heuristic""}"
product,In House Abx Comp Diagnostic Profile,In House Abx Comp Diagnostic Profile,evh-products,true,3,0.70,"{""source_system"":""stockroom"",""source_file"":""Stockroom \u00b7 Instinct Stockroom.csv"",""source_rows"":""3139"",""classification"":""heuristic""}"
product,In House Abx Critical Care Plus,In House Abx Critical Care Plus,evh-products,true,3,0.70,"{""source_system"":""stockroom"",""source_file"":""Stockroom \u00b7 Instinct Stockroom.csv"",""source_rows"":""3139"",""classification"":""heuristic""}"
product,In House Abx Electrolyte Plus,In House Abx Electrolyte Plus,evh-products,true,3,0.70,"{""source_system"":""stockroom"",""source_file"":""Stockroom \u00b7 Instinct Stockroom.csv"",""source_rows"":""3139"",""classification"":""heuristic""}"
product,In House Abx Kidney Profile Plus,In House Abx Kidney Profile Plus,evh-products,true,3,0.70,"{""source_system"":""stockroom"",""source_file"":""Stockroom \u00b7 Instinct Stockroom.csv"",""source_rows"":""3139"",""classification"":""heuristic""}"
product,In House Abx Mammalian Liver Profile,In House Abx Mammalian Liver Profile,evh-products,true,3,0.70,"{""source_system"":""stockroom"",""source_file"":""Stockroom \u00b7 Instinct Stockroom.csv"",""source_rows"":""3139"",""classification"":""heuristic""}"
product,In House Abx Prep Profile II,In House Abx Prep Profile II,evh-products,true,3,0.70,"{""source_system"":""stockroom"",""source_file"":""Stockroom \u00b7 Instinct Stockroom.csv"",""source_rows"":""3139"",""classification"":""heuristic""}"
product,In House Abx T4/Cholesterol,In House Abx T4/Cholesterol,evh-products,true,3,0.70,"{""source_system"":""stockroom"",""source_file"":""Stockroom \u00b7 Instinct Stockroom.csv"",""source_rows"":""3139"",""classification"":""heuristic""}"
product,In House Cytology,In House Cytology,evh-products,true,3,0.70,"{""source_system"":""stockroom"",""source_file"":""Stockroom \u00b7 Instinct Stockroom.csv"",""source_rows"":""3139"",""classification"":""heuristic""}"
product,In House Dermatophyte culture,In House Dermatophyte culture,evh-products,true,3,0.70,"{""source_system"":""stockroom"",""source_file"":""Stockroom \u00b7 Instinct Stockroom.csv"",""source_rows"":""3139"",""classification"":""heuristic""}"
product,In House Direct Blood Smear,In House Direct Blood Smear,evh-products,true,3,0.70,"{""source_system"":""stockroom"",""source_file"":""Stockroom \u00b7 Instinct Stockroom.csv"",""source_rows"":""3139"",""classification"":""heuristic""}"
product,In House Fecal Direct,In House Fecal Direct,evh-products,true,3,0.70,"{""source_system"":""stockroom"",""source_file"":""Stockroom \u00b7 Instinct Stockroom.csv"",""source_rows"":""3139"",""classification"":""heuristic""}"
product,In House Fecal Float,In House Fecal Float,evh-products,true,3,0.70,"{""source_system"":""stockroom"",""source_file"":""Stockroom \u00b7 Instinct Stockroom.csv"",""source_rows"":""3139"",""classification"":""heuristic""}"
product,In House Fecal Float & Direct,In House Fecal Float & Direct,evh-products,true,3,0.70,"{""source_system"":""stockroom"",""source_file"":""Stockroom \u00b7 Instinct Stockroom.csv"",""source_rows"":""3139"",""classification"":""heuristic""}"
product,In House FIV/FeLV Combo Test,In House FIV/FeLV Combo Test,evh-products,true,3,0.70,"{""source_system"":""stockroom"",""source_file"":""Stockroom \u00b7 Instinct Stockroom.csv"",""source_rows"":""3139"",""classification"":""heuristic""}"
product,In House Flex 4 Rapid Test,In House Flex 4 Rapid Test,evh-products,true,3,0.70,"{""source_system"":""stockroom"",""source_file"":""Stockroom \u00b7 Instinct Stockroom.csv"",""source_rows"":""3139"",""classification"":""heuristic""}"
product,In House Glucometer Test (Glucometer) (Record Vital),In House Glucometer Test (Glucometer) (Record Vital),evh-products,true,3,0.70,"{""source_system"":""stockroom"",""source_file"":""Stockroom \u00b7 Instinct Stockroom.csv"",""source_rows"":""3139"",""classification"":""heuristic""}"
product,In House Heska Cortisol,In House Heska Cortisol,evh-products,true,3,0.70,"{""source_system"":""stockroom"",""source_file"":""Stockroom \u00b7 Instinct Stockroom.csv"",""source_rows"":""3139"",""classification"":""heuristic""}"
product,In House Heska K9 C-Reactive Pro. (CCRP),In House Heska K9 C-Reactive Pro. (CCRP),evh-products,true,3,0.70,"{""source_system"":""stockroom"",""source_file"":""Stockroom \u00b7 Instinct Stockroom.csv"",""source_rows"":""3139"",""classification"":""heuristic""}"
product,In House Heska Nu.Q Cancer Screening,In House Heska Nu.Q Cancer Screening,evh-products,true,3,0.70,"{""source_system"":""stockroom"",""source_file"":""Stockroom \u00b7 Instinct Stockroom.csv"",""source_rows"":""3139"",""classification"":""heuristic""}"
product,In house Imagyst Add on expert review,In house Imagyst Add on expert review,evh-products,true,3,0.70,"{""source_system"":""stockroom"",""source_file"":""Stockroom \u00b7 Instinct Stockroom.csv"",""source_rows"":""3139"",""classification"":""heuristic""}"
product,In house Imagyst Blood Smear,In house Imagyst Blood Smear,evh-products,true,3,0.70,"{""source_system"":""stockroom"",""source_file"":""Stockroom \u00b7 Instinct Stockroom.csv"",""source_rows"":""3139"",""classification"":""heuristic""}"
product,In house Imagyst Cytology,In house Imagyst Cytology,evh-products,true,3,0.70,"{""source_system"":""stockroom"",""source_file"":""Stockroom \u00b7 Instinct Stockroom.csv"",""source_rows"":""3139"",""classification"":""heuristic""}"
product,In house Imagyst Cytology - Urgent,In house Imagyst Cytology - Urgent,evh-products,true,3,0.70,"{""source_system"":""stockroom"",""source_file"":""Stockroom \u00b7 Instinct Stockroom.csv"",""source_rows"":""3139"",""classification"":""heuristic""}"
product,In house Imagyst Dermatology,In house Imagyst Dermatology,evh-products,true,3,0.70,"{""source_system"":""stockroom"",""source_file"":""Stockroom \u00b7 Instinct Stockroom.csv"",""source_rows"":""3139"",""classification"":""heuristic""}"
product,In House Imagyst Fecal Giardia,In House Imagyst Fecal Giardia,evh-products,true,3,0.70,"{""source_system"":""stockroom"",""source_file"":""Stockroom \u00b7 Instinct Stockroom.csv"",""source_rows"":""3139"",""classification"":""heuristic""}"
product,In House Imagyst Fecal Ova/Oocysts,In House Imagyst Fecal Ova/Oocysts,evh-products,true,3,0.70,"{""source_system"":""stockroom"",""source_file"":""Stockroom \u00b7 Instinct Stockroom.csv"",""source_rows"":""3139"",""classification"":""heuristic""}"
product,In House Imagyst Masses,In House Imagyst Masses,evh-products,true,3,0.70,"{""source_system"":""stockroom"",""source_file"":""Stockroom \u00b7 Instinct Stockroom.csv"",""source_rows"":""3139"",""classification"":""heuristic""}"
product,In House Imagyst Urinalysis,In House Imagyst Urinalysis,evh-products,true,3,0.70,"{""source_system"":""stockroom"",""source_file"":""Stockroom \u00b7 Instinct Stockroom.csv"",""source_rows"":""3139"",""classification"":""heuristic""}"
product,In House Impression Smear,In House Impression Smear,evh-products,true,3,0.70,"{""source_system"":""stockroom"",""source_file"":""Stockroom \u00b7 Instinct Stockroom.csv"",""source_rows"":""3139"",""classification"":""heuristic""}"
product,In House Ketone Strip Test (Record Vital),In House Ketone Strip Test (Record Vital),evh-products,true,3,0.70,"{""source_system"":""stockroom"",""source_file"":""Stockroom \u00b7 Instinct Stockroom.csv"",""source_rows"":""3139"",""classification"":""heuristic""}"
product,In House Lactate Test (Record Vital),In House Lactate Test (Record Vital),evh-products,true,3,0.70,"{""source_system"":""stockroom"",""source_file"":""Stockroom \u00b7 Instinct Stockroom.csv"",""source_rows"":""3139"",""classification"":""heuristic""}"
product,In House Parvo Test / Canine,In House Parvo Test / Canine,evh-products,true,3,0.70,"{""source_system"":""stockroom"",""source_file"":""Stockroom \u00b7 Instinct Stockroom.csv"",""source_rows"":""3139"",""classification"":""heuristic""}"
product,In House PCV & Total Protein (Record Vital),In House PCV & Total Protein (Record Vital),evh-products,true,3,0.70,"{""source_system"":""stockroom"",""source_file"":""Stockroom \u00b7 Instinct Stockroom.csv"",""source_rows"":""3139"",""classification"":""heuristic""}"
product,In House PT/PTT Combo Test,In House PT/PTT Combo Test,evh-products,true,3,0.70,"{""source_system"":""stockroom"",""source_file"":""Stockroom \u00b7 Instinct Stockroom.csv"",""source_rows"":""3139"",""classification"":""heuristic""}"
product,In House Skin scraping,In House Skin scraping,evh-products,true,3,0.70,"{""source_system"":""stockroom"",""source_file"":""Stockroom \u00b7 Instinct Stockroom.csv"",""source_rows"":""3139"",""classification"":""heuristic""}"
product,In House Skin Tape Prep,In House Skin Tape Prep,evh-products,true,3,0.70,"{""source_system"":""stockroom"",""source_file"":""Stockroom \u00b7 Instinct Stockroom.csv"",""source_rows"":""3139"",""classification"":""heuristic""}"
product,In House SNAP Feline Pro BNP,In House SNAP Feline Pro BNP,evh-products,true,3,0.70,"{""source_system"":""stockroom"",""source_file"":""Stockroom \u00b7 Instinct Stockroom.csv"",""source_rows"":""3139"",""classification"":""heuristic""}"
product,In House Trichogram,In House Trichogram,evh-products,true,3,0.70,"{""source_system"":""stockroom"",""source_file"":""Stockroom \u00b7 Instinct Stockroom.csv"",""source_rows"":""3139"",""classification"":""heuristic""}"
product,In House TSH Test,In House TSH Test,evh-products,true,3,0.70,"{""source_system"":""stockroom"",""source_file"":""Stockroom \u00b7 Instinct Stockroom.csv"",""source_rows"":""3139"",""classification"":""heuristic""}"
product,In House Urinalysis,In House Urinalysis,evh-products,true,3,0.70,"{""source_system"":""stockroom"",""source_file"":""Stockroom \u00b7 Instinct Stockroom.csv"",""source_rows"":""3139"",""classification"":""heuristic""}"
product,In House Urine Sediment,In House Urine Sediment,evh-products,true,3,0.70,"{""source_system"":""stockroom"",""source_file"":""Stockroom \u00b7 Instinct Stockroom.csv"",""source_rows"":""3139"",""classification"":""heuristic""}"
product,In House Urine Specific Gravity (USG) (Record Vital),In House Urine Specific Gravity (USG) (Record Vital),evh-products,true,3,0.70,"{""source_system"":""stockroom"",""source_file"":""Stockroom \u00b7 Instinct Stockroom.csv"",""source_rows"":""3139"",""classification"":""heuristic""}"
product,In House Urine Strip,In House Urine Strip,evh-products,true,3,0.70,"{""source_system"":""stockroom"",""source_file"":""Stockroom \u00b7 Instinct Stockroom.csv"",""source_rows"":""3139"",""classification"":""heuristic""}"
product,InCoag aPTT/PT CWB Test Kit,InCoag aPTT/PT CWB Test Kit,evh-products,true,3,0.70,"{""source_system"":""stockroom"",""source_file"":""Stockroom \u00b7 Instinct Stockroom.csv"",""source_rows"":""3139"",""classification"":""heuristic""}"
product,Induce Emesis,Induce Emesis,evh-products,true,3,0.70,"{""source_system"":""stockroom"",""source_file"":""Stockroom \u00b7 Instinct Stockroom.csv"",""source_rows"":""3139"",""classification"":""heuristic""}"
product,Infant Flat Probe 8.9 MHZ,Infant Flat Probe 8.9 MHZ,evh-products,true,3,0.70,"{""source_system"":""stockroom"",""source_file"":""Stockroom \u00b7 Instinct Stockroom.csv"",""source_rows"":""3139"",""classification"":""heuristic""}"
product,Injectable Medication Adm. Fee,Injectable Medication Adm. Fee,evh-products,true,3,0.70,"{""source_system"":""stockroom"",""source_file"":""Stockroom \u00b7 Instinct Stockroom.csv"",""source_rows"":""3139"",""classification"":""heuristic""}"
product,Inova Feline CC Low Fat 5.5oz cans,Inova Feline CC Low Fat 5.5oz cans,evh-products,true,3,0.70,"{""source_system"":""stockroom"",""source_file"":""Stockroom \u00b7 Instinct Stockroom.csv"",""source_rows"":""3139"",""classification"":""heuristic""}"
product,Instrument milk gal,Instrument milk gal,evh-products,true,3,0.70,"{""source_system"":""stockroom"",""source_file"":""Stockroom \u00b7 Instinct Stockroom.csv"",""source_rows"":""3139"",""classification"":""heuristic""}"
product,Instrument Tray with Lid,Instrument Tray with Lid,evh-products,true,3,0.70,"{""source_system"":""stockroom"",""source_file"":""Stockroom \u00b7 Instinct Stockroom.csv"",""source_rows"":""3139"",""classification"":""heuristic""}"
product,Instrument wrapper  30 X 30,Instrument wrapper  30 X 30,evh-products,true,3,0.70,"{""source_system"":""stockroom"",""source_file"":""Stockroom \u00b7 Instinct Stockroom.csv"",""source_rows"":""3139"",""classification"":""heuristic""}"
product,Insulin Sryinges Box 100,Insulin Sryinges Box 100,evh-products,true,3,0.70,"{""source_system"":""stockroom"",""source_file"":""Stockroom \u00b7 Instinct Stockroom.csv"",""source_rows"":""3139"",""classification"":""heuristic""}"
product,Intensive / Critical Care,Intensive / Critical Care,evh-products,true,3,0.70,"{""source_system"":""stockroom"",""source_file"":""Stockroom \u00b7 Instinct Stockroom.csv"",""source_rows"":""3139"",""classification"":""heuristic""}"
product,Intestinal Anastamosis - $12/min,Intestinal Anastamosis - $12/min,evh-products,true,3,0.70,"{""source_system"":""stockroom"",""source_file"":""Stockroom \u00b7 Instinct Stockroom.csv"",""source_rows"":""3139"",""classification"":""heuristic""}"
product,Intraocular Pressure (IOP) - OD,Intraocular Pressure (IOP) - OD,evh-products,true,3,0.70,"{""source_system"":""stockroom"",""source_file"":""Stockroom \u00b7 Instinct Stockroom.csv"",""source_rows"":""3139"",""classification"":""heuristic""}"
product,Intraocular Pressure (IOP) - OS,Intraocular Pressure (IOP) - OS,evh-products,true,3,0.70,"{""source_system"":""stockroom"",""source_file"":""Stockroom \u00b7 Instinct Stockroom.csv"",""source_rows"":""3139"",""classification"":""heuristic""}"
product,Intravenous T-port,Intravenous T-port,evh-products,true,3,0.70,"{""source_system"":""stockroom"",""source_file"":""Stockroom \u00b7 Instinct Stockroom.csv"",""source_rows"":""3139"",""classification"":""heuristic""}"
product,Invisible Tape 3/4 X 1296 in,Invisible Tape 3/4 X 1296 in,evh-products,true,3,0.70,"{""source_system"":""stockroom"",""source_file"":""Stockroom \u00b7 Instinct Stockroom.csv"",""source_rows"":""3139"",""classification"":""heuristic""}"
product,Ionized Calcium (iCa),Ionized Calcium (iCa),evh-products,true,3,0.70,"{""source_system"":""stockroom"",""source_file"":""Stockroom \u00b7 Instinct Stockroom.csv"",""source_rows"":""3139"",""classification"":""heuristic""}"
product,Isoflurane 250ml bottle,Isoflurane 250ml bottle,evh-products,true,3,0.70,"{""source_system"":""stockroom"",""source_file"":""Stockroom \u00b7 Instinct Stockroom.csv"",""source_rows"":""3139"",""classification"":""heuristic""}"
product,Issue Call Back,Issue Call Back,evh-products,true,3,0.70,"{""source_system"":""stockroom"",""source_file"":""Stockroom \u00b7 Instinct Stockroom.csv"",""source_rows"":""3139"",""classification"":""heuristic""}"
product,Issue Discharge Appointment,Issue Discharge Appointment,evh-products,true,3,0.70,"{""source_system"":""stockroom"",""source_file"":""Stockroom \u00b7 Instinct Stockroom.csv"",""source_rows"":""3139"",""classification"":""heuristic""}"
product,IV Bag Access Device,IV Bag Access Device,evh-products,true,3,0.70,"{""source_system"":""stockroom"",""source_file"":""Stockroom \u00b7 Instinct Stockroom.csv"",""source_rows"":""3139"",""classification"":""heuristic""}"
product,"IV Extension Set 42""","IV Extension Set 42""",evh-products,true,3,0.70,"{""source_system"":""stockroom"",""source_file"":""Stockroom \u00b7 Instinct Stockroom.csv"",""source_rows"":""3139"",""classification"":""heuristic""}"
product,IV Extension Set with Flow Rate Regulato,IV Extension Set with Flow Rate Regulato,evh-products,true,3,0.70,"{""source_system"":""stockroom"",""source_file"":""Stockroom \u00b7 Instinct Stockroom.csv"",""source_rows"":""3139"",""classification"":""heuristic""}"
product,"IV Extension Sets - 30"" inch","IV Extension Sets - 30"" inch",evh-products,true,3,0.70,"{""source_system"":""stockroom"",""source_file"":""Stockroom \u00b7 Instinct Stockroom.csv"",""source_rows"":""3139"",""classification"":""heuristic""}"
product,IV Infusion Set 3' Core Flex-Coil,IV Infusion Set 3' Core Flex-Coil,evh-products,true,3,0.70,"{""source_system"":""stockroom"",""source_file"":""Stockroom \u00b7 Instinct Stockroom.csv"",""source_rows"":""3139"",""classification"":""heuristic""}"
product,IV Infusion Set 5' Core Flex-Coil,IV Infusion Set 5' Core Flex-Coil,evh-products,true,3,0.70,"{""source_system"":""stockroom"",""source_file"":""Stockroom \u00b7 Instinct Stockroom.csv"",""source_rows"":""3139"",""classification"":""heuristic""}"
product,"IV Set Line 103"" 15 Drip","IV Set Line 103"" 15 Drip",evh-products,true,3,0.70,"{""source_system"":""stockroom"",""source_file"":""Stockroom \u00b7 Instinct Stockroom.csv"",""source_rows"":""3139"",""classification"":""heuristic""}"
product,IV Stabilizer 3 Pack,IV Stabilizer 3 Pack,evh-products,true,3,0.70,"{""source_system"":""stockroom"",""source_file"":""Stockroom \u00b7 Instinct Stockroom.csv"",""source_rows"":""3139"",""classification"":""heuristic""}"
product,IVF Additive - Other,IVF Additive - Other,evh-products,true,3,0.70,"{""source_system"":""stockroom"",""source_file"":""Stockroom \u00b7 Instinct Stockroom.csv"",""source_rows"":""3139"",""classification"":""heuristic""}"
product,IVF Additive - Phosphorus (KPhos) (mmol/L),IVF Additive - Phosphorus (KPhos) (mmol/L),evh-products,true,3,0.70,"{""source_system"":""stockroom"",""source_file"":""Stockroom \u00b7 Instinct Stockroom.csv"",""source_rows"":""3139"",""classification"":""heuristic""}"
product,IVF Additive - Potassium (KCl) (mEq/L),IVF Additive - Potassium (KCl) (mEq/L),evh-products,true,3,0.70,"{""source_system"":""stockroom"",""source_file"":""Stockroom \u00b7 Instinct Stockroom.csv"",""source_rows"":""3139"",""classification"":""heuristic""}"
product,IVF Additive - Vitamin B Complex (mL/L),IVF Additive - Vitamin B Complex (mL/L),evh-products,true,3,0.70,"{""source_system"":""stockroom"",""source_file"":""Stockroom \u00b7 Instinct Stockroom.csv"",""source_rows"":""3139"",""classification"":""heuristic""}"
product,IVF Additive - Vitamin B-12 (mL/L),IVF Additive - Vitamin B-12 (mL/L),evh-products,true,3,0.70,"{""source_system"":""stockroom"",""source_file"":""Stockroom \u00b7 Instinct Stockroom.csv"",""source_rows"":""3139"",""classification"":""heuristic""}"
product,IVS - ECG (Next Day Routine),IVS - ECG (Next Day Routine),evh-products,true,3,0.70,"{""source_system"":""stockroom"",""source_file"":""Stockroom \u00b7 Instinct Stockroom.csv"",""source_rows"":""3139"",""classification"":""heuristic""}"
product,IVS - ECG (STAT 1hr),IVS - ECG (STAT 1hr),evh-products,true,3,0.70,"{""source_system"":""stockroom"",""source_file"":""Stockroom \u00b7 Instinct Stockroom.csv"",""source_rows"":""3139"",""classification"":""heuristic""}"
product,IVS - ECG w/ Radiographs (Next Day Rout),IVS - ECG w/ Radiographs (Next Day Rout),evh-products,true,3,0.70,"{""source_system"":""stockroom"",""source_file"":""Stockroom \u00b7 Instinct Stockroom.csv"",""source_rows"":""3139"",""classification"":""heuristic""}"
product,IVS - ECG w/ Radiographs (STAT 1hr),IVS - ECG w/ Radiographs (STAT 1hr),evh-products,true,3,0.70,"{""source_system"":""stockroom"",""source_file"":""Stockroom \u00b7 Instinct Stockroom.csv"",""source_rows"":""3139"",""classification"":""heuristic""}"
product,J Loop,J Loop,evh-products,true,3,0.70,"{""source_system"":""stockroom"",""source_file"":""Stockroom \u00b7 Instinct Stockroom.csv"",""source_rows"":""3139"",""classification"":""heuristic""}"
product,Jeltrate Plus 1lb,Jeltrate Plus 1lb,evh-products,true,3,0.70,"{""source_system"":""stockroom"",""source_file"":""Stockroom \u00b7 Instinct Stockroom.csv"",""source_rows"":""3139"",""classification"":""heuristic""}"
product,Joint Tap,Joint Tap,evh-products,true,3,0.70,"{""source_system"":""stockroom"",""source_file"":""Stockroom \u00b7 Instinct Stockroom.csv"",""source_rows"":""3139"",""classification"":""heuristic""}"
product,Jorgensen Aspiration Suction Unit,Jorgensen Aspiration Suction Unit,evh-products,true,3,0.70,"{""source_system"":""stockroom"",""source_file"":""Stockroom \u00b7 Instinct Stockroom.csv"",""source_rows"":""3139"",""classification"":""heuristic""}"
product,Jorgenson Flow Meter,Jorgenson Flow Meter,evh-products,true,3,0.70,"{""source_system"":""stockroom"",""source_file"":""Stockroom \u00b7 Instinct Stockroom.csv"",""source_rows"":""3139"",""classification"":""heuristic""}"
product,JorVet Gram Stain Kit (4x250 ml Bott.),JorVet Gram Stain Kit (4x250 ml Bott.),evh-products,true,3,0.70,"{""source_system"":""stockroom"",""source_file"":""Stockroom \u00b7 Instinct Stockroom.csv"",""source_rows"":""3139"",""classification"":""heuristic""}"
product,JT Steel Handle Needle Kit,JT Steel Handle Needle Kit,evh-products,true,3,0.70,"{""source_system"":""stockroom"",""source_file"":""Stockroom \u00b7 Instinct Stockroom.csv"",""source_rows"":""3139"",""classification"":""heuristic""}"
product,JW Deluxe Soft Grip Nail Clipper- Large,JW Deluxe Soft Grip Nail Clipper- Large,evh-products,true,3,0.70,"{""source_system"":""stockroom"",""source_file"":""Stockroom \u00b7 Instinct Stockroom.csv"",""source_rows"":""3139"",""classification"":""heuristic""}"
product,JW Deluxe Soft Grip Nail Clipper- Medium,JW Deluxe Soft Grip Nail Clipper- Medium,evh-products,true,3,0.70,"{""source_system"":""stockroom"",""source_file"":""Stockroom \u00b7 Instinct Stockroom.csv"",""source_rows"":""3139"",""classification"":""heuristic""}"
product,K Wire .062,K Wire .062,evh-products,true,3,0.70,"{""source_system"":""stockroom"",""source_file"":""Stockroom \u00b7 Instinct Stockroom.csv"",""source_rows"":""3139"",""classification"":""heuristic""}"
product,Keep Bedding Clean,Keep Bedding Clean,evh-products,true,3,0.70,"{""source_system"":""stockroom"",""source_file"":""Stockroom \u00b7 Instinct Stockroom.csv"",""source_rows"":""3139"",""classification"":""heuristic""}"
product,Keep Cage Padded,Keep Cage Padded,evh-products,true,3,0.70,"{""source_system"":""stockroom"",""source_file"":""Stockroom \u00b7 Instinct Stockroom.csv"",""source_rows"":""3139"",""classification"":""heuristic""}"
product,Keep Head Elevated,Keep Head Elevated,evh-products,true,3,0.70,"{""source_system"":""stockroom"",""source_file"":""Stockroom \u00b7 Instinct Stockroom.csv"",""source_rows"":""3139"",""classification"":""heuristic""}"
product,Keep In Refrigerator Labels,Keep In Refrigerator Labels,evh-products,true,3,0.70,"{""source_system"":""stockroom"",""source_file"":""Stockroom \u00b7 Instinct Stockroom.csv"",""source_rows"":""3139"",""classification"":""heuristic""}"
product,Keep Quiet / Minimize Stress,Keep Quiet / Minimize Stress,evh-products,true,3,0.70,"{""source_system"":""stockroom"",""source_file"":""Stockroom \u00b7 Instinct Stockroom.csv"",""source_rows"":""3139"",""classification"":""heuristic""}"
product,Keep Sternal,Keep Sternal,evh-products,true,3,0.70,"{""source_system"":""stockroom"",""source_file"":""Stockroom \u00b7 Instinct Stockroom.csv"",""source_rows"":""3139"",""classification"":""heuristic""}"
product,Kennel Care - Day Stay,Kennel Care - Day Stay,evh-products,true,3,0.70,"{""source_system"":""stockroom"",""source_file"":""Stockroom \u00b7 Instinct Stockroom.csv"",""source_rows"":""3139"",""classification"":""heuristic""}"
product,Kennel Kare SC 5 Gallon,Kennel Kare SC 5 Gallon,evh-products,true,3,0.70,"{""source_system"":""stockroom"",""source_file"":""Stockroom \u00b7 Instinct Stockroom.csv"",""source_rows"":""3139"",""classification"":""heuristic""}"
product,Kennel Kare SC Gallon,Kennel Kare SC Gallon,evh-products,true,3,0.70,"{""source_system"":""stockroom"",""source_file"":""Stockroom \u00b7 Instinct Stockroom.csv"",""source_rows"":""3139"",""classification"":""heuristic""}"
product,Keto-Diastix Strips 100ct,Keto-Diastix Strips 100ct,evh-products,true,3,0.70,"{""source_system"":""stockroom"",""source_file"":""Stockroom \u00b7 Instinct Stockroom.csv"",""source_rows"":""3139"",""classification"":""heuristic""}"
product,KIM WIPES,KIM WIPES,evh-products,true,3,0.70,"{""source_system"":""stockroom"",""source_file"":""Stockroom \u00b7 Instinct Stockroom.csv"",""source_rows"":""3139"",""classification"":""heuristic""}"
product,Kit4Cat Urine Sample Collection Kit,Kit4Cat Urine Sample Collection Kit,evh-products,true,3,0.70,"{""source_system"":""stockroom"",""source_file"":""Stockroom \u00b7 Instinct Stockroom.csv"",""source_rows"":""3139"",""classification"":""heuristic""}"
product,KMR 5 lb,KMR 5 lb,evh-products,true,3,0.70,"{""source_system"":""stockroom"",""source_file"":""Stockroom \u00b7 Instinct Stockroom.csv"",""source_rows"":""3139"",""classification"":""heuristic""}"
product,KMR Liquid milk replacer,KMR Liquid milk replacer,evh-products,true,3,0.70,"{""source_system"":""stockroom"",""source_file"":""Stockroom \u00b7 Instinct Stockroom.csv"",""source_rows"":""3139"",""classification"":""heuristic""}"
product,KMR Powder 12oz,KMR Powder 12oz,evh-products,true,3,0.70,"{""source_system"":""stockroom"",""source_file"":""Stockroom \u00b7 Instinct Stockroom.csv"",""source_rows"":""3139"",""classification"":""heuristic""}"
product,KMR Powder 28oz,KMR Powder 28oz,evh-products,true,3,0.70,"{""source_system"":""stockroom"",""source_file"":""Stockroom \u00b7 Instinct Stockroom.csv"",""source_rows"":""3139"",""classification"":""heuristic""}"
product,KOE Concentrate (Gallon),KOE Concentrate (Gallon),evh-products,true,3,0.70,"{""source_system"":""stockroom"",""source_file"":""Stockroom \u00b7 Instinct Stockroom.csv"",""source_rows"":""3139"",""classification"":""heuristic""}"
product,KOE Fresh Scent 16oz,KOE Fresh Scent 16oz,evh-products,true,3,0.70,"{""source_system"":""stockroom"",""source_file"":""Stockroom \u00b7 Instinct Stockroom.csv"",""source_rows"":""3139"",""classification"":""heuristic""}"
product,Kool Lube,Kool Lube,evh-products,true,3,0.70,"{""source_system"":""stockroom"",""source_file"":""Stockroom \u00b7 Instinct Stockroom.csv"",""source_rows"":""3139"",""classification"":""heuristic""}"
product,Kwik Stop,Kwik Stop,evh-products,true,3,0.70,"{""source_system"":""stockroom"",""source_file"":""Stockroom \u00b7 Instinct Stockroom.csv"",""source_rows"":""3139"",""classification"":""heuristic""}"
product,Label Patient (Apply Neck Band),Label Patient (Apply Neck Band),evh-products,true,3,0.70,"{""source_system"":""stockroom"",""source_file"":""Stockroom \u00b7 Instinct Stockroom.csv"",""source_rows"":""3139"",""classification"":""heuristic""}"
product,Laboratory sample shipping and handling,Laboratory sample shipping and handling,evh-products,true,3,0.70,"{""source_system"":""stockroom"",""source_file"":""Stockroom \u00b7 Instinct Stockroom.csv"",""source_rows"":""3139"",""classification"":""heuristic""}"
product,Laceration-Major,Laceration-Major,evh-products,true,3,0.70,"{""source_system"":""stockroom"",""source_file"":""Stockroom \u00b7 Instinct Stockroom.csv"",""source_rows"":""3139"",""classification"":""heuristic""}"
product,Laceration-Minor,Laceration-Minor,evh-products,true,3,0.70,"{""source_system"":""stockroom"",""source_file"":""Stockroom \u00b7 Instinct Stockroom.csv"",""source_rows"":""3139"",""classification"":""heuristic""}"
product,"Lacrimal Needle, Curved w/ Olive Tip 23g","Lacrimal Needle, Curved w/ Olive Tip 23g",evh-products,true,3,0.70,"{""source_system"":""stockroom"",""source_file"":""Stockroom \u00b7 Instinct Stockroom.csv"",""source_rows"":""3139"",""classification"":""heuristic""}"
product,Lactate,Lactate,evh-products,true,3,0.70,"{""source_system"":""stockroom"",""source_file"":""Stockroom \u00b7 Instinct Stockroom.csv"",""source_rows"":""3139"",""classification"":""heuristic""}"
product,Lactate Plus Individual Kit,Lactate Plus Individual Kit,evh-products,true,3,0.70,"{""source_system"":""stockroom"",""source_file"":""Stockroom \u00b7 Instinct Stockroom.csv"",""source_rows"":""3139"",""classification"":""heuristic""}"
product,Lactate Plus Strips,Lactate Plus Strips,evh-products,true,3,0.70,"{""source_system"":""stockroom"",""source_file"":""Stockroom \u00b7 Instinct Stockroom.csv"",""source_rows"":""3139"",""classification"":""heuristic""}"
product,Lactated Ringers 1 Liter,Lactated Ringers 1 Liter,evh-products,true,3,0.70,"{""source_system"":""stockroom"",""source_file"":""Stockroom \u00b7 Instinct Stockroom.csv"",""source_rows"":""3139"",""classification"":""heuristic""}"
product,Laryn Blade #1,Laryn Blade #1,evh-products,true,3,0.70,"{""source_system"":""stockroom"",""source_file"":""Stockroom \u00b7 Instinct Stockroom.csv"",""source_rows"":""3139"",""classification"":""heuristic""}"
product,Laryng Handle,Laryng Handle,evh-products,true,3,0.70,"{""source_system"":""stockroom"",""source_file"":""Stockroom \u00b7 Instinct Stockroom.csv"",""source_rows"":""3139"",""classification"":""heuristic""}"
product,Laryngeal Paralysis Assessment,Laryngeal Paralysis Assessment,evh-products,true,3,0.70,"{""source_system"":""stockroom"",""source_file"":""Stockroom \u00b7 Instinct Stockroom.csv"",""source_rows"":""3139"",""classification"":""heuristic""}"
product,Lat. Imbrication/Antirotational Suture,Lat. Imbrication/Antirotational Suture,evh-products,true,3,0.70,"{""source_system"":""stockroom"",""source_file"":""Stockroom \u00b7 Instinct Stockroom.csv"",""source_rows"":""3139"",""classification"":""heuristic""}"
product,Left Chest Tube (Air) - Aspirate/Maintain/Note Production,Left Chest Tube (Air) - Aspirate/Maintain/Note Production,evh-products,true,3,0.70,"{""source_system"":""stockroom"",""source_file"":""Stockroom \u00b7 Instinct Stockroom.csv"",""source_rows"":""3139"",""classification"":""heuristic""}"
product,Left Chest Tube (Fluid) - Aspirate/Maintain/Note Production,Left Chest Tube (Fluid) - Aspirate/Maintain/Note Production,evh-products,true,3,0.70,"{""source_system"":""stockroom"",""source_file"":""Stockroom \u00b7 Instinct Stockroom.csv"",""source_rows"":""3139"",""classification"":""heuristic""}"
product,Light Bulb 12V 75W (Wet Sink),Light Bulb 12V 75W (Wet Sink),evh-products,true,3,0.70,"{""source_system"":""stockroom"",""source_file"":""Stockroom \u00b7 Instinct Stockroom.csv"",""source_rows"":""3139"",""classification"":""heuristic""}"
product,Lip Fold Resection,Lip Fold Resection,evh-products,true,3,0.70,"{""source_system"":""stockroom"",""source_file"":""Stockroom \u00b7 Instinct Stockroom.csv"",""source_rows"":""3139"",""classification"":""heuristic""}"
product,Liver Lobectomy,Liver Lobectomy,evh-products,true,3,0.70,"{""source_system"":""stockroom"",""source_file"":""Stockroom \u00b7 Instinct Stockroom.csv"",""source_rows"":""3139"",""classification"":""heuristic""}"
product,Loe Odor Eliminator Concentrate,Loe Odor Eliminator Concentrate,evh-products,true,3,0.70,"{""source_system"":""stockroom"",""source_file"":""Stockroom \u00b7 Instinct Stockroom.csv"",""source_rows"":""3139"",""classification"":""heuristic""}"
product,Long Hair Add-On,Long Hair Add-On,evh-products,true,3,0.70,"{""source_system"":""stockroom"",""source_file"":""Stockroom \u00b7 Instinct Stockroom.csv"",""source_rows"":""3139"",""classification"":""heuristic""}"
product,Lube 5 oz,Lube 5 oz,evh-products,true,3,0.70,"{""source_system"":""stockroom"",""source_file"":""Stockroom \u00b7 Instinct Stockroom.csv"",""source_rows"":""3139"",""classification"":""heuristic""}"
product,Lube Eyes,Lube Eyes,evh-products,true,3,0.70,"{""source_system"":""stockroom"",""source_file"":""Stockroom \u00b7 Instinct Stockroom.csv"",""source_rows"":""3139"",""classification"":""heuristic""}"
product,Luxation Reduction-Closed,Luxation Reduction-Closed,evh-products,true,3,0.70,"{""source_system"":""stockroom"",""source_file"":""Stockroom \u00b7 Instinct Stockroom.csv"",""source_rows"":""3139"",""classification"":""heuristic""}"
product,Luxation Reduction-Open,Luxation Reduction-Open,evh-products,true,3,0.70,"{""source_system"":""stockroom"",""source_file"":""Stockroom \u00b7 Instinct Stockroom.csv"",""source_rows"":""3139"",""classification"":""heuristic""}"
product,Magazine File,Magazine File,evh-products,true,3,0.70,"{""source_system"":""stockroom"",""source_file"":""Stockroom \u00b7 Instinct Stockroom.csv"",""source_rows"":""3139"",""classification"":""heuristic""}"
product,"Maintance for Ward Equipmt.,Instrmts.,et","Maintance for Ward Equipmt.,Instrmts.,et",evh-products,true,3,0.70,"{""source_system"":""stockroom"",""source_file"":""Stockroom \u00b7 Instinct Stockroom.csv"",""source_rows"":""3139"",""classification"":""heuristic""}"
product,Malaseb Towelettes Each,Malaseb Towelettes Each,evh-products,true,3,0.70,"{""source_system"":""stockroom"",""source_file"":""Stockroom \u00b7 Instinct Stockroom.csv"",""source_rows"":""3139"",""classification"":""heuristic""}"
product,Mandibular Fracture Repair,Mandibular Fracture Repair,evh-products,true,3,0.70,"{""source_system"":""stockroom"",""source_file"":""Stockroom \u00b7 Instinct Stockroom.csv"",""source_rows"":""3139"",""classification"":""heuristic""}"
product,Manuka Honey Dressing 10x12.5cm,Manuka Honey Dressing 10x12.5cm,evh-products,true,3,0.70,"{""source_system"":""stockroom"",""source_file"":""Stockroom \u00b7 Instinct Stockroom.csv"",""source_rows"":""3139"",""classification"":""heuristic""}"
product,Masimo SS ISA Sample Line LA,Masimo SS ISA Sample Line LA,evh-products,true,3,0.70,"{""source_system"":""stockroom"",""source_file"":""Stockroom \u00b7 Instinct Stockroom.csv"",""source_rows"":""3139"",""classification"":""heuristic""}"
product,Masimo SS ISA Sample Line SA,Masimo SS ISA Sample Line SA,evh-products,true,3,0.70,"{""source_system"":""stockroom"",""source_file"":""Stockroom \u00b7 Instinct Stockroom.csv"",""source_rows"":""3139"",""classification"":""heuristic""}"
product,Mask surgeons W ear loop 50ct,Mask surgeons W ear loop 50ct,evh-products,true,3,0.70,"{""source_system"":""stockroom"",""source_file"":""Stockroom \u00b7 Instinct Stockroom.csv"",""source_rows"":""3139"",""classification"":""heuristic""}"
product,Mastectomy - Lumpectomy,Mastectomy - Lumpectomy,evh-products,true,3,0.70,"{""source_system"":""stockroom"",""source_file"":""Stockroom \u00b7 Instinct Stockroom.csv"",""source_rows"":""3139"",""classification"":""heuristic""}"
product,Mastectomy - Partial,Mastectomy - Partial,evh-products,true,3,0.70,"{""source_system"":""stockroom"",""source_file"":""Stockroom \u00b7 Instinct Stockroom.csv"",""source_rows"":""3139"",""classification"":""heuristic""}"
product,Mastectomy - Radical,Mastectomy - Radical,evh-products,true,3,0.70,"{""source_system"":""stockroom"",""source_file"":""Stockroom \u00b7 Instinct Stockroom.csv"",""source_rows"":""3139"",""classification"":""heuristic""}"
product,Maxi Guard 2oz Bottle,Maxi Guard 2oz Bottle,evh-products,true,3,0.70,"{""source_system"":""stockroom"",""source_file"":""Stockroom \u00b7 Instinct Stockroom.csv"",""source_rows"":""3139"",""classification"":""heuristic""}"
product,MaxiGuard Oral Cleansing Wipes 100ct,MaxiGuard Oral Cleansing Wipes 100ct,evh-products,true,3,0.70,"{""source_system"":""stockroom"",""source_file"":""Stockroom \u00b7 Instinct Stockroom.csv"",""source_rows"":""3139"",""classification"":""heuristic""}"
product,"Mayo Hegar Needle Holder 8""","Mayo Hegar Needle Holder 8""",evh-products,true,3,0.70,"{""source_system"":""stockroom"",""source_file"":""Stockroom \u00b7 Instinct Stockroom.csv"",""source_rows"":""3139"",""classification"":""heuristic""}"
product,Measure Abdominal Girth,Measure Abdominal Girth,evh-products,true,3,0.70,"{""source_system"":""stockroom"",""source_file"":""Stockroom \u00b7 Instinct Stockroom.csv"",""source_rows"":""3139"",""classification"":""heuristic""}"
product,Measure Urinary Bladder (cm),Measure Urinary Bladder (cm),evh-products,true,3,0.70,"{""source_system"":""stockroom"",""source_file"":""Stockroom \u00b7 Instinct Stockroom.csv"",""source_rows"":""3139"",""classification"":""heuristic""}"
product,Medical Pet Shirt,Medical Pet Shirt,evh-products,true,3,0.70,"{""source_system"":""stockroom"",""source_file"":""Stockroom \u00b7 Instinct Stockroom.csv"",""source_rows"":""3139"",""classification"":""heuristic""}"
product,Medical Pet Shirt Cat XS,Medical Pet Shirt Cat XS,evh-products,true,3,0.70,"{""source_system"":""stockroom"",""source_file"":""Stockroom \u00b7 Instinct Stockroom.csv"",""source_rows"":""3139"",""classification"":""heuristic""}"
product,Medical Pet Shirt Starter Pack,Medical Pet Shirt Starter Pack,evh-products,true,3,0.70,"{""source_system"":""stockroom"",""source_file"":""Stockroom \u00b7 Instinct Stockroom.csv"",""source_rows"":""3139"",""classification"":""heuristic""}"
product,Medical Pet Shirt XXS,Medical Pet Shirt XXS,evh-products,true,3,0.70,"{""source_system"":""stockroom"",""source_file"":""Stockroom \u00b7 Instinct Stockroom.csv"",""source_rows"":""3139"",""classification"":""heuristic""}"
product,Medication Cutting Service,Medication Cutting Service,evh-products,true,3,0.70,"{""source_system"":""stockroom"",""source_file"":""Stockroom \u00b7 Instinct Stockroom.csv"",""source_rows"":""3139"",""classification"":""heuristic""}"
product,Medications Going Home - Antibiotics,Medications Going Home - Antibiotics,evh-products,true,3,0.70,"{""source_system"":""stockroom"",""source_file"":""Stockroom \u00b7 Instinct Stockroom.csv"",""source_rows"":""3139"",""classification"":""heuristic""}"
product,Medications Going Home - Pain,Medications Going Home - Pain,evh-products,true,3,0.70,"{""source_system"":""stockroom"",""source_file"":""Stockroom \u00b7 Instinct Stockroom.csv"",""source_rows"":""3139"",""classification"":""heuristic""}"
product,Medicine Vial 13Dr,Medicine Vial 13Dr,evh-products,true,3,0.70,"{""source_system"":""stockroom"",""source_file"":""Stockroom \u00b7 Instinct Stockroom.csv"",""source_rows"":""3139"",""classification"":""heuristic""}"
product,Medicine Vial 16DR,Medicine Vial 16DR,evh-products,true,3,0.70,"{""source_system"":""stockroom"",""source_file"":""Stockroom \u00b7 Instinct Stockroom.csv"",""source_rows"":""3139"",""classification"":""heuristic""}"
product,Medicine Vial 8Dram,Medicine Vial 8Dram,evh-products,true,3,0.70,"{""source_system"":""stockroom"",""source_file"":""Stockroom \u00b7 Instinct Stockroom.csv"",""source_rows"":""3139"",""classification"":""heuristic""}"
product,Medicine Vial B-10,Medicine Vial B-10,evh-products,true,3,0.70,"{""source_system"":""stockroom"",""source_file"":""Stockroom \u00b7 Instinct Stockroom.csv"",""source_rows"":""3139"",""classification"":""heuristic""}"
product,Medicine Vial Lg B20,Medicine Vial Lg B20,evh-products,true,3,0.70,"{""source_system"":""stockroom"",""source_file"":""Stockroom \u00b7 Instinct Stockroom.csv"",""source_rows"":""3139"",""classification"":""heuristic""}"
product,Medicine Vials 40DR,Medicine Vials 40DR,evh-products,true,3,0.70,"{""source_system"":""stockroom"",""source_file"":""Stockroom \u00b7 Instinct Stockroom.csv"",""source_rows"":""3139"",""classification"":""heuristic""}"
product,Medicine Vials 60DR,Medicine Vials 60DR,evh-products,true,3,0.70,"{""source_system"":""stockroom"",""source_file"":""Stockroom \u00b7 Instinct Stockroom.csv"",""source_rows"":""3139"",""classification"":""heuristic""}"
product,Medicine Vials B6,Medicine Vials B6,evh-products,true,3,0.70,"{""source_system"":""stockroom"",""source_file"":""Stockroom \u00b7 Instinct Stockroom.csv"",""source_rows"":""3139"",""classification"":""heuristic""}"
product,Memorial Pendant,Memorial Pendant,evh-products,true,3,0.70,"{""source_system"":""stockroom"",""source_file"":""Stockroom \u00b7 Instinct Stockroom.csv"",""source_rows"":""3139"",""classification"":""heuristic""}"
product,Meniscectomy,Meniscectomy,evh-products,true,3,0.70,"{""source_system"":""stockroom"",""source_file"":""Stockroom \u00b7 Instinct Stockroom.csv"",""source_rows"":""3139"",""classification"":""heuristic""}"
product,Meniscus Probe (1mm),Meniscus Probe (1mm),evh-products,true,3,0.70,"{""source_system"":""stockroom"",""source_file"":""Stockroom \u00b7 Instinct Stockroom.csv"",""source_rows"":""3139"",""classification"":""heuristic""}"
product,Michigan State Premium Thyroid Panel,Michigan State Premium Thyroid Panel,evh-products,true,3,0.70,"{""source_system"":""stockroom"",""source_file"":""Stockroom \u00b7 Instinct Stockroom.csv"",""source_rows"":""3139"",""classification"":""heuristic""}"
product,Miconahex + Triz Shampoo 16oz,Miconahex + Triz Shampoo 16oz,evh-products,true,3,0.70,"{""source_system"":""stockroom"",""source_file"":""Stockroom \u00b7 Instinct Stockroom.csv"",""source_rows"":""3139"",""classification"":""heuristic""}"
product,Miconahex + Triz Shampoo Gallon,Miconahex + Triz Shampoo Gallon,evh-products,true,3,0.70,"{""source_system"":""stockroom"",""source_file"":""Stockroom \u00b7 Instinct Stockroom.csv"",""source_rows"":""3139"",""classification"":""heuristic""}"
product,Micro Universal Curette,Micro Universal Curette,evh-products,true,3,0.70,"{""source_system"":""stockroom"",""source_file"":""Stockroom \u00b7 Instinct Stockroom.csv"",""source_rows"":""3139"",""classification"":""heuristic""}"
product,Microchip Implantation (w/ Registration),Microchip Implantation (w/ Registration),evh-products,true,3,0.70,"{""source_system"":""stockroom"",""source_file"":""Stockroom \u00b7 Instinct Stockroom.csv"",""source_rows"":""3139"",""classification"":""heuristic""}"
product,Microchip ResQ,Microchip ResQ,evh-products,true,3,0.70,"{""source_system"":""stockroom"",""source_file"":""Stockroom \u00b7 Instinct Stockroom.csv"",""source_rows"":""3139"",""classification"":""heuristic""}"
product,Microscope bulb 6v - 20 W,Microscope bulb 6v - 20 W,evh-products,true,3,0.70,"{""source_system"":""stockroom"",""source_file"":""Stockroom \u00b7 Instinct Stockroom.csv"",""source_rows"":""3139"",""classification"":""heuristic""}"
product,Microscope Coverslips,Microscope Coverslips,evh-products,true,3,0.70,"{""source_system"":""stockroom"",""source_file"":""Stockroom \u00b7 Instinct Stockroom.csv"",""source_rows"":""3139"",""classification"":""heuristic""}"
product,"Microsurgical Beaver Blade Handle 4""","Microsurgical Beaver Blade Handle 4""",evh-products,true,3,0.70,"{""source_system"":""stockroom"",""source_file"":""Stockroom \u00b7 Instinct Stockroom.csv"",""source_rows"":""3139"",""classification"":""heuristic""}"
product,Midmark Poly-Fill Tube (per inch),Midmark Poly-Fill Tube (per inch),evh-products,true,3,0.70,"{""source_system"":""stockroom"",""source_file"":""Stockroom \u00b7 Instinct Stockroom.csv"",""source_rows"":""3139"",""classification"":""heuristic""}"
product,Midmark Quick Fitting 1/4,Midmark Quick Fitting 1/4,evh-products,true,3,0.70,"{""source_system"":""stockroom"",""source_file"":""Stockroom \u00b7 Instinct Stockroom.csv"",""source_rows"":""3139"",""classification"":""heuristic""}"
product,Midmark Solenoid,Midmark Solenoid,evh-products,true,3,0.70,"{""source_system"":""stockroom"",""source_file"":""Stockroom \u00b7 Instinct Stockroom.csv"",""source_rows"":""3139"",""classification"":""heuristic""}"
product,"MILA 14Fr 30"" Esophagostomy Feeding Tube","MILA 14Fr 30"" Esophagostomy Feeding Tube",evh-products,true,3,0.70,"{""source_system"":""stockroom"",""source_file"":""Stockroom \u00b7 Instinct Stockroom.csv"",""source_rows"":""3139"",""classification"":""heuristic""}"
product,Millers Forge Dog Nail Clipper (Large),Millers Forge Dog Nail Clipper (Large),evh-products,true,3,0.70,"{""source_system"":""stockroom"",""source_file"":""Stockroom \u00b7 Instinct Stockroom.csv"",""source_rows"":""3139"",""classification"":""heuristic""}"
product,Miltex Instrument Cleaner and Lube Gallon,Miltex Instrument Cleaner and Lube Gallon,evh-products,true,3,0.70,"{""source_system"":""stockroom"",""source_file"":""Stockroom \u00b7 Instinct Stockroom.csv"",""source_rows"":""3139"",""classification"":""heuristic""}"
product,Miltex Winged Elevator 3mm,Miltex Winged Elevator 3mm,evh-products,true,3,0.70,"{""source_system"":""stockroom"",""source_file"":""Stockroom \u00b7 Instinct Stockroom.csv"",""source_rows"":""3139"",""classification"":""heuristic""}"
product,Mineral Oil (gallon),Mineral Oil (gallon),evh-products,true,3,0.70,"{""source_system"":""stockroom"",""source_file"":""Stockroom \u00b7 Instinct Stockroom.csv"",""source_rows"":""3139"",""classification"":""heuristic""}"
product,Modified Glasgow Coma Scale (/18),Modified Glasgow Coma Scale (/18),evh-products,true,3,0.70,"{""source_system"":""stockroom"",""source_file"":""Stockroom \u00b7 Instinct Stockroom.csv"",""source_rows"":""3139"",""classification"":""heuristic""}"
product,Modified Glasgow Composite Measure Pain Score (Canine) (/24),Modified Glasgow Composite Measure Pain Score (Canine) (/24),evh-products,true,3,0.70,"{""source_system"":""stockroom"",""source_file"":""Stockroom \u00b7 Instinct Stockroom.csv"",""source_rows"":""3139"",""classification"":""heuristic""}"
product,Modified Glasgow Composite Measure Pain Score (Feline) (/20),Modified Glasgow Composite Measure Pain Score (Feline) (/20),evh-products,true,3,0.70,"{""source_system"":""stockroom"",""source_file"":""Stockroom \u00b7 Instinct Stockroom.csv"",""source_rows"":""3139"",""classification"":""heuristic""}"
product,Molt Periosteal Elevator,Molt Periosteal Elevator,evh-products,true,3,0.70,"{""source_system"":""stockroom"",""source_file"":""Stockroom \u00b7 Instinct Stockroom.csv"",""source_rows"":""3139"",""classification"":""heuristic""}"
product,Monitor for Any Reactions,Monitor for Any Reactions,evh-products,true,3,0.70,"{""source_system"":""stockroom"",""source_file"":""Stockroom \u00b7 Instinct Stockroom.csv"",""source_rows"":""3139"",""classification"":""heuristic""}"
product,Monitor Transfusion,Monitor Transfusion,evh-products,true,3,0.70,"{""source_system"":""stockroom"",""source_file"":""Stockroom \u00b7 Instinct Stockroom.csv"",""source_rows"":""3139"",""classification"":""heuristic""}"
product,Monocryl  3-O,Monocryl  3-O,evh-products,true,3,0.70,"{""source_system"":""stockroom"",""source_file"":""Stockroom \u00b7 Instinct Stockroom.csv"",""source_rows"":""3139"",""classification"":""heuristic""}"
product,Monocryl 2-O,Monocryl 2-O,evh-products,true,3,0.70,"{""source_system"":""stockroom"",""source_file"":""Stockroom \u00b7 Instinct Stockroom.csv"",""source_rows"":""3139"",""classification"":""heuristic""}"
product,Monofilament Mason Nylon Suture 80#,Monofilament Mason Nylon Suture 80#,evh-products,true,3,0.70,"{""source_system"":""stockroom"",""source_file"":""Stockroom \u00b7 Instinct Stockroom.csv"",""source_rows"":""3139"",""classification"":""heuristic""}"
product,Monofilament Nylon Suture 100#,Monofilament Nylon Suture 100#,evh-products,true,3,0.70,"{""source_system"":""stockroom"",""source_file"":""Stockroom \u00b7 Instinct Stockroom.csv"",""source_rows"":""3139"",""classification"":""heuristic""}"
product,"Monoweb Suture 4/0 36"" (FS-2)","Monoweb Suture 4/0 36"" (FS-2)",evh-products,true,3,0.70,"{""source_system"":""stockroom"",""source_file"":""Stockroom \u00b7 Instinct Stockroom.csv"",""source_rows"":""3139"",""classification"":""heuristic""}"
product,Mop Bucket,Mop Bucket,evh-products,true,3,0.70,"{""source_system"":""stockroom"",""source_file"":""Stockroom \u00b7 Instinct Stockroom.csv"",""source_rows"":""3139"",""classification"":""heuristic""}"
product,Mop Handle,Mop Handle,evh-products,true,3,0.70,"{""source_system"":""stockroom"",""source_file"":""Stockroom \u00b7 Instinct Stockroom.csv"",""source_rows"":""3139"",""classification"":""heuristic""}"
product,Mop head,Mop head,evh-products,true,3,0.70,"{""source_system"":""stockroom"",""source_file"":""Stockroom \u00b7 Instinct Stockroom.csv"",""source_rows"":""3139"",""classification"":""heuristic""}"
product,Move Patient to Ward,Move Patient to Ward,evh-products,true,3,0.70,"{""source_system"":""stockroom"",""source_file"":""Stockroom \u00b7 Instinct Stockroom.csv"",""source_rows"":""3139"",""classification"":""heuristic""}"
product,MPS Head Cover/Bonnett,MPS Head Cover/Bonnett,evh-products,true,3,0.70,"{""source_system"":""stockroom"",""source_file"":""Stockroom \u00b7 Instinct Stockroom.csv"",""source_rows"":""3139"",""classification"":""heuristic""}"
product,MSU - Lepto Micro. Agglutination Expand.,MSU - Lepto Micro. Agglutination Expand.,evh-products,true,3,0.70,"{""source_system"":""stockroom"",""source_file"":""Stockroom \u00b7 Instinct Stockroom.csv"",""source_rows"":""3139"",""classification"":""heuristic""}"
product,MSU 25-Hydroxyvitamin Dx,MSU 25-Hydroxyvitamin Dx,evh-products,true,3,0.70,"{""source_system"":""stockroom"",""source_file"":""Stockroom \u00b7 Instinct Stockroom.csv"",""source_rows"":""3139"",""classification"":""heuristic""}"
product,MSU Malignancy Profile,MSU Malignancy Profile,evh-products,true,3,0.70,"{""source_system"":""stockroom"",""source_file"":""Stockroom \u00b7 Instinct Stockroom.csv"",""source_rows"":""3139"",""classification"":""heuristic""}"
product,MSU MCT Prognostic Panel w/ Histopath,MSU MCT Prognostic Panel w/ Histopath,evh-products,true,3,0.70,"{""source_system"":""stockroom"",""source_file"":""Stockroom \u00b7 Instinct Stockroom.csv"",""source_rows"":""3139"",""classification"":""heuristic""}"
product,Mucous Membranes,Mucous Membranes,evh-products,true,3,0.70,"{""source_system"":""stockroom"",""source_file"":""Stockroom \u00b7 Instinct Stockroom.csv"",""source_rows"":""3139"",""classification"":""heuristic""}"
product,Muffler Filter Element Kit,Muffler Filter Element Kit,evh-products,true,3,0.70,"{""source_system"":""stockroom"",""source_file"":""Stockroom \u00b7 Instinct Stockroom.csv"",""source_rows"":""3139"",""classification"":""heuristic""}"
product,MultiDose Vial Adapter,MultiDose Vial Adapter,evh-products,true,3,0.70,"{""source_system"":""stockroom"",""source_file"":""Stockroom \u00b7 Instinct Stockroom.csv"",""source_rows"":""3139"",""classification"":""heuristic""}"
product,Muscle Condition Score (/4),Muscle Condition Score (/4),evh-products,true,3,0.70,"{""source_system"":""stockroom"",""source_file"":""Stockroom \u00b7 Instinct Stockroom.csv"",""source_rows"":""3139"",""classification"":""heuristic""}"
product,Muzzels - Nylon Set,Muzzels - Nylon Set,evh-products,true,3,0.70,"{""source_system"":""stockroom"",""source_file"":""Stockroom \u00b7 Instinct Stockroom.csv"",""source_rows"":""3139"",""classification"":""heuristic""}"
product,Muzzle Baskerville All Sizes,Muzzle Baskerville All Sizes,evh-products,true,3,0.70,"{""source_system"":""stockroom"",""source_file"":""Stockroom \u00b7 Instinct Stockroom.csv"",""source_rows"":""3139"",""classification"":""heuristic""}"
product,Muzzle Nylon small,Muzzle Nylon small,evh-products,true,3,0.70,"{""source_system"":""stockroom"",""source_file"":""Stockroom \u00b7 Instinct Stockroom.csv"",""source_rows"":""3139"",""classification"":""heuristic""}"
product,MVista Blastomyces Antigen Quan.,MVista Blastomyces Antigen Quan.,evh-products,true,3,0.70,"{""source_system"":""stockroom"",""source_file"":""Stockroom \u00b7 Instinct Stockroom.csv"",""source_rows"":""3139"",""classification"":""heuristic""}"
product,Mycodex Flea and Tick Shampoo 12oz,Mycodex Flea and Tick Shampoo 12oz,evh-products,true,3,0.70,"{""source_system"":""stockroom"",""source_file"":""Stockroom \u00b7 Instinct Stockroom.csv"",""source_rows"":""3139"",""classification"":""heuristic""}"
product,N.G. PLUS/N.G. COMBO 6ct $45 Instant Reb,N.G. PLUS/N.G. COMBO 6ct $45 Instant Reb,evh-products,true,3,0.70,"{""source_system"":""stockroom"",""source_file"":""Stockroom \u00b7 Instinct Stockroom.csv"",""source_rows"":""3139"",""classification"":""heuristic""}"
product,Nail Scissors Cat,Nail Scissors Cat,evh-products,true,3,0.70,"{""source_system"":""stockroom"",""source_file"":""Stockroom \u00b7 Instinct Stockroom.csv"",""source_rows"":""3139"",""classification"":""heuristic""}"
product,Nail Trimmers Regular,Nail Trimmers Regular,evh-products,true,3,0.70,"{""source_system"":""stockroom"",""source_file"":""Stockroom \u00b7 Instinct Stockroom.csv"",""source_rows"":""3139"",""classification"":""heuristic""}"
product,Nail Trimmers Sm.,Nail Trimmers Sm.,evh-products,true,3,0.70,"{""source_system"":""stockroom"",""source_file"":""Stockroom \u00b7 Instinct Stockroom.csv"",""source_rows"":""3139"",""classification"":""heuristic""}"
product,Nasal Flush,Nasal Flush,evh-products,true,3,0.70,"{""source_system"":""stockroom"",""source_file"":""Stockroom \u00b7 Instinct Stockroom.csv"",""source_rows"":""3139"",""classification"":""heuristic""}"
product,Nasal Fold Excision,Nasal Fold Excision,evh-products,true,3,0.70,"{""source_system"":""stockroom"",""source_file"":""Stockroom \u00b7 Instinct Stockroom.csv"",""source_rows"":""3139"",""classification"":""heuristic""}"
product,Nasolacrimal Flush,Nasolacrimal Flush,evh-products,true,3,0.70,"{""source_system"":""stockroom"",""source_file"":""Stockroom \u00b7 Instinct Stockroom.csv"",""source_rows"":""3139"",""classification"":""heuristic""}"
product,NCSU Bartonella PCR,NCSU Bartonella PCR,evh-products,true,3,0.70,"{""source_system"":""stockroom"",""source_file"":""Stockroom \u00b7 Instinct Stockroom.csv"",""source_rows"":""3139"",""classification"":""heuristic""}"
product,NCSU Boxer ARVC1 & ARVC2 Combo Gen. Test,NCSU Boxer ARVC1 & ARVC2 Combo Gen. Test,evh-products,true,3,0.70,"{""source_system"":""stockroom"",""source_file"":""Stockroom \u00b7 Instinct Stockroom.csv"",""source_rows"":""3139"",""classification"":""heuristic""}"
product,NCSU Canine Bartonella Serology,NCSU Canine Bartonella Serology,evh-products,true,3,0.70,"{""source_system"":""stockroom"",""source_file"":""Stockroom \u00b7 Instinct Stockroom.csv"",""source_rows"":""3139"",""classification"":""heuristic""}"
product,NCSU Doberman DCM Genetic Test,NCSU Doberman DCM Genetic Test,evh-products,true,3,0.70,"{""source_system"":""stockroom"",""source_file"":""Stockroom \u00b7 Instinct Stockroom.csv"",""source_rows"":""3139"",""classification"":""heuristic""}"
product,NCSU Vector Borne Disease Comp Panel,NCSU Vector Borne Disease Comp Panel,evh-products,true,3,0.70,"{""source_system"":""stockroom"",""source_file"":""Stockroom \u00b7 Instinct Stockroom.csv"",""source_rows"":""3139"",""classification"":""heuristic""}"
product,Necropsy to BADDL in Kissimmee,Necropsy to BADDL in Kissimmee,evh-products,true,3,0.70,"{""source_system"":""stockroom"",""source_file"":""Stockroom \u00b7 Instinct Stockroom.csv"",""source_rows"":""3139"",""classification"":""heuristic""}"
product,Needle 18gx1 100,Needle 18gx1 100,evh-products,true,3,0.70,"{""source_system"":""stockroom"",""source_file"":""Stockroom \u00b7 Instinct Stockroom.csv"",""source_rows"":""3139"",""classification"":""heuristic""}"
product,Needle 20gx1 100 terumo,Needle 20gx1 100 terumo,evh-products,true,3,0.70,"{""source_system"":""stockroom"",""source_file"":""Stockroom \u00b7 Instinct Stockroom.csv"",""source_rows"":""3139"",""classification"":""heuristic""}"
product,Needle 22gx1.5 100 Terumo,Needle 22gx1.5 100 Terumo,evh-products,true,3,0.70,"{""source_system"":""stockroom"",""source_file"":""Stockroom \u00b7 Instinct Stockroom.csv"",""source_rows"":""3139"",""classification"":""heuristic""}"
product,Needle 22gx3/4 100 terumo,Needle 22gx3/4 100 terumo,evh-products,true,3,0.70,"{""source_system"":""stockroom"",""source_file"":""Stockroom \u00b7 Instinct Stockroom.csv"",""source_rows"":""3139"",""classification"":""heuristic""}"
product,Needle 25 g x 5/8 100 terumo,Needle 25 g x 5/8 100 terumo,evh-products,true,3,0.70,"{""source_system"":""stockroom"",""source_file"":""Stockroom \u00b7 Instinct Stockroom.csv"",""source_rows"":""3139"",""classification"":""heuristic""}"
product,Nephrectomy,Nephrectomy,evh-products,true,3,0.70,"{""source_system"":""stockroom"",""source_file"":""Stockroom \u00b7 Instinct Stockroom.csv"",""source_rows"":""3139"",""classification"":""heuristic""}"
product,Neutral Q Gallon,Neutral Q Gallon,evh-products,true,3,0.70,"{""source_system"":""stockroom"",""source_file"":""Stockroom \u00b7 Instinct Stockroom.csv"",""source_rows"":""3139"",""classification"":""heuristic""}"
product,Nexgard Combo for Cats 1.8-5.5 # SAMPLE,Nexgard Combo for Cats 1.8-5.5 # SAMPLE,evh-products,true,3,0.70,"{""source_system"":""stockroom"",""source_file"":""Stockroom \u00b7 Instinct Stockroom.csv"",""source_rows"":""3139"",""classification"":""heuristic""}"
product,Nexgard Combo for Cats 5.6-16.5 # SAMPLE,Nexgard Combo for Cats 5.6-16.5 # SAMPLE,evh-products,true,3,0.70,"{""source_system"":""stockroom"",""source_file"":""Stockroom \u00b7 Instinct Stockroom.csv"",""source_rows"":""3139"",""classification"":""heuristic""}"
product,Nexgard Flea/Tick Chew 10-24 # SAMPLE,Nexgard Flea/Tick Chew 10-24 # SAMPLE,evh-products,true,3,0.70,"{""source_system"":""stockroom"",""source_file"":""Stockroom \u00b7 Instinct Stockroom.csv"",""source_rows"":""3139"",""classification"":""heuristic""}"
product,Nexgard Flea/Tick Chew 24-60 # SAMPLE,Nexgard Flea/Tick Chew 24-60 # SAMPLE,evh-products,true,3,0.70,"{""source_system"":""stockroom"",""source_file"":""Stockroom \u00b7 Instinct Stockroom.csv"",""source_rows"":""3139"",""classification"":""heuristic""}"
product,Nexgard Flea/Tick Chew 4-10 # SAMPLE,Nexgard Flea/Tick Chew 4-10 # SAMPLE,evh-products,true,3,0.70,"{""source_system"":""stockroom"",""source_file"":""Stockroom \u00b7 Instinct Stockroom.csv"",""source_rows"":""3139"",""classification"":""heuristic""}"
product,Nexgard Flea/Tick Chew 60-120 # SAMPLE,Nexgard Flea/Tick Chew 60-120 # SAMPLE,evh-products,true,3,0.70,"{""source_system"":""stockroom"",""source_file"":""Stockroom \u00b7 Instinct Stockroom.csv"",""source_rows"":""3139"",""classification"":""heuristic""}"
product,Nexgard Plus for Dogs 17.1-33# SAMPLE,Nexgard Plus for Dogs 17.1-33# SAMPLE,evh-products,true,3,0.70,"{""source_system"":""stockroom"",""source_file"":""Stockroom \u00b7 Instinct Stockroom.csv"",""source_rows"":""3139"",""classification"":""heuristic""}"
product,Nexgard Plus for Dogs 33.1-66# SAMPLE,Nexgard Plus for Dogs 33.1-66# SAMPLE,evh-products,true,3,0.70,"{""source_system"":""stockroom"",""source_file"":""Stockroom \u00b7 Instinct Stockroom.csv"",""source_rows"":""3139"",""classification"":""heuristic""}"
product,Nexgard Plus for Dogs 4-8 # SAMPLE,Nexgard Plus for Dogs 4-8 # SAMPLE,evh-products,true,3,0.70,"{""source_system"":""stockroom"",""source_file"":""Stockroom \u00b7 Instinct Stockroom.csv"",""source_rows"":""3139"",""classification"":""heuristic""}"
product,Nexgard Plus for Dogs 66.1-132# SAMPLE,Nexgard Plus for Dogs 66.1-132# SAMPLE,evh-products,true,3,0.70,"{""source_system"":""stockroom"",""source_file"":""Stockroom \u00b7 Instinct Stockroom.csv"",""source_rows"":""3139"",""classification"":""heuristic""}"
product,Nexgard Plus for Dogs 8.1-17# SAMPLE,Nexgard Plus for Dogs 8.1-17# SAMPLE,evh-products,true,3,0.70,"{""source_system"":""stockroom"",""source_file"":""Stockroom \u00b7 Instinct Stockroom.csv"",""source_rows"":""3139"",""classification"":""heuristic""}"
product,NG Plus 6+6 NG Combo $55 Instant Rebate,NG Plus 6+6 NG Combo $55 Instant Rebate,evh-products,true,3,0.70,"{""source_system"":""stockroom"",""source_file"":""Stockroom \u00b7 Instinct Stockroom.csv"",""source_rows"":""3139"",""classification"":""heuristic""}"
product,NG Tube - Aspirate (mLs),NG Tube - Aspirate (mLs),evh-products,true,3,0.70,"{""source_system"":""stockroom"",""source_file"":""Stockroom \u00b7 Instinct Stockroom.csv"",""source_rows"":""3139"",""classification"":""heuristic""}"
product,Non Rebreathing Adapter V7128,Non Rebreathing Adapter V7128,evh-products,true,3,0.70,"{""source_system"":""stockroom"",""source_file"":""Stockroom \u00b7 Instinct Stockroom.csv"",""source_rows"":""3139"",""classification"":""heuristic""}"
product,Non Rebreathing System,Non Rebreathing System,evh-products,true,3,0.70,"{""source_system"":""stockroom"",""source_file"":""Stockroom \u00b7 Instinct Stockroom.csv"",""source_rows"":""3139"",""classification"":""heuristic""}"
product,Normosol-R 1 Liter,Normosol-R 1 Liter,evh-products,true,3,0.70,"{""source_system"":""stockroom"",""source_file"":""Stockroom \u00b7 Instinct Stockroom.csv"",""source_rows"":""3139"",""classification"":""heuristic""}"
product,Nosorb 5 lb,Nosorb 5 lb,evh-products,true,3,0.70,"{""source_system"":""stockroom"",""source_file"":""Stockroom \u00b7 Instinct Stockroom.csv"",""source_rows"":""3139"",""classification"":""heuristic""}"
product,Note / Measure Discharge,Note / Measure Discharge,evh-products,true,3,0.70,"{""source_system"":""stockroom"",""source_file"":""Stockroom \u00b7 Instinct Stockroom.csv"",""source_rows"":""3139"",""classification"":""heuristic""}"
product,Note any Syncope,Note any Syncope,evh-products,true,3,0.70,"{""source_system"":""stockroom"",""source_file"":""Stockroom \u00b7 Instinct Stockroom.csv"",""source_rows"":""3139"",""classification"":""heuristic""}"
product,Note Casts,Note Casts,evh-products,true,3,0.70,"{""source_system"":""stockroom"",""source_file"":""Stockroom \u00b7 Instinct Stockroom.csv"",""source_rows"":""3139"",""classification"":""heuristic""}"
product,Note Coughing / Sneezing,Note Coughing / Sneezing,evh-products,true,3,0.70,"{""source_system"":""stockroom"",""source_file"":""Stockroom \u00b7 Instinct Stockroom.csv"",""source_rows"":""3139"",""classification"":""heuristic""}"
product,Note Defecation,Note Defecation,evh-products,true,3,0.70,"{""source_system"":""stockroom"",""source_file"":""Stockroom \u00b7 Instinct Stockroom.csv"",""source_rows"":""3139"",""classification"":""heuristic""}"
product,Note Epistaxis or Oral Bleeding,Note Epistaxis or Oral Bleeding,evh-products,true,3,0.70,"{""source_system"":""stockroom"",""source_file"":""Stockroom \u00b7 Instinct Stockroom.csv"",""source_rows"":""3139"",""classification"":""heuristic""}"
product,"Note Excessive Licking, Chewing, Scratching","Note Excessive Licking, Chewing, Scratching",evh-products,true,3,0.70,"{""source_system"":""stockroom"",""source_file"":""Stockroom \u00b7 Instinct Stockroom.csv"",""source_rows"":""3139"",""classification"":""heuristic""}"
product,"Note Gait, Limping","Note Gait, Limping",evh-products,true,3,0.70,"{""source_system"":""stockroom"",""source_file"":""Stockroom \u00b7 Instinct Stockroom.csv"",""source_rows"":""3139"",""classification"":""heuristic""}"
product,Note Mentation/Attitude,Note Mentation/Attitude,evh-products,true,3,0.70,"{""source_system"":""stockroom"",""source_file"":""Stockroom \u00b7 Instinct Stockroom.csv"",""source_rows"":""3139"",""classification"":""heuristic""}"
product,Note Petechiae / Ecchymoses / Bruising,Note Petechiae / Ecchymoses / Bruising,evh-products,true,3,0.70,"{""source_system"":""stockroom"",""source_file"":""Stockroom \u00b7 Instinct Stockroom.csv"",""source_rows"":""3139"",""classification"":""heuristic""}"
product,Note Quality of Discharge / Fluid,Note Quality of Discharge / Fluid,evh-products,true,3,0.70,"{""source_system"":""stockroom"",""source_file"":""Stockroom \u00b7 Instinct Stockroom.csv"",""source_rows"":""3139"",""classification"":""heuristic""}"
product,Note Seizures,Note Seizures,evh-products,true,3,0.70,"{""source_system"":""stockroom"",""source_file"":""Stockroom \u00b7 Instinct Stockroom.csv"",""source_rows"":""3139"",""classification"":""heuristic""}"
product,Note Swelling / Edema,Note Swelling / Edema,evh-products,true,3,0.70,"{""source_system"":""stockroom"",""source_file"":""Stockroom \u00b7 Instinct Stockroom.csv"",""source_rows"":""3139"",""classification"":""heuristic""}"
product,Note Urination / Straining,Note Urination / Straining,evh-products,true,3,0.70,"{""source_system"":""stockroom"",""source_file"":""Stockroom \u00b7 Instinct Stockroom.csv"",""source_rows"":""3139"",""classification"":""heuristic""}"
product,Note Vomiting/Regurgitation,Note Vomiting/Regurgitation,evh-products,true,3,0.70,"{""source_system"":""stockroom"",""source_file"":""Stockroom \u00b7 Instinct Stockroom.csv"",""source_rows"":""3139"",""classification"":""heuristic""}"
product,Notify Doctor to Assess Hydration/IVF Order,Notify Doctor to Assess Hydration/IVF Order,evh-products,true,3,0.70,"{""source_system"":""stockroom"",""source_file"":""Stockroom \u00b7 Instinct Stockroom.csv"",""source_rows"":""3139"",""classification"":""heuristic""}"
product,NPO,NPO,evh-products,true,3,0.70,"{""source_system"":""stockroom"",""source_file"":""Stockroom \u00b7 Instinct Stockroom.csv"",""source_rows"":""3139"",""classification"":""heuristic""}"
product,NPO (water allowed),NPO (water allowed),evh-products,true,3,0.70,"{""source_system"":""stockroom"",""source_file"":""Stockroom \u00b7 Instinct Stockroom.csv"",""source_rows"":""3139"",""classification"":""heuristic""}"
product,Nutro Max Adult Chicken & Rice 15# bag,Nutro Max Adult Chicken & Rice 15# bag,evh-products,true,3,0.70,"{""source_system"":""stockroom"",""source_file"":""Stockroom \u00b7 Instinct Stockroom.csv"",""source_rows"":""3139"",""classification"":""heuristic""}"
product,Nutro Max Feline Chic/Lamb 16# bag,Nutro Max Feline Chic/Lamb 16# bag,evh-products,true,3,0.70,"{""source_system"":""stockroom"",""source_file"":""Stockroom \u00b7 Instinct Stockroom.csv"",""source_rows"":""3139"",""classification"":""heuristic""}"
product,Nutro Max Puppy Chic/Rice 15# bag,Nutro Max Puppy Chic/Rice 15# bag,evh-products,true,3,0.70,"{""source_system"":""stockroom"",""source_file"":""Stockroom \u00b7 Instinct Stockroom.csv"",""source_rows"":""3139"",""classification"":""heuristic""}"
product,O-Ring Vitron 2pk,O-Ring Vitron 2pk,evh-products,true,3,0.70,"{""source_system"":""stockroom"",""source_file"":""Stockroom \u00b7 Instinct Stockroom.csv"",""source_rows"":""3139"",""classification"":""heuristic""}"
product,Oasis Corneal Shield 72hr Contact,Oasis Corneal Shield 72hr Contact,evh-products,true,3,0.70,"{""source_system"":""stockroom"",""source_file"":""Stockroom \u00b7 Instinct Stockroom.csv"",""source_rows"":""3139"",""classification"":""heuristic""}"
product,OB Lube Concentrate Gallon,OB Lube Concentrate Gallon,evh-products,true,3,0.70,"{""source_system"":""stockroom"",""source_file"":""Stockroom \u00b7 Instinct Stockroom.csv"",""source_rows"":""3139"",""classification"":""heuristic""}"
product,Obstetrical Assistance,Obstetrical Assistance,evh-products,true,3,0.70,"{""source_system"":""stockroom"",""source_file"":""Stockroom \u00b7 Instinct Stockroom.csv"",""source_rows"":""3139"",""classification"":""heuristic""}"
product,OFA Fee,OFA Fee,evh-products,true,3,0.70,"{""source_system"":""stockroom"",""source_file"":""Stockroom \u00b7 Instinct Stockroom.csv"",""source_rows"":""3139"",""classification"":""heuristic""}"
product,"Olsen-Hegar Needle Holder 7.5""","Olsen-Hegar Needle Holder 7.5""",evh-products,true,3,0.70,"{""source_system"":""stockroom"",""source_file"":""Stockroom \u00b7 Instinct Stockroom.csv"",""source_rows"":""3139"",""classification"":""heuristic""}"
product,Olympic Clean Catch Holder Handle,Olympic Clean Catch Holder Handle,evh-products,true,3,0.70,"{""source_system"":""stockroom"",""source_file"":""Stockroom \u00b7 Instinct Stockroom.csv"",""source_rows"":""3139"",""classification"":""heuristic""}"
product,Open Door/Turn Off/ Unplug Autoclave,Open Door/Turn Off/ Unplug Autoclave,evh-products,true,3,0.70,"{""source_system"":""stockroom"",""source_file"":""Stockroom \u00b7 Instinct Stockroom.csv"",""source_rows"":""3139"",""classification"":""heuristic""}"
product,Operating Room Fee,Operating Room Fee,evh-products,true,3,0.70,"{""source_system"":""stockroom"",""source_file"":""Stockroom \u00b7 Instinct Stockroom.csv"",""source_rows"":""3139"",""classification"":""heuristic""}"
product,Oral Care,Oral Care,evh-products,true,3,0.70,"{""source_system"":""stockroom"",""source_file"":""Stockroom \u00b7 Instinct Stockroom.csv"",""source_rows"":""3139"",""classification"":""heuristic""}"
product,Oral Chemo,Oral Chemo,evh-products,true,3,0.70,"{""source_system"":""stockroom"",""source_file"":""Stockroom \u00b7 Instinct Stockroom.csv"",""source_rows"":""3139"",""classification"":""heuristic""}"
product,Oral Dosing Syringe 10ml/cc,Oral Dosing Syringe 10ml/cc,evh-products,true,3,0.70,"{""source_system"":""stockroom"",""source_file"":""Stockroom \u00b7 Instinct Stockroom.csv"",""source_rows"":""3139"",""classification"":""heuristic""}"
product,Oral Dosing Syringe 1ml/cc,Oral Dosing Syringe 1ml/cc,evh-products,true,3,0.70,"{""source_system"":""stockroom"",""source_file"":""Stockroom \u00b7 Instinct Stockroom.csv"",""source_rows"":""3139"",""classification"":""heuristic""}"
product,Oral Dosing Syringe 3ml/cc,Oral Dosing Syringe 3ml/cc,evh-products,true,3,0.70,"{""source_system"":""stockroom"",""source_file"":""Stockroom \u00b7 Instinct Stockroom.csv"",""source_rows"":""3139"",""classification"":""heuristic""}"
product,Orapac Bottle W Adapt 0.5oz,Orapac Bottle W Adapt 0.5oz,evh-products,true,3,0.70,"{""source_system"":""stockroom"",""source_file"":""Stockroom \u00b7 Instinct Stockroom.csv"",""source_rows"":""3139"",""classification"":""heuristic""}"
product,Orapac Bottle w Adapt 1oz,Orapac Bottle w Adapt 1oz,evh-products,true,3,0.70,"{""source_system"":""stockroom"",""source_file"":""Stockroom \u00b7 Instinct Stockroom.csv"",""source_rows"":""3139"",""classification"":""heuristic""}"
product,Orapac Bottle w Adapt 2oz,Orapac Bottle w Adapt 2oz,evh-products,true,3,0.70,"{""source_system"":""stockroom"",""source_file"":""Stockroom \u00b7 Instinct Stockroom.csv"",""source_rows"":""3139"",""classification"":""heuristic""}"
product,Orapac Bottle w Adapt 4oz,Orapac Bottle w Adapt 4oz,evh-products,true,3,0.70,"{""source_system"":""stockroom"",""source_file"":""Stockroom \u00b7 Instinct Stockroom.csv"",""source_rows"":""3139"",""classification"":""heuristic""}"
product,Orapac Bottle w Adapt 8oz,Orapac Bottle w Adapt 8oz,evh-products,true,3,0.70,"{""source_system"":""stockroom"",""source_file"":""Stockroom \u00b7 Instinct Stockroom.csv"",""source_rows"":""3139"",""classification"":""heuristic""}"
product,OraVet 30ct LG $5 Instant Rebate,OraVet 30ct LG $5 Instant Rebate,evh-products,true,3,0.70,"{""source_system"":""stockroom"",""source_file"":""Stockroom \u00b7 Instinct Stockroom.csv"",""source_rows"":""3139"",""classification"":""heuristic""}"
product,OraVet 30ct MED $4 Instant Rebate,OraVet 30ct MED $4 Instant Rebate,evh-products,true,3,0.70,"{""source_system"":""stockroom"",""source_file"":""Stockroom \u00b7 Instinct Stockroom.csv"",""source_rows"":""3139"",""classification"":""heuristic""}"
product,OraVet 30ct XS/S $3 Instant Rebate,OraVet 30ct XS/S $3 Instant Rebate,evh-products,true,3,0.70,"{""source_system"":""stockroom"",""source_file"":""Stockroom \u00b7 Instinct Stockroom.csv"",""source_rows"":""3139"",""classification"":""heuristic""}"
product,Oravet Chew Medium 25-50# (14ct Bag),Oravet Chew Medium 25-50# (14ct Bag),evh-products,true,3,0.70,"{""source_system"":""stockroom"",""source_file"":""Stockroom \u00b7 Instinct Stockroom.csv"",""source_rows"":""3139"",""classification"":""heuristic""}"
product,Oravet Chew Medium 25-50# Free 14ct Bag,Oravet Chew Medium 25-50# Free 14ct Bag,evh-products,true,3,0.70,"{""source_system"":""stockroom"",""source_file"":""Stockroom \u00b7 Instinct Stockroom.csv"",""source_rows"":""3139"",""classification"":""heuristic""}"
product,Oravet Chew Small 10-24# (14ct Bag),Oravet Chew Small 10-24# (14ct Bag),evh-products,true,3,0.70,"{""source_system"":""stockroom"",""source_file"":""Stockroom \u00b7 Instinct Stockroom.csv"",""source_rows"":""3139"",""classification"":""heuristic""}"
product,Oravet Chew Small 10-24# Free 14ct Bag,Oravet Chew Small 10-24# Free 14ct Bag,evh-products,true,3,0.70,"{""source_system"":""stockroom"",""source_file"":""Stockroom \u00b7 Instinct Stockroom.csv"",""source_rows"":""3139"",""classification"":""heuristic""}"
product,Orchard Grass Hay 9 LB Bag,Orchard Grass Hay 9 LB Bag,evh-products,true,3,0.70,"{""source_system"":""stockroom"",""source_file"":""Stockroom \u00b7 Instinct Stockroom.csv"",""source_rows"":""3139"",""classification"":""heuristic""}"
product,Orivet Cerebellar Ataxia Amer. Staff Mix,Orivet Cerebellar Ataxia Amer. Staff Mix,evh-products,true,3,0.70,"{""source_system"":""stockroom"",""source_file"":""Stockroom \u00b7 Instinct Stockroom.csv"",""source_rows"":""3139"",""classification"":""heuristic""}"
product,Orogastric Tube Feeding,Orogastric Tube Feeding,evh-products,true,3,0.70,"{""source_system"":""stockroom"",""source_file"":""Stockroom \u00b7 Instinct Stockroom.csv"",""source_rows"":""3139"",""classification"":""heuristic""}"
product,Oronasal Fistula Repair,Oronasal Fistula Repair,evh-products,true,3,0.70,"{""source_system"":""stockroom"",""source_file"":""Stockroom \u00b7 Instinct Stockroom.csv"",""source_rows"":""3139"",""classification"":""heuristic""}"
product,Other - Administer Feeding Tube Medication 1,Other - Administer Feeding Tube Medication 1,evh-products,true,3,0.70,"{""source_system"":""stockroom"",""source_file"":""Stockroom \u00b7 Instinct Stockroom.csv"",""source_rows"":""3139"",""classification"":""heuristic""}"
product,Other - Administer Feeding Tube Medication 10,Other - Administer Feeding Tube Medication 10,evh-products,true,3,0.70,"{""source_system"":""stockroom"",""source_file"":""Stockroom \u00b7 Instinct Stockroom.csv"",""source_rows"":""3139"",""classification"":""heuristic""}"
product,Other - Administer Feeding Tube Medication 2,Other - Administer Feeding Tube Medication 2,evh-products,true,3,0.70,"{""source_system"":""stockroom"",""source_file"":""Stockroom \u00b7 Instinct Stockroom.csv"",""source_rows"":""3139"",""classification"":""heuristic""}"
product,Other - Administer Feeding Tube Medication 3,Other - Administer Feeding Tube Medication 3,evh-products,true,3,0.70,"{""source_system"":""stockroom"",""source_file"":""Stockroom \u00b7 Instinct Stockroom.csv"",""source_rows"":""3139"",""classification"":""heuristic""}"
product,Other - Administer Feeding Tube Medication 4,Other - Administer Feeding Tube Medication 4,evh-products,true,3,0.70,"{""source_system"":""stockroom"",""source_file"":""Stockroom \u00b7 Instinct Stockroom.csv"",""source_rows"":""3139"",""classification"":""heuristic""}"
product,Other - Administer Feeding Tube Medication 5,Other - Administer Feeding Tube Medication 5,evh-products,true,3,0.70,"{""source_system"":""stockroom"",""source_file"":""Stockroom \u00b7 Instinct Stockroom.csv"",""source_rows"":""3139"",""classification"":""heuristic""}"
product,Other - Administer Feeding Tube Medication 6,Other - Administer Feeding Tube Medication 6,evh-products,true,3,0.70,"{""source_system"":""stockroom"",""source_file"":""Stockroom \u00b7 Instinct Stockroom.csv"",""source_rows"":""3139"",""classification"":""heuristic""}"
product,Other - Administer Feeding Tube Medication 7,Other - Administer Feeding Tube Medication 7,evh-products,true,3,0.70,"{""source_system"":""stockroom"",""source_file"":""Stockroom \u00b7 Instinct Stockroom.csv"",""source_rows"":""3139"",""classification"":""heuristic""}"
product,Other - Administer Feeding Tube Medication 8,Other - Administer Feeding Tube Medication 8,evh-products,true,3,0.70,"{""source_system"":""stockroom"",""source_file"":""Stockroom \u00b7 Instinct Stockroom.csv"",""source_rows"":""3139"",""classification"":""heuristic""}"
product,Other - Administer Feeding Tube Medication 9,Other - Administer Feeding Tube Medication 9,evh-products,true,3,0.70,"{""source_system"":""stockroom"",""source_file"":""Stockroom \u00b7 Instinct Stockroom.csv"",""source_rows"":""3139"",""classification"":""heuristic""}"
product,Other - Administer Injectable Medication 1,Other - Administer Injectable Medication 1,evh-products,true,3,0.70,"{""source_system"":""stockroom"",""source_file"":""Stockroom \u00b7 Instinct Stockroom.csv"",""source_rows"":""3139"",""classification"":""heuristic""}"
product,Other - Administer Injectable Medication 10,Other - Administer Injectable Medication 10,evh-products,true,3,0.70,"{""source_system"":""stockroom"",""source_file"":""Stockroom \u00b7 Instinct Stockroom.csv"",""source_rows"":""3139"",""classification"":""heuristic""}"
product,Other - Administer Injectable Medication 2,Other - Administer Injectable Medication 2,evh-products,true,3,0.70,"{""source_system"":""stockroom"",""source_file"":""Stockroom \u00b7 Instinct Stockroom.csv"",""source_rows"":""3139"",""classification"":""heuristic""}"
product,Other - Administer Injectable Medication 3,Other - Administer Injectable Medication 3,evh-products,true,3,0.70,"{""source_system"":""stockroom"",""source_file"":""Stockroom \u00b7 Instinct Stockroom.csv"",""source_rows"":""3139"",""classification"":""heuristic""}"
product,Other - Administer Injectable Medication 4,Other - Administer Injectable Medication 4,evh-products,true,3,0.70,"{""source_system"":""stockroom"",""source_file"":""Stockroom \u00b7 Instinct Stockroom.csv"",""source_rows"":""3139"",""classification"":""heuristic""}"
product,Other - Administer Injectable Medication 5,Other - Administer Injectable Medication 5,evh-products,true,3,0.70,"{""source_system"":""stockroom"",""source_file"":""Stockroom \u00b7 Instinct Stockroom.csv"",""source_rows"":""3139"",""classification"":""heuristic""}"
product,Other - Administer Injectable Medication 6,Other - Administer Injectable Medication 6,evh-products,true,3,0.70,"{""source_system"":""stockroom"",""source_file"":""Stockroom \u00b7 Instinct Stockroom.csv"",""source_rows"":""3139"",""classification"":""heuristic""}"
product,Other - Administer Injectable Medication 7,Other - Administer Injectable Medication 7,evh-products,true,3,0.70,"{""source_system"":""stockroom"",""source_file"":""Stockroom \u00b7 Instinct Stockroom.csv"",""source_rows"":""3139"",""classification"":""heuristic""}"
product,Other - Administer Injectable Medication 8,Other - Administer Injectable Medication 8,evh-products,true,3,0.70,"{""source_system"":""stockroom"",""source_file"":""Stockroom \u00b7 Instinct Stockroom.csv"",""source_rows"":""3139"",""classification"":""heuristic""}"
product,Other - Administer Injectable Medication 9,Other - Administer Injectable Medication 9,evh-products,true,3,0.70,"{""source_system"":""stockroom"",""source_file"":""Stockroom \u00b7 Instinct Stockroom.csv"",""source_rows"":""3139"",""classification"":""heuristic""}"
product,Other - Administer Oral Medication 1,Other - Administer Oral Medication 1,evh-products,true,3,0.70,"{""source_system"":""stockroom"",""source_file"":""Stockroom \u00b7 Instinct Stockroom.csv"",""source_rows"":""3139"",""classification"":""heuristic""}"
product,Other - Administer Oral Medication 10,Other - Administer Oral Medication 10,evh-products,true,3,0.70,"{""source_system"":""stockroom"",""source_file"":""Stockroom \u00b7 Instinct Stockroom.csv"",""source_rows"":""3139"",""classification"":""heuristic""}"
product,Other - Administer Oral Medication 2,Other - Administer Oral Medication 2,evh-products,true,3,0.70,"{""source_system"":""stockroom"",""source_file"":""Stockroom \u00b7 Instinct Stockroom.csv"",""source_rows"":""3139"",""classification"":""heuristic""}"
product,Other - Administer Oral Medication 3,Other - Administer Oral Medication 3,evh-products,true,3,0.70,"{""source_system"":""stockroom"",""source_file"":""Stockroom \u00b7 Instinct Stockroom.csv"",""source_rows"":""3139"",""classification"":""heuristic""}"
product,Other - Administer Oral Medication 4,Other - Administer Oral Medication 4,evh-products,true,3,0.70,"{""source_system"":""stockroom"",""source_file"":""Stockroom \u00b7 Instinct Stockroom.csv"",""source_rows"":""3139"",""classification"":""heuristic""}"
product,Other - Administer Oral Medication 5,Other - Administer Oral Medication 5,evh-products,true,3,0.70,"{""source_system"":""stockroom"",""source_file"":""Stockroom \u00b7 Instinct Stockroom.csv"",""source_rows"":""3139"",""classification"":""heuristic""}"
product,Other - Administer Oral Medication 6,Other - Administer Oral Medication 6,evh-products,true,3,0.70,"{""source_system"":""stockroom"",""source_file"":""Stockroom \u00b7 Instinct Stockroom.csv"",""source_rows"":""3139"",""classification"":""heuristic""}"
product,Other - Administer Oral Medication 7,Other - Administer Oral Medication 7,evh-products,true,3,0.70,"{""source_system"":""stockroom"",""source_file"":""Stockroom \u00b7 Instinct Stockroom.csv"",""source_rows"":""3139"",""classification"":""heuristic""}"
product,Other - Administer Oral Medication 8,Other - Administer Oral Medication 8,evh-products,true,3,0.70,"{""source_system"":""stockroom"",""source_file"":""Stockroom \u00b7 Instinct Stockroom.csv"",""source_rows"":""3139"",""classification"":""heuristic""}"
product,Other - Administer Oral Medication 9,Other - Administer Oral Medication 9,evh-products,true,3,0.70,"{""source_system"":""stockroom"",""source_file"":""Stockroom \u00b7 Instinct Stockroom.csv"",""source_rows"":""3139"",""classification"":""heuristic""}"
product,Other - Apply Topical Medication 1,Other - Apply Topical Medication 1,evh-products,true,3,0.70,"{""source_system"":""stockroom"",""source_file"":""Stockroom \u00b7 Instinct Stockroom.csv"",""source_rows"":""3139"",""classification"":""heuristic""}"
product,Other - Apply Topical Medication 10,Other - Apply Topical Medication 10,evh-products,true,3,0.70,"{""source_system"":""stockroom"",""source_file"":""Stockroom \u00b7 Instinct Stockroom.csv"",""source_rows"":""3139"",""classification"":""heuristic""}"
product,Other - Apply Topical Medication 2,Other - Apply Topical Medication 2,evh-products,true,3,0.70,"{""source_system"":""stockroom"",""source_file"":""Stockroom \u00b7 Instinct Stockroom.csv"",""source_rows"":""3139"",""classification"":""heuristic""}"
product,Other - Apply Topical Medication 3,Other - Apply Topical Medication 3,evh-products,true,3,0.70,"{""source_system"":""stockroom"",""source_file"":""Stockroom \u00b7 Instinct Stockroom.csv"",""source_rows"":""3139"",""classification"":""heuristic""}"
product,Other - Apply Topical Medication 4,Other - Apply Topical Medication 4,evh-products,true,3,0.70,"{""source_system"":""stockroom"",""source_file"":""Stockroom \u00b7 Instinct Stockroom.csv"",""source_rows"":""3139"",""classification"":""heuristic""}"
product,Other - Apply Topical Medication 5,Other - Apply Topical Medication 5,evh-products,true,3,0.70,"{""source_system"":""stockroom"",""source_file"":""Stockroom \u00b7 Instinct Stockroom.csv"",""source_rows"":""3139"",""classification"":""heuristic""}"
product,Other - Apply Topical Medication 6,Other - Apply Topical Medication 6,evh-products,true,3,0.70,"{""source_system"":""stockroom"",""source_file"":""Stockroom \u00b7 Instinct Stockroom.csv"",""source_rows"":""3139"",""classification"":""heuristic""}"
product,Other - Apply Topical Medication 7,Other - Apply Topical Medication 7,evh-products,true,3,0.70,"{""source_system"":""stockroom"",""source_file"":""Stockroom \u00b7 Instinct Stockroom.csv"",""source_rows"":""3139"",""classification"":""heuristic""}"
product,Other - Apply Topical Medication 8,Other - Apply Topical Medication 8,evh-products,true,3,0.70,"{""source_system"":""stockroom"",""source_file"":""Stockroom \u00b7 Instinct Stockroom.csv"",""source_rows"":""3139"",""classification"":""heuristic""}"
product,Other - Apply Topical Medication 9,Other - Apply Topical Medication 9,evh-products,true,3,0.70,"{""source_system"":""stockroom"",""source_file"":""Stockroom \u00b7 Instinct Stockroom.csv"",""source_rows"":""3139"",""classification"":""heuristic""}"
product,Otiscope Battery 3.5V Welch,Otiscope Battery 3.5V Welch,evh-products,true,3,0.70,"{""source_system"":""stockroom"",""source_file"":""Stockroom \u00b7 Instinct Stockroom.csv"",""source_rows"":""3139"",""classification"":""heuristic""}"
product,Otiscope handle,Otiscope handle,evh-products,true,3,0.70,"{""source_system"":""stockroom"",""source_file"":""Stockroom \u00b7 Instinct Stockroom.csv"",""source_rows"":""3139"",""classification"":""heuristic""}"
product,Otiscope Top Section 3.5v Welch Allen,Otiscope Top Section 3.5v Welch Allen,evh-products,true,3,0.70,"{""source_system"":""stockroom"",""source_file"":""Stockroom \u00b7 Instinct Stockroom.csv"",""source_rows"":""3139"",""classification"":""heuristic""}"
product,Otoscope Bulb 03100,Otoscope Bulb 03100,evh-products,true,3,0.70,"{""source_system"":""stockroom"",""source_file"":""Stockroom \u00b7 Instinct Stockroom.csv"",""source_rows"":""3139"",""classification"":""heuristic""}"
product,Otoscope Top,Otoscope Top,evh-products,true,3,0.70,"{""source_system"":""stockroom"",""source_file"":""Stockroom \u00b7 Instinct Stockroom.csv"",""source_rows"":""3139"",""classification"":""heuristic""}"
product,Otoscopes - Plug In/Clean Ear Cones & Brush Tube,Otoscopes - Plug In/Clean Ear Cones & Brush Tube,evh-products,true,3,0.70,"{""source_system"":""stockroom"",""source_file"":""Stockroom \u00b7 Instinct Stockroom.csv"",""source_rows"":""3139"",""classification"":""heuristic""}"
product,"Ova, Parasites & Giardia (IRL 2463)","Ova, Parasites & Giardia (IRL 2463)",evh-products,true,3,0.70,"{""source_system"":""stockroom"",""source_file"":""Stockroom \u00b7 Instinct Stockroom.csv"",""source_rows"":""3139"",""classification"":""heuristic""}"
product,Ovariohisterectomy/ Difficult,Ovariohisterectomy/ Difficult,evh-products,true,3,0.70,"{""source_system"":""stockroom"",""source_file"":""Stockroom \u00b7 Instinct Stockroom.csv"",""source_rows"":""3139"",""classification"":""heuristic""}"
product,Ovariohysterctomy - Rabbit,Ovariohysterctomy - Rabbit,evh-products,true,3,0.70,"{""source_system"":""stockroom"",""source_file"":""Stockroom \u00b7 Instinct Stockroom.csv"",""source_rows"":""3139"",""classification"":""heuristic""}"
product,Ovariohysterectomy - Feline (w/HS Cert),Ovariohysterectomy - Feline (w/HS Cert),evh-products,true,3,0.70,"{""source_system"":""stockroom"",""source_file"":""Stockroom \u00b7 Instinct Stockroom.csv"",""source_rows"":""3139"",""classification"":""heuristic""}"
product,Ovariohysterectomy- 0 To 50 Lb,Ovariohysterectomy- 0 To 50 Lb,evh-products,true,3,0.70,"{""source_system"":""stockroom"",""source_file"":""Stockroom \u00b7 Instinct Stockroom.csv"",""source_rows"":""3139"",""classification"":""heuristic""}"
product,Ovariohysterectomy- 51 To 100+lbs,Ovariohysterectomy- 51 To 100+lbs,evh-products,true,3,0.70,"{""source_system"":""stockroom"",""source_file"":""Stockroom \u00b7 Instinct Stockroom.csv"",""source_rows"":""3139"",""classification"":""heuristic""}"
product,Ovariohysterectomy- Slal,Ovariohysterectomy- Slal,evh-products,true,3,0.70,"{""source_system"":""stockroom"",""source_file"":""Stockroom \u00b7 Instinct Stockroom.csv"",""source_rows"":""3139"",""classification"":""heuristic""}"
product,Ovariohysterectomy-15 Lbs Or <,Ovariohysterectomy-15 Lbs Or <,evh-products,true,3,0.70,"{""source_system"":""stockroom"",""source_file"":""Stockroom \u00b7 Instinct Stockroom.csv"",""source_rows"":""3139"",""classification"":""heuristic""}"
product,Ovariohysterectomy-16 To 30 Lb,Ovariohysterectomy-16 To 30 Lb,evh-products,true,3,0.70,"{""source_system"":""stockroom"",""source_file"":""Stockroom \u00b7 Instinct Stockroom.csv"",""source_rows"":""3139"",""classification"":""heuristic""}"
product,Ovariohysterectomy-Feline,Ovariohysterectomy-Feline,evh-products,true,3,0.70,"{""source_system"":""stockroom"",""source_file"":""Stockroom \u00b7 Instinct Stockroom.csv"",""source_rows"":""3139"",""classification"":""heuristic""}"
product,Ovariohysterectomy-Foa,Ovariohysterectomy-Foa,evh-products,true,3,0.70,"{""source_system"":""stockroom"",""source_file"":""Stockroom \u00b7 Instinct Stockroom.csv"",""source_rows"":""3139"",""classification"":""heuristic""}"
product,Ovariohysterectomy-Heat/Preg +,Ovariohysterectomy-Heat/Preg +,evh-products,true,3,0.70,"{""source_system"":""stockroom"",""source_file"":""Stockroom \u00b7 Instinct Stockroom.csv"",""source_rows"":""3139"",""classification"":""heuristic""}"
product,Ovariohysterectomy-Hslc,Ovariohysterectomy-Hslc,evh-products,true,3,0.70,"{""source_system"":""stockroom"",""source_file"":""Stockroom \u00b7 Instinct Stockroom.csv"",""source_rows"":""3139"",""classification"":""heuristic""}"
product,Ovariohysterectomy-Lcas,Ovariohysterectomy-Lcas,evh-products,true,3,0.70,"{""source_system"":""stockroom"",""source_file"":""Stockroom \u00b7 Instinct Stockroom.csv"",""source_rows"":""3139"",""classification"":""heuristic""}"
product,Ovariohysterectomy-Pyometra,Ovariohysterectomy-Pyometra,evh-products,true,3,0.70,"{""source_system"":""stockroom"",""source_file"":""Stockroom \u00b7 Instinct Stockroom.csv"",""source_rows"":""3139"",""classification"":""heuristic""}"
product,Owner requested a complimentary pawprint,Owner requested a complimentary pawprint,evh-products,true,3,0.70,"{""source_system"":""stockroom"",""source_file"":""Stockroom \u00b7 Instinct Stockroom.csv"",""source_rows"":""3139"",""classification"":""heuristic""}"
product,Oxbow Chinchilla Food 10lb,Oxbow Chinchilla Food 10lb,evh-products,true,3,0.70,"{""source_system"":""stockroom"",""source_file"":""Stockroom \u00b7 Instinct Stockroom.csv"",""source_rows"":""3139"",""classification"":""heuristic""}"
product,Oxbow Eco Straw Litter 20lb,Oxbow Eco Straw Litter 20lb,evh-products,true,3,0.70,"{""source_system"":""stockroom"",""source_file"":""Stockroom \u00b7 Instinct Stockroom.csv"",""source_rows"":""3139"",""classification"":""heuristic""}"
product,Oxyhood Assortment,Oxyhood Assortment,evh-products,true,3,0.70,"{""source_system"":""stockroom"",""source_file"":""Stockroom \u00b7 Instinct Stockroom.csv"",""source_rows"":""3139"",""classification"":""heuristic""}"
product,Packed Cell Volume (PCV),Packed Cell Volume (PCV),evh-products,true,3,0.70,"{""source_system"":""stockroom"",""source_file"":""Stockroom \u00b7 Instinct Stockroom.csv"",""source_rows"":""3139"",""classification"":""heuristic""}"
product,Packed Cell Volume (PCV)  - Pleural Effusion,Packed Cell Volume (PCV)  - Pleural Effusion,evh-products,true,3,0.70,"{""source_system"":""stockroom"",""source_file"":""Stockroom \u00b7 Instinct Stockroom.csv"",""source_rows"":""3139"",""classification"":""heuristic""}"
product,Packed Cell Volume (PCV) - Abdominal effusion,Packed Cell Volume (PCV) - Abdominal effusion,evh-products,true,3,0.70,"{""source_system"":""stockroom"",""source_file"":""Stockroom \u00b7 Instinct Stockroom.csv"",""source_rows"":""3139"",""classification"":""heuristic""}"
product,Packed Cell Volume (PCV) - Pericardial Effusion,Packed Cell Volume (PCV) - Pericardial Effusion,evh-products,true,3,0.70,"{""source_system"":""stockroom"",""source_file"":""Stockroom \u00b7 Instinct Stockroom.csv"",""source_rows"":""3139"",""classification"":""heuristic""}"
product,Packing tape,Packing tape,evh-products,true,3,0.70,"{""source_system"":""stockroom"",""source_file"":""Stockroom \u00b7 Instinct Stockroom.csv"",""source_rows"":""3139"",""classification"":""heuristic""}"
product,Palpate Bladder / Note Size,Palpate Bladder / Note Size,evh-products,true,3,0.70,"{""source_system"":""stockroom"",""source_file"":""Stockroom \u00b7 Instinct Stockroom.csv"",""source_rows"":""3139"",""classification"":""heuristic""}"
product,Panoptic Bulb 03800,Panoptic Bulb 03800,evh-products,true,3,0.70,"{""source_system"":""stockroom"",""source_file"":""Stockroom \u00b7 Instinct Stockroom.csv"",""source_rows"":""3139"",""classification"":""heuristic""}"
product,Paper Towels C-Fold (case),Paper Towels C-Fold (case),evh-products,true,3,0.70,"{""source_system"":""stockroom"",""source_file"":""Stockroom \u00b7 Instinct Stockroom.csv"",""source_rows"":""3139"",""classification"":""heuristic""}"
product,Paper towels Tri Fold- Case,Paper towels Tri Fold- Case,evh-products,true,3,0.70,"{""source_system"":""stockroom"",""source_file"":""Stockroom \u00b7 Instinct Stockroom.csv"",""source_rows"":""3139"",""classification"":""heuristic""}"
product,Paper Towels Tri-Fold,Paper Towels Tri-Fold,evh-products,true,3,0.70,"{""source_system"":""stockroom"",""source_file"":""Stockroom \u00b7 Instinct Stockroom.csv"",""source_rows"":""3139"",""classification"":""heuristic""}"
product,Paper-copy machine,Paper-copy machine,evh-products,true,3,0.70,"{""source_system"":""stockroom"",""source_file"":""Stockroom \u00b7 Instinct Stockroom.csv"",""source_rows"":""3139"",""classification"":""heuristic""}"
product,Paper-Kleenex,Paper-Kleenex,evh-products,true,3,0.70,"{""source_system"":""stockroom"",""source_file"":""Stockroom \u00b7 Instinct Stockroom.csv"",""source_rows"":""3139"",""classification"":""heuristic""}"
product,Paper-toilet,Paper-toilet,evh-products,true,3,0.70,"{""source_system"":""stockroom"",""source_file"":""Stockroom \u00b7 Instinct Stockroom.csv"",""source_rows"":""3139"",""classification"":""heuristic""}"
product,Paper-towels Tri -Fold,Paper-towels Tri -Fold,evh-products,true,3,0.70,"{""source_system"":""stockroom"",""source_file"":""Stockroom \u00b7 Instinct Stockroom.csv"",""source_rows"":""3139"",""classification"":""heuristic""}"
product,Passive Range of Motion (PROM),Passive Range of Motion (PROM),evh-products,true,3,0.70,"{""source_system"":""stockroom"",""source_file"":""Stockroom \u00b7 Instinct Stockroom.csv"",""source_rows"":""3139"",""classification"":""heuristic""}"
product,"Paw Print, Clay, Made by Angel Paws","Paw Print, Clay, Made by Angel Paws",evh-products,true,3,0.70,"{""source_system"":""stockroom"",""source_file"":""Stockroom \u00b7 Instinct Stockroom.csv"",""source_rows"":""3139"",""classification"":""heuristic""}"
product,PB Scissor-Style Nail Clippers (Small),PB Scissor-Style Nail Clippers (Small),evh-products,true,3,0.70,"{""source_system"":""stockroom"",""source_file"":""Stockroom \u00b7 Instinct Stockroom.csv"",""source_rows"":""3139"",""classification"":""heuristic""}"
product,PDS #5-O,PDS #5-O,evh-products,true,3,0.70,"{""source_system"":""stockroom"",""source_file"":""Stockroom \u00b7 Instinct Stockroom.csv"",""source_rows"":""3139"",""classification"":""heuristic""}"
product,PDS 2-0,PDS 2-0,evh-products,true,3,0.70,"{""source_system"":""stockroom"",""source_file"":""Stockroom \u00b7 Instinct Stockroom.csv"",""source_rows"":""3139"",""classification"":""heuristic""}"
product,PDS 3/O,PDS 3/O,evh-products,true,3,0.70,"{""source_system"":""stockroom"",""source_file"":""Stockroom \u00b7 Instinct Stockroom.csv"",""source_rows"":""3139"",""classification"":""heuristic""}"
product,PDS Plus 4-0 FS2,PDS Plus 4-0 FS2,evh-products,true,3,0.70,"{""source_system"":""stockroom"",""source_file"":""Stockroom \u00b7 Instinct Stockroom.csv"",""source_rows"":""3139"",""classification"":""heuristic""}"
product,Pedi - File / Dremel Nails (With Bath),Pedi - File / Dremel Nails (With Bath),evh-products,true,3,0.70,"{""source_system"":""stockroom"",""source_file"":""Stockroom \u00b7 Instinct Stockroom.csv"",""source_rows"":""3139"",""classification"":""heuristic""}"
product,Pedi - File / Dremel Nails - Courtesy,Pedi - File / Dremel Nails - Courtesy,evh-products,true,3,0.70,"{""source_system"":""stockroom"",""source_file"":""Stockroom \u00b7 Instinct Stockroom.csv"",""source_rows"":""3139"",""classification"":""heuristic""}"
product,Pedicure,Pedicure,evh-products,true,3,0.70,"{""source_system"":""stockroom"",""source_file"":""Stockroom \u00b7 Instinct Stockroom.csv"",""source_rows"":""3139"",""classification"":""heuristic""}"
product,Pedicure - Courtesy,Pedicure - Courtesy,evh-products,true,3,0.70,"{""source_system"":""stockroom"",""source_file"":""Stockroom \u00b7 Instinct Stockroom.csv"",""source_rows"":""3139"",""classification"":""heuristic""}"
product,Pedicure - Difficult,Pedicure - Difficult,evh-products,true,3,0.70,"{""source_system"":""stockroom"",""source_file"":""Stockroom \u00b7 Instinct Stockroom.csv"",""source_rows"":""3139"",""classification"":""heuristic""}"
product,Pedicure - Footsie Friday,Pedicure - Footsie Friday,evh-products,true,3,0.70,"{""source_system"":""stockroom"",""source_file"":""Stockroom \u00b7 Instinct Stockroom.csv"",""source_rows"":""3139"",""classification"":""heuristic""}"
product,Pedicure - With Dremel Tool,Pedicure - With Dremel Tool,evh-products,true,3,0.70,"{""source_system"":""stockroom"",""source_file"":""Stockroom \u00b7 Instinct Stockroom.csv"",""source_rows"":""3139"",""classification"":""heuristic""}"
product,Pen Refill,Pen Refill,evh-products,true,3,0.70,"{""source_system"":""stockroom"",""source_file"":""Stockroom \u00b7 Instinct Stockroom.csv"",""source_rows"":""3139"",""classification"":""heuristic""}"
product,"Penrose Drain 0.5"" x 18""","Penrose Drain 0.5"" x 18""",evh-products,true,3,0.70,"{""source_system"":""stockroom"",""source_file"":""Stockroom \u00b7 Instinct Stockroom.csv"",""source_rows"":""3139"",""classification"":""heuristic""}"
product,Penrose Drain 1/4 x 18in.,Penrose Drain 1/4 x 18in.,evh-products,true,3,0.70,"{""source_system"":""stockroom"",""source_file"":""Stockroom \u00b7 Instinct Stockroom.csv"",""source_rows"":""3139"",""classification"":""heuristic""}"
product,Penrose Drain 3/4 x 1/2 x 12in,Penrose Drain 3/4 x 1/2 x 12in,evh-products,true,3,0.70,"{""source_system"":""stockroom"",""source_file"":""Stockroom \u00b7 Instinct Stockroom.csv"",""source_rows"":""3139"",""classification"":""heuristic""}"
product,Penrose Drain 3/4 x 12in,Penrose Drain 3/4 x 12in,evh-products,true,3,0.70,"{""source_system"":""stockroom"",""source_file"":""Stockroom \u00b7 Instinct Stockroom.csv"",""source_rows"":""3139"",""classification"":""heuristic""}"
product,Penrose Drain 3/4in X 18 in,Penrose Drain 3/4in X 18 in,evh-products,true,3,0.70,"{""source_system"":""stockroom"",""source_file"":""Stockroom \u00b7 Instinct Stockroom.csv"",""source_rows"":""3139"",""classification"":""heuristic""}"
product,"Penrose Drain 3/8"" x 18""","Penrose Drain 3/8"" x 18""",evh-products,true,3,0.70,"{""source_system"":""stockroom"",""source_file"":""Stockroom \u00b7 Instinct Stockroom.csv"",""source_rows"":""3139"",""classification"":""heuristic""}"
product,Penrose Drain 5/16in,Penrose Drain 5/16in,evh-products,true,3,0.70,"{""source_system"":""stockroom"",""source_file"":""Stockroom \u00b7 Instinct Stockroom.csv"",""source_rows"":""3139"",""classification"":""heuristic""}"
product,Penrose Drain 5/8 x 3/8 x 12in,Penrose Drain 5/8 x 3/8 x 12in,evh-products,true,3,0.70,"{""source_system"":""stockroom"",""source_file"":""Stockroom \u00b7 Instinct Stockroom.csv"",""source_rows"":""3139"",""classification"":""heuristic""}"
product,"Penrose Drain 5/8"" x 12""","Penrose Drain 5/8"" x 12""",evh-products,true,3,0.70,"{""source_system"":""stockroom"",""source_file"":""Stockroom \u00b7 Instinct Stockroom.csv"",""source_rows"":""3139"",""classification"":""heuristic""}"
product,"Penrose Drain 5/8"" x 18""","Penrose Drain 5/8"" x 18""",evh-products,true,3,0.70,"{""source_system"":""stockroom"",""source_file"":""Stockroom \u00b7 Instinct Stockroom.csv"",""source_rows"":""3139"",""classification"":""heuristic""}"
product,Penrose Drain 7/16 x 1/4 x 12in,Penrose Drain 7/16 x 1/4 x 12in,evh-products,true,3,0.70,"{""source_system"":""stockroom"",""source_file"":""Stockroom \u00b7 Instinct Stockroom.csv"",""source_rows"":""3139"",""classification"":""heuristic""}"
product,Penrose Drain 7/8in,Penrose Drain 7/8in,evh-products,true,3,0.70,"{""source_system"":""stockroom"",""source_file"":""Stockroom \u00b7 Instinct Stockroom.csv"",""source_rows"":""3139"",""classification"":""heuristic""}"
product,Pens,Pens,evh-products,true,3,0.70,"{""source_system"":""stockroom"",""source_file"":""Stockroom \u00b7 Instinct Stockroom.csv"",""source_rows"":""3139"",""classification"":""heuristic""}"
product,Perform Rehab Exercises,Perform Rehab Exercises,evh-products,true,3,0.70,"{""source_system"":""stockroom"",""source_file"":""Stockroom \u00b7 Instinct Stockroom.csv"",""source_rows"":""3139"",""classification"":""heuristic""}"
product,Pericardiocentesis - Left (mLs),Pericardiocentesis - Left (mLs),evh-products,true,3,0.70,"{""source_system"":""stockroom"",""source_file"":""Stockroom \u00b7 Instinct Stockroom.csv"",""source_rows"":""3139"",""classification"":""heuristic""}"
product,Pericardiocentesis - Right (mLs),Pericardiocentesis - Right (mLs),evh-products,true,3,0.70,"{""source_system"":""stockroom"",""source_file"":""Stockroom \u00b7 Instinct Stockroom.csv"",""source_rows"":""3139"",""classification"":""heuristic""}"
product,Periodontal Disease Grade (/4),Periodontal Disease Grade (/4),evh-products,true,3,0.70,"{""source_system"":""stockroom"",""source_file"":""Stockroom \u00b7 Instinct Stockroom.csv"",""source_rows"":""3139"",""classification"":""heuristic""}"
product,Periodontal Probe 3-6-9-12,Periodontal Probe 3-6-9-12,evh-products,true,3,0.70,"{""source_system"":""stockroom"",""source_file"":""Stockroom \u00b7 Instinct Stockroom.csv"",""source_rows"":""3139"",""classification"":""heuristic""}"
product,Periosteal Elevator (Very Fine),Periosteal Elevator (Very Fine),evh-products,true,3,0.70,"{""source_system"":""stockroom"",""source_file"":""Stockroom \u00b7 Instinct Stockroom.csv"",""source_rows"":""3139"",""classification"":""heuristic""}"
product,Pet Clean Laundry Detergent (Gallon),Pet Clean Laundry Detergent (Gallon),evh-products,true,3,0.70,"{""source_system"":""stockroom"",""source_file"":""Stockroom \u00b7 Instinct Stockroom.csv"",""source_rows"":""3139"",""classification"":""heuristic""}"
product,Pet Clean Laundry Sanitizer Gallon,Pet Clean Laundry Sanitizer Gallon,evh-products,true,3,0.70,"{""source_system"":""stockroom"",""source_file"":""Stockroom \u00b7 Instinct Stockroom.csv"",""source_rows"":""3139"",""classification"":""heuristic""}"
product,Pet Hair Lint Roller,Pet Hair Lint Roller,evh-products,true,3,0.70,"{""source_system"":""stockroom"",""source_file"":""Stockroom \u00b7 Instinct Stockroom.csv"",""source_rows"":""3139"",""classification"":""heuristic""}"
product,Pet Hair roller refills,Pet Hair roller refills,evh-products,true,3,0.70,"{""source_system"":""stockroom"",""source_file"":""Stockroom \u00b7 Instinct Stockroom.csv"",""source_rows"":""3139"",""classification"":""heuristic""}"
product,Pet Odor Exterminator Candle 13oz,Pet Odor Exterminator Candle 13oz,evh-products,true,3,0.70,"{""source_system"":""stockroom"",""source_file"":""Stockroom \u00b7 Instinct Stockroom.csv"",""source_rows"":""3139"",""classification"":""heuristic""}"
product,Pet reminder cards,Pet reminder cards,evh-products,true,3,0.70,"{""source_system"":""stockroom"",""source_file"":""Stockroom \u00b7 Instinct Stockroom.csv"",""source_rows"":""3139"",""classification"":""heuristic""}"
product,Pet's Name Engraved on Brass Name Plate,Pet's Name Engraved on Brass Name Plate,evh-products,true,3,0.70,"{""source_system"":""stockroom"",""source_file"":""Stockroom \u00b7 Instinct Stockroom.csv"",""source_rows"":""3139"",""classification"":""heuristic""}"
product,Pet's Name Engraved on Urn,Pet's Name Engraved on Urn,evh-products,true,3,0.70,"{""source_system"":""stockroom"",""source_file"":""Stockroom \u00b7 Instinct Stockroom.csv"",""source_rows"":""3139"",""classification"":""heuristic""}"
product,Pet-Ema DSS Syringe 12ml,Pet-Ema DSS Syringe 12ml,evh-products,true,3,0.70,"{""source_system"":""stockroom"",""source_file"":""Stockroom \u00b7 Instinct Stockroom.csv"",""source_rows"":""3139"",""classification"":""heuristic""}"
product,Pet-Ema DSS Syringe 6ml,Pet-Ema DSS Syringe 6ml,evh-products,true,3,0.70,"{""source_system"":""stockroom"",""source_file"":""Stockroom \u00b7 Instinct Stockroom.csv"",""source_rows"":""3139"",""classification"":""heuristic""}"
product,petMAP BP Cuff 5cm,petMAP BP Cuff 5cm,evh-products,true,3,0.70,"{""source_system"":""stockroom"",""source_file"":""Stockroom \u00b7 Instinct Stockroom.csv"",""source_rows"":""3139"",""classification"":""heuristic""}"
product,pH Notix Ear Cleaner 4fl oz. Bottle,pH Notix Ear Cleaner 4fl oz. Bottle,evh-products,true,3,0.70,"{""source_system"":""stockroom"",""source_file"":""Stockroom \u00b7 Instinct Stockroom.csv"",""source_rows"":""3139"",""classification"":""heuristic""}"
product,Phenobarb Level,Phenobarb Level,evh-products,true,3,0.70,"{""source_system"":""stockroom"",""source_file"":""Stockroom \u00b7 Instinct Stockroom.csv"",""source_rows"":""3139"",""classification"":""heuristic""}"
product,Phlebotomy Lab Blood,Phlebotomy Lab Blood,evh-products,true,3,0.70,"{""source_system"":""stockroom"",""source_file"":""Stockroom \u00b7 Instinct Stockroom.csv"",""source_rows"":""3139"",""classification"":""heuristic""}"
product,Pill Gun,Pill Gun,evh-products,true,3,0.70,"{""source_system"":""stockroom"",""source_file"":""Stockroom \u00b7 Instinct Stockroom.csv"",""source_rows"":""3139"",""classification"":""heuristic""}"
product,Pill Splitter,Pill Splitter,evh-products,true,3,0.70,"{""source_system"":""stockroom"",""source_file"":""Stockroom \u00b7 Instinct Stockroom.csv"",""source_rows"":""3139"",""classification"":""heuristic""}"
product,Pill Wrap Paste 4oz Container,Pill Wrap Paste 4oz Container,evh-products,true,3,0.70,"{""source_system"":""stockroom"",""source_file"":""Stockroom \u00b7 Instinct Stockroom.csv"",""source_rows"":""3139"",""classification"":""heuristic""}"
product,Pipettes  (Transfer Pipettes) Box 500,Pipettes  (Transfer Pipettes) Box 500,evh-products,true,3,0.70,"{""source_system"":""stockroom"",""source_file"":""Stockroom \u00b7 Instinct Stockroom.csv"",""source_rows"":""3139"",""classification"":""heuristic""}"
product,Plastic Bottle 1/4 oz,Plastic Bottle 1/4 oz,evh-products,true,3,0.70,"{""source_system"":""stockroom"",""source_file"":""Stockroom \u00b7 Instinct Stockroom.csv"",""source_rows"":""3139"",""classification"":""heuristic""}"
product,Plastic Bottle 10oz,Plastic Bottle 10oz,evh-products,true,3,0.70,"{""source_system"":""stockroom"",""source_file"":""Stockroom \u00b7 Instinct Stockroom.csv"",""source_rows"":""3139"",""classification"":""heuristic""}"
product,Plastic Bottle 16oz,Plastic Bottle 16oz,evh-products,true,3,0.70,"{""source_system"":""stockroom"",""source_file"":""Stockroom \u00b7 Instinct Stockroom.csv"",""source_rows"":""3139"",""classification"":""heuristic""}"
product,Plastic Bottle 1oz,Plastic Bottle 1oz,evh-products,true,3,0.70,"{""source_system"":""stockroom"",""source_file"":""Stockroom \u00b7 Instinct Stockroom.csv"",""source_rows"":""3139"",""classification"":""heuristic""}"
product,Plastic Bottle 6 oz,Plastic Bottle 6 oz,evh-products,true,3,0.70,"{""source_system"":""stockroom"",""source_file"":""Stockroom \u00b7 Instinct Stockroom.csv"",""source_rows"":""3139"",""classification"":""heuristic""}"
product,Plastic Litter 1 gallon,Plastic Litter 1 gallon,evh-products,true,3,0.70,"{""source_system"":""stockroom"",""source_file"":""Stockroom \u00b7 Instinct Stockroom.csv"",""source_rows"":""3139"",""classification"":""heuristic""}"
product,Play Day,Play Day,evh-products,true,3,0.70,"{""source_system"":""stockroom"",""source_file"":""Stockroom \u00b7 Instinct Stockroom.csv"",""source_rows"":""3139"",""classification"":""heuristic""}"
product,Playtime / Exercise,Playtime / Exercise,evh-products,true,3,0.70,"{""source_system"":""stockroom"",""source_file"":""Stockroom \u00b7 Instinct Stockroom.csv"",""source_rows"":""3139"",""classification"":""heuristic""}"
product,Pleural Port Care - Daily,Pleural Port Care - Daily,evh-products,true,3,0.70,"{""source_system"":""stockroom"",""source_file"":""Stockroom \u00b7 Instinct Stockroom.csv"",""source_rows"":""3139"",""classification"":""heuristic""}"
product,PLI to Texas A&M,PLI to Texas A&M,evh-products,true,3,0.70,"{""source_system"":""stockroom"",""source_file"":""Stockroom \u00b7 Instinct Stockroom.csv"",""source_rows"":""3139"",""classification"":""heuristic""}"
product,Plumb's Vet Drug Handbook,Plumb's Vet Drug Handbook,evh-products,true,3,0.70,"{""source_system"":""stockroom"",""source_file"":""Stockroom \u00b7 Instinct Stockroom.csv"",""source_rows"":""3139"",""classification"":""heuristic""}"
product,Poof Chinchilla Dust 2.5LB Jar,Poof Chinchilla Dust 2.5LB Jar,evh-products,true,3,0.70,"{""source_system"":""stockroom"",""source_file"":""Stockroom \u00b7 Instinct Stockroom.csv"",""source_rows"":""3139"",""classification"":""heuristic""}"
product,Poole Suction Tube (Miltex),Poole Suction Tube (Miltex),evh-products,true,3,0.70,"{""source_system"":""stockroom"",""source_file"":""Stockroom \u00b7 Instinct Stockroom.csv"",""source_rows"":""3139"",""classification"":""heuristic""}"
product,Pooper Scooper Set,Pooper Scooper Set,evh-products,true,3,0.70,"{""source_system"":""stockroom"",""source_file"":""Stockroom \u00b7 Instinct Stockroom.csv"",""source_rows"":""3139"",""classification"":""heuristic""}"
product,Portable Cautery Unit Cordless,Portable Cautery Unit Cordless,evh-products,true,3,0.70,"{""source_system"":""stockroom"",""source_file"":""Stockroom \u00b7 Instinct Stockroom.csv"",""source_rows"":""3139"",""classification"":""heuristic""}"
product,Possible Extractions Grade 2,Possible Extractions Grade 2,evh-products,true,3,0.70,"{""source_system"":""stockroom"",""source_file"":""Stockroom \u00b7 Instinct Stockroom.csv"",""source_rows"":""3139"",""classification"":""heuristic""}"
product,Possible Extractions Grade 3,Possible Extractions Grade 3,evh-products,true,3,0.70,"{""source_system"":""stockroom"",""source_file"":""Stockroom \u00b7 Instinct Stockroom.csv"",""source_rows"":""3139"",""classification"":""heuristic""}"
product,Postage / Shipping Charge,Postage / Shipping Charge,evh-products,true,3,0.70,"{""source_system"":""stockroom"",""source_file"":""Stockroom \u00b7 Instinct Stockroom.csv"",""source_rows"":""3139"",""classification"":""heuristic""}"
product,Power Cord For Vetpro5000,Power Cord For Vetpro5000,evh-products,true,3,0.70,"{""source_system"":""stockroom"",""source_file"":""Stockroom \u00b7 Instinct Stockroom.csv"",""source_rows"":""3139"",""classification"":""heuristic""}"
product,Prepare Meds TGH,Prepare Meds TGH,evh-products,true,3,0.70,"{""source_system"":""stockroom"",""source_file"":""Stockroom \u00b7 Instinct Stockroom.csv"",""source_rows"":""3139"",""classification"":""heuristic""}"
product,Prepare Patient for Discharge,Prepare Patient for Discharge,evh-products,true,3,0.70,"{""source_system"":""stockroom"",""source_file"":""Stockroom \u00b7 Instinct Stockroom.csv"",""source_rows"":""3139"",""classification"":""heuristic""}"
product,Press in Adapters 20 mm,Press in Adapters 20 mm,evh-products,true,3,0.70,"{""source_system"":""stockroom"",""source_file"":""Stockroom \u00b7 Instinct Stockroom.csv"",""source_rows"":""3139"",""classification"":""heuristic""}"
product,Press in Adapters 24 mm,Press in Adapters 24 mm,evh-products,true,3,0.70,"{""source_system"":""stockroom"",""source_file"":""Stockroom \u00b7 Instinct Stockroom.csv"",""source_rows"":""3139"",""classification"":""heuristic""}"
product,Press In Adapters 28 mm,Press In Adapters 28 mm,evh-products,true,3,0.70,"{""source_system"":""stockroom"",""source_file"":""Stockroom \u00b7 Instinct Stockroom.csv"",""source_rows"":""3139"",""classification"":""heuristic""}"
product,Press In Adapters 33 mm,Press In Adapters 33 mm,evh-products,true,3,0.70,"{""source_system"":""stockroom"",""source_file"":""Stockroom \u00b7 Instinct Stockroom.csv"",""source_rows"":""3139"",""classification"":""heuristic""}"
product,Printer Paper 9500 Series,Printer Paper 9500 Series,evh-products,true,3,0.70,"{""source_system"":""stockroom"",""source_file"":""Stockroom \u00b7 Instinct Stockroom.csv"",""source_rows"":""3139"",""classification"":""heuristic""}"
product,Private Avian Cremation in Decorative Ur,Private Avian Cremation in Decorative Ur,evh-products,true,3,0.70,"{""source_system"":""stockroom"",""source_file"":""Stockroom \u00b7 Instinct Stockroom.csv"",""source_rows"":""3139"",""classification"":""heuristic""}"
product,Private Cremation Classic Gold Urn w/PP,Private Cremation Classic Gold Urn w/PP,evh-products,true,3,0.70,"{""source_system"":""stockroom"",""source_file"":""Stockroom \u00b7 Instinct Stockroom.csv"",""source_rows"":""3139"",""classification"":""heuristic""}"
product,Private Cremation Paw Prnt Frame 7-1/2x9,Private Cremation Paw Prnt Frame 7-1/2x9,evh-products,true,3,0.70,"{""source_system"":""stockroom"",""source_file"":""Stockroom \u00b7 Instinct Stockroom.csv"",""source_rows"":""3139"",""classification"":""heuristic""}"
product,Private Cremation Wall Frame 11x14,Private Cremation Wall Frame 11x14,evh-products,true,3,0.70,"{""source_system"":""stockroom"",""source_file"":""Stockroom \u00b7 Instinct Stockroom.csv"",""source_rows"":""3139"",""classification"":""heuristic""}"
product,Private Feline Cremation Cozy Cat Urn,Private Feline Cremation Cozy Cat Urn,evh-products,true,3,0.70,"{""source_system"":""stockroom"",""source_file"":""Stockroom \u00b7 Instinct Stockroom.csv"",""source_rows"":""3139"",""classification"":""heuristic""}"
product,Private Feline Cremation in Decorative U,Private Feline Cremation in Decorative U,evh-products,true,3,0.70,"{""source_system"":""stockroom"",""source_file"":""Stockroom \u00b7 Instinct Stockroom.csv"",""source_rows"":""3139"",""classification"":""heuristic""}"
product,Private Feline Cremation in Memory Box,Private Feline Cremation in Memory Box,evh-products,true,3,0.70,"{""source_system"":""stockroom"",""source_file"":""Stockroom \u00b7 Instinct Stockroom.csv"",""source_rows"":""3139"",""classification"":""heuristic""}"
product,Private K9 Cremation in Biodegradable,Private K9 Cremation in Biodegradable,evh-products,true,3,0.70,"{""source_system"":""stockroom"",""source_file"":""Stockroom \u00b7 Instinct Stockroom.csv"",""source_rows"":""3139"",""classification"":""heuristic""}"
product,Private K9 Cremation in Decorative Urn,Private K9 Cremation in Decorative Urn,evh-products,true,3,0.70,"{""source_system"":""stockroom"",""source_file"":""Stockroom \u00b7 Instinct Stockroom.csv"",""source_rows"":""3139"",""classification"":""heuristic""}"
product,Private K9 Cremation in Memory Box,Private K9 Cremation in Memory Box,evh-products,true,3,0.70,"{""source_system"":""stockroom"",""source_file"":""Stockroom \u00b7 Instinct Stockroom.csv"",""source_rows"":""3139"",""classification"":""heuristic""}"
product,Private K9 Cremation in Small Tower Urn,Private K9 Cremation in Small Tower Urn,evh-products,true,3,0.70,"{""source_system"":""stockroom"",""source_file"":""Stockroom \u00b7 Instinct Stockroom.csv"",""source_rows"":""3139"",""classification"":""heuristic""}"
product,Private K9 Cremation in Tribute Pkg,Private K9 Cremation in Tribute Pkg,evh-products,true,3,0.70,"{""source_system"":""stockroom"",""source_file"":""Stockroom \u00b7 Instinct Stockroom.csv"",""source_rows"":""3139"",""classification"":""heuristic""}"
product,Pro Plan Bright Mind 7+ Beef 10oz,Pro Plan Bright Mind 7+ Beef 10oz,evh-products,true,3,0.70,"{""source_system"":""stockroom"",""source_file"":""Stockroom \u00b7 Instinct Stockroom.csv"",""source_rows"":""3139"",""classification"":""heuristic""}"
product,Pro Plan Bright Mind 7+ Turkey 10oz,Pro Plan Bright Mind 7+ Turkey 10oz,evh-products,true,3,0.70,"{""source_system"":""stockroom"",""source_file"":""Stockroom \u00b7 Instinct Stockroom.csv"",""source_rows"":""3139"",""classification"":""heuristic""}"
product,ProbioWrap Pill Wrap Paste 4.2oz,ProbioWrap Pill Wrap Paste 4.2oz,evh-products,true,3,0.70,"{""source_system"":""stockroom"",""source_file"":""Stockroom \u00b7 Instinct Stockroom.csv"",""source_rows"":""3139"",""classification"":""heuristic""}"
product,Progress Notes,Progress Notes,evh-products,true,3,0.70,"{""source_system"":""stockroom"",""source_file"":""Stockroom \u00b7 Instinct Stockroom.csv"",""source_rows"":""3139"",""classification"":""heuristic""}"
product,Prophy Cups Dispenser,Prophy Cups Dispenser,evh-products,true,3,0.70,"{""source_system"":""stockroom"",""source_file"":""Stockroom \u00b7 Instinct Stockroom.csv"",""source_rows"":""3139"",""classification"":""heuristic""}"
product,Provide Heat Support,Provide Heat Support,evh-products,true,3,0.70,"{""source_system"":""stockroom"",""source_file"":""Stockroom \u00b7 Instinct Stockroom.csv"",""source_rows"":""3139"",""classification"":""heuristic""}"
product,Puffs w/Aloe 24cs,Puffs w/Aloe 24cs,evh-products,true,3,0.70,"{""source_system"":""stockroom"",""source_file"":""Stockroom \u00b7 Instinct Stockroom.csv"",""source_rows"":""3139"",""classification"":""heuristic""}"
product,Pulse Oximeter PM60VET,Pulse Oximeter PM60VET,evh-products,true,3,0.70,"{""source_system"":""stockroom"",""source_file"":""Stockroom \u00b7 Instinct Stockroom.csv"",""source_rows"":""3139"",""classification"":""heuristic""}"
product,Pulse Oximetry (SpO2),Pulse Oximetry (SpO2),evh-products,true,3,0.70,"{""source_system"":""stockroom"",""source_file"":""Stockroom \u00b7 Instinct Stockroom.csv"",""source_rows"":""3139"",""classification"":""heuristic""}"
product,Pulse Quality,Pulse Quality,evh-products,true,3,0.70,"{""source_system"":""stockroom"",""source_file"":""Stockroom \u00b7 Instinct Stockroom.csv"",""source_rows"":""3139"",""classification"":""heuristic""}"
product,Pulse/Heart Rate,Pulse/Heart Rate,evh-products,true,3,0.70,"{""source_system"":""stockroom"",""source_file"":""Stockroom \u00b7 Instinct Stockroom.csv"",""source_rows"":""3139"",""classification"":""heuristic""}"
product,Puppy Tube Feeding (mL),Puppy Tube Feeding (mL),evh-products,true,3,0.70,"{""source_system"":""stockroom"",""source_file"":""Stockroom \u00b7 Instinct Stockroom.csv"",""source_rows"":""3139"",""classification"":""heuristic""}"
product,Puppy/Kitten Stimulation to Eliminate,Puppy/Kitten Stimulation to Eliminate,evh-products,true,3,0.70,"{""source_system"":""stockroom"",""source_file"":""Stockroom \u00b7 Instinct Stockroom.csv"",""source_rows"":""3139"",""classification"":""heuristic""}"
product,Purina CN Canine/Feline Can,Purina CN Canine/Feline Can,evh-products,true,3,0.70,"{""source_system"":""stockroom"",""source_file"":""Stockroom \u00b7 Instinct Stockroom.csv"",""source_rows"":""3139"",""classification"":""heuristic""}"
product,Purina EN K-9 Low Fat 13.4oz Can,Purina EN K-9 Low Fat 13.4oz Can,evh-products,true,3,0.70,"{""source_system"":""stockroom"",""source_file"":""Stockroom \u00b7 Instinct Stockroom.csv"",""source_rows"":""3139"",""classification"":""heuristic""}"
product,Purina EN K-9 Low Fat 6#,Purina EN K-9 Low Fat 6#,evh-products,true,3,0.70,"{""source_system"":""stockroom"",""source_file"":""Stockroom \u00b7 Instinct Stockroom.csv"",""source_rows"":""3139"",""classification"":""heuristic""}"
product,Purina Feline DM 10# Bag,Purina Feline DM 10# Bag,evh-products,true,3,0.70,"{""source_system"":""stockroom"",""source_file"":""Stockroom \u00b7 Instinct Stockroom.csv"",""source_rows"":""3139"",""classification"":""heuristic""}"
product,Purina Feline DM 5.5oz Can,Purina Feline DM 5.5oz Can,evh-products,true,3,0.70,"{""source_system"":""stockroom"",""source_file"":""Stockroom \u00b7 Instinct Stockroom.csv"",""source_rows"":""3139"",""classification"":""heuristic""}"
product,Purina Feline DM SS w/Gravy 5.5oz Can,Purina Feline DM SS w/Gravy 5.5oz Can,evh-products,true,3,0.70,"{""source_system"":""stockroom"",""source_file"":""Stockroom \u00b7 Instinct Stockroom.csv"",""source_rows"":""3139"",""classification"":""heuristic""}"
product,Purina Feline EN 5.5oz Can,Purina Feline EN 5.5oz Can,evh-products,true,3,0.70,"{""source_system"":""stockroom"",""source_file"":""Stockroom \u00b7 Instinct Stockroom.csv"",""source_rows"":""3139"",""classification"":""heuristic""}"
product,Purina Feline EN 6# bag,Purina Feline EN 6# bag,evh-products,true,3,0.70,"{""source_system"":""stockroom"",""source_file"":""Stockroom \u00b7 Instinct Stockroom.csv"",""source_rows"":""3139"",""classification"":""heuristic""}"
product,Purina Feline HA 8# bag,Purina Feline HA 8# bag,evh-products,true,3,0.70,"{""source_system"":""stockroom"",""source_file"":""Stockroom \u00b7 Instinct Stockroom.csv"",""source_rows"":""3139"",""classification"":""heuristic""}"
product,Purina Feline NF Advanced Care 5.5 oz,Purina Feline NF Advanced Care 5.5 oz,evh-products,true,3,0.70,"{""source_system"":""stockroom"",""source_file"":""Stockroom \u00b7 Instinct Stockroom.csv"",""source_rows"":""3139"",""classification"":""heuristic""}"
product,Purina Feline NF Advanced Care 8#,Purina Feline NF Advanced Care 8#,evh-products,true,3,0.70,"{""source_system"":""stockroom"",""source_file"":""Stockroom \u00b7 Instinct Stockroom.csv"",""source_rows"":""3139"",""classification"":""heuristic""}"
product,Purina Feline NF Early Care 5.5 oz,Purina Feline NF Early Care 5.5 oz,evh-products,true,3,0.70,"{""source_system"":""stockroom"",""source_file"":""Stockroom \u00b7 Instinct Stockroom.csv"",""source_rows"":""3139"",""classification"":""heuristic""}"
product,Purina Feline OM 5.5oz Can,Purina Feline OM 5.5oz Can,evh-products,true,3,0.70,"{""source_system"":""stockroom"",""source_file"":""Stockroom \u00b7 Instinct Stockroom.csv"",""source_rows"":""3139"",""classification"":""heuristic""}"
product,Purina Feline OM 6# bag,Purina Feline OM 6# bag,evh-products,true,3,0.70,"{""source_system"":""stockroom"",""source_file"":""Stockroom \u00b7 Instinct Stockroom.csv"",""source_rows"":""3139"",""classification"":""heuristic""}"
product,Purina Feline UR 5.5oz Can,Purina Feline UR 5.5oz Can,evh-products,true,3,0.70,"{""source_system"":""stockroom"",""source_file"":""Stockroom \u00b7 Instinct Stockroom.csv"",""source_rows"":""3139"",""classification"":""heuristic""}"
product,Purina Feline UR 6# Bag,Purina Feline UR 6# Bag,evh-products,true,3,0.70,"{""source_system"":""stockroom"",""source_file"":""Stockroom \u00b7 Instinct Stockroom.csv"",""source_rows"":""3139"",""classification"":""heuristic""}"
product,Purina K9 Bright Minds 7+ Chik/Rice 30lb,Purina K9 Bright Minds 7+ Chik/Rice 30lb,evh-products,true,3,0.70,"{""source_system"":""stockroom"",""source_file"":""Stockroom \u00b7 Instinct Stockroom.csv"",""source_rows"":""3139"",""classification"":""heuristic""}"
product,Purina K9 CC 13.4oz Can,Purina K9 CC 13.4oz Can,evh-products,true,3,0.70,"{""source_system"":""stockroom"",""source_file"":""Stockroom \u00b7 Instinct Stockroom.csv"",""source_rows"":""3139"",""classification"":""heuristic""}"
product,Purina K9 CC 8# bag,Purina K9 CC 8# bag,evh-products,true,3,0.70,"{""source_system"":""stockroom"",""source_file"":""Stockroom \u00b7 Instinct Stockroom.csv"",""source_rows"":""3139"",""classification"":""heuristic""}"
product,Purina K9 EN 13.4oz Can,Purina K9 EN 13.4oz Can,evh-products,true,3,0.70,"{""source_system"":""stockroom"",""source_file"":""Stockroom \u00b7 Instinct Stockroom.csv"",""source_rows"":""3139"",""classification"":""heuristic""}"
product,Purina K9 EN 6# bag,Purina K9 EN 6# bag,evh-products,true,3,0.70,"{""source_system"":""stockroom"",""source_file"":""Stockroom \u00b7 Instinct Stockroom.csv"",""source_rows"":""3139"",""classification"":""heuristic""}"
product,Purina K9 HA 6# bag,Purina K9 HA 6# bag,evh-products,true,3,0.70,"{""source_system"":""stockroom"",""source_file"":""Stockroom \u00b7 Instinct Stockroom.csv"",""source_rows"":""3139"",""classification"":""heuristic""}"
product,Purina K9 HA Chicken 13.3 oz Can,Purina K9 HA Chicken 13.3 oz Can,evh-products,true,3,0.70,"{""source_system"":""stockroom"",""source_file"":""Stockroom \u00b7 Instinct Stockroom.csv"",""source_rows"":""3139"",""classification"":""heuristic""}"
product,Purina K9 NC 11# Bag,Purina K9 NC 11# Bag,evh-products,true,3,0.70,"{""source_system"":""stockroom"",""source_file"":""Stockroom \u00b7 Instinct Stockroom.csv"",""source_rows"":""3139"",""classification"":""heuristic""}"
product,Purina K9 NC 25# Bag,Purina K9 NC 25# Bag,evh-products,true,3,0.70,"{""source_system"":""stockroom"",""source_file"":""Stockroom \u00b7 Instinct Stockroom.csv"",""source_rows"":""3139"",""classification"":""heuristic""}"
product,Purina K9 NC 6# Bag,Purina K9 NC 6# Bag,evh-products,true,3,0.70,"{""source_system"":""stockroom"",""source_file"":""Stockroom \u00b7 Instinct Stockroom.csv"",""source_rows"":""3139"",""classification"":""heuristic""}"
product,Purina K9 NF 13.4oz Can,Purina K9 NF 13.4oz Can,evh-products,true,3,0.70,"{""source_system"":""stockroom"",""source_file"":""Stockroom \u00b7 Instinct Stockroom.csv"",""source_rows"":""3139"",""classification"":""heuristic""}"
product,Purina K9 NF 6# bag,Purina K9 NF 6# bag,evh-products,true,3,0.70,"{""source_system"":""stockroom"",""source_file"":""Stockroom \u00b7 Instinct Stockroom.csv"",""source_rows"":""3139"",""classification"":""heuristic""}"
product,Purina K9 OM 13.3oz can,Purina K9 OM 13.3oz can,evh-products,true,3,0.70,"{""source_system"":""stockroom"",""source_file"":""Stockroom \u00b7 Instinct Stockroom.csv"",""source_rows"":""3139"",""classification"":""heuristic""}"
product,Purina K9 OM 6# bag,Purina K9 OM 6# bag,evh-products,true,3,0.70,"{""source_system"":""stockroom"",""source_file"":""Stockroom \u00b7 Instinct Stockroom.csv"",""source_rows"":""3139"",""classification"":""heuristic""}"
product,Purina K9 UR 13.3oz Can,Purina K9 UR 13.3oz Can,evh-products,true,3,0.70,"{""source_system"":""stockroom"",""source_file"":""Stockroom \u00b7 Instinct Stockroom.csv"",""source_rows"":""3139"",""classification"":""heuristic""}"
product,Purina K9 UR 6# Bag,Purina K9 UR 6# Bag,evh-products,true,3,0.70,"{""source_system"":""stockroom"",""source_file"":""Stockroom \u00b7 Instinct Stockroom.csv"",""source_rows"":""3139"",""classification"":""heuristic""}"
product,Purina Pro Plan Bright Mind 7+ C&R 16lb,Purina Pro Plan Bright Mind 7+ C&R 16lb,evh-products,true,3,0.70,"{""source_system"":""stockroom"",""source_file"":""Stockroom \u00b7 Instinct Stockroom.csv"",""source_rows"":""3139"",""classification"":""heuristic""}"
product,Put out Labwork in Antech Box,Put out Labwork in Antech Box,evh-products,true,3,0.70,"{""source_system"":""stockroom"",""source_file"":""Stockroom \u00b7 Instinct Stockroom.csv"",""source_rows"":""3139"",""classification"":""heuristic""}"
product,Quick Muzzle 2XL,Quick Muzzle 2XL,evh-products,true,3,0.70,"{""source_system"":""stockroom"",""source_file"":""Stockroom \u00b7 Instinct Stockroom.csv"",""source_rows"":""3139"",""classification"":""heuristic""}"
product,Quick Muzzle 3XL,Quick Muzzle 3XL,evh-products,true,3,0.70,"{""source_system"":""stockroom"",""source_file"":""Stockroom \u00b7 Instinct Stockroom.csv"",""source_rows"":""3139"",""classification"":""heuristic""}"
product,Quick Muzzle 4XL,Quick Muzzle 4XL,evh-products,true,3,0.70,"{""source_system"":""stockroom"",""source_file"":""Stockroom \u00b7 Instinct Stockroom.csv"",""source_rows"":""3139"",""classification"":""heuristic""}"
product,Quick Muzzle 5XL,Quick Muzzle 5XL,evh-products,true,3,0.70,"{""source_system"":""stockroom"",""source_file"":""Stockroom \u00b7 Instinct Stockroom.csv"",""source_rows"":""3139"",""classification"":""heuristic""}"
product,Quick Muzzle Long Snout (Set of 3),Quick Muzzle Long Snout (Set of 3),evh-products,true,3,0.70,"{""source_system"":""stockroom"",""source_file"":""Stockroom \u00b7 Instinct Stockroom.csv"",""source_rows"":""3139"",""classification"":""heuristic""}"
product,Rabbit Grimace Scale (/10),Rabbit Grimace Scale (/10),evh-products,true,3,0.70,"{""source_system"":""stockroom"",""source_file"":""Stockroom \u00b7 Instinct Stockroom.csv"",""source_rows"":""3139"",""classification"":""heuristic""}"
product,Radiology - Additional View,Radiology - Additional View,evh-products,true,3,0.70,"{""source_system"":""stockroom"",""source_file"":""Stockroom \u00b7 Instinct Stockroom.csv"",""source_rows"":""3139"",""classification"":""heuristic""}"
product,Radiology - Barium Series,Radiology - Barium Series,evh-products,true,3,0.70,"{""source_system"":""stockroom"",""source_file"":""Stockroom \u00b7 Instinct Stockroom.csv"",""source_rows"":""3139"",""classification"":""heuristic""}"
product,Radiology - Post Operative View,Radiology - Post Operative View,evh-products,true,3,0.70,"{""source_system"":""stockroom"",""source_file"":""Stockroom \u00b7 Instinct Stockroom.csv"",""source_rows"":""3139"",""classification"":""heuristic""}"
product,Radiology - Pregnancy Check,Radiology - Pregnancy Check,evh-products,true,3,0.70,"{""source_system"":""stockroom"",""source_file"":""Stockroom \u00b7 Instinct Stockroom.csv"",""source_rows"":""3139"",""classification"":""heuristic""}"
product,Radiology - Routine,Radiology - Routine,evh-products,true,3,0.70,"{""source_system"":""stockroom"",""source_file"":""Stockroom \u00b7 Instinct Stockroom.csv"",""source_rows"":""3139"",""classification"":""heuristic""}"
product,"Rapz Easy Tear Chewy No No 2""","Rapz Easy Tear Chewy No No 2""",evh-products,true,3,0.70,"{""source_system"":""stockroom"",""source_file"":""Stockroom \u00b7 Instinct Stockroom.csv"",""source_rows"":""3139"",""classification"":""heuristic""}"
product,Rat Grimace Scale (/8),Rat Grimace Scale (/8),evh-products,true,3,0.70,"{""source_system"":""stockroom"",""source_file"":""Stockroom \u00b7 Instinct Stockroom.csv"",""source_rows"":""3139"",""classification"":""heuristic""}"
product,Ready To Checkout,Ready To Checkout,evh-products,true,3,0.70,"{""source_system"":""stockroom"",""source_file"":""Stockroom \u00b7 Instinct Stockroom.csv"",""source_rows"":""3139"",""classification"":""heuristic""}"
product,Rear Cover for Centry Lamp,Rear Cover for Centry Lamp,evh-products,true,3,0.70,"{""source_system"":""stockroom"",""source_file"":""Stockroom \u00b7 Instinct Stockroom.csv"",""source_rows"":""3139"",""classification"":""heuristic""}"
product,Rear Declaw,Rear Declaw,evh-products,true,3,0.70,"{""source_system"":""stockroom"",""source_file"":""Stockroom \u00b7 Instinct Stockroom.csv"",""source_rows"":""3139"",""classification"":""heuristic""}"
product,Recombitek 4 Lepto,Recombitek 4 Lepto,evh-products,true,3,0.70,"{""source_system"":""stockroom"",""source_file"":""Stockroom \u00b7 Instinct Stockroom.csv"",""source_rows"":""3139"",""classification"":""heuristic""}"
product,Recombitek Bordetella Oral,Recombitek Bordetella Oral,evh-products,true,3,0.70,"{""source_system"":""stockroom"",""source_file"":""Stockroom \u00b7 Instinct Stockroom.csv"",""source_rows"":""3139"",""classification"":""heuristic""}"
product,Recombitek C4 (DHPP),Recombitek C4 (DHPP),evh-products,true,3,0.70,"{""source_system"":""stockroom"",""source_file"":""Stockroom \u00b7 Instinct Stockroom.csv"",""source_rows"":""3139"",""classification"":""heuristic""}"
product,Recombitek C8 (DHPPL),Recombitek C8 (DHPPL),evh-products,true,3,0.70,"{""source_system"":""stockroom"",""source_file"":""Stockroom \u00b7 Instinct Stockroom.csv"",""source_rows"":""3139"",""classification"":""heuristic""}"
product,Rectal Prolapse-Reduction,Rectal Prolapse-Reduction,evh-products,true,3,0.70,"{""source_system"":""stockroom"",""source_file"":""Stockroom \u00b7 Instinct Stockroom.csv"",""source_rows"":""3139"",""classification"":""heuristic""}"
product,Relaxin ( hormone test ),Relaxin ( hormone test ),evh-products,true,3,0.70,"{""source_system"":""stockroom"",""source_file"":""Stockroom \u00b7 Instinct Stockroom.csv"",""source_rows"":""3139"",""classification"":""heuristic""}"
product,Relief Valve (Neg. Pressure),Relief Valve (Neg. Pressure),evh-products,true,3,0.70,"{""source_system"":""stockroom"",""source_file"":""Stockroom \u00b7 Instinct Stockroom.csv"",""source_rows"":""3139"",""classification"":""heuristic""}"
product,Remove Arterial Catheter,Remove Arterial Catheter,evh-products,true,3,0.70,"{""source_system"":""stockroom"",""source_file"":""Stockroom \u00b7 Instinct Stockroom.csv"",""source_rows"":""3139"",""classification"":""heuristic""}"
product,Remove Central Line Catheter,Remove Central Line Catheter,evh-products,true,3,0.70,"{""source_system"":""stockroom"",""source_file"":""Stockroom \u00b7 Instinct Stockroom.csv"",""source_rows"":""3139"",""classification"":""heuristic""}"
product,Remove Chest Tube,Remove Chest Tube,evh-products,true,3,0.70,"{""source_system"":""stockroom"",""source_file"":""Stockroom \u00b7 Instinct Stockroom.csv"",""source_rows"":""3139"",""classification"":""heuristic""}"
product,Remove Cotton from Ears,Remove Cotton from Ears,evh-products,true,3,0.70,"{""source_system"":""stockroom"",""source_file"":""Stockroom \u00b7 Instinct Stockroom.csv"",""source_rows"":""3139"",""classification"":""heuristic""}"
product,Remove Drain,Remove Drain,evh-products,true,3,0.70,"{""source_system"":""stockroom"",""source_file"":""Stockroom \u00b7 Instinct Stockroom.csv"",""source_rows"":""3139"",""classification"":""heuristic""}"
product,Remove Fecal Foley Catheter,Remove Fecal Foley Catheter,evh-products,true,3,0.70,"{""source_system"":""stockroom"",""source_file"":""Stockroom \u00b7 Instinct Stockroom.csv"",""source_rows"":""3139"",""classification"":""heuristic""}"
product,Remove Food and Water,Remove Food and Water,evh-products,true,3,0.70,"{""source_system"":""stockroom"",""source_file"":""Stockroom \u00b7 Instinct Stockroom.csv"",""source_rows"":""3139"",""classification"":""heuristic""}"
product,Remove Food Only,Remove Food Only,evh-products,true,3,0.70,"{""source_system"":""stockroom"",""source_file"":""Stockroom \u00b7 Instinct Stockroom.csv"",""source_rows"":""3139"",""classification"":""heuristic""}"
product,Remove Holter Monitor,Remove Holter Monitor,evh-products,true,3,0.70,"{""source_system"":""stockroom"",""source_file"":""Stockroom \u00b7 Instinct Stockroom.csv"",""source_rows"":""3139"",""classification"":""heuristic""}"
product,Remove IV Catheter,Remove IV Catheter,evh-products,true,3,0.70,"{""source_system"":""stockroom"",""source_file"":""Stockroom \u00b7 Instinct Stockroom.csv"",""source_rows"":""3139"",""classification"":""heuristic""}"
product,Remove NG Tube or E-tube,Remove NG Tube or E-tube,evh-products,true,3,0.70,"{""source_system"":""stockroom"",""source_file"":""Stockroom \u00b7 Instinct Stockroom.csv"",""source_rows"":""3139"",""classification"":""heuristic""}"
product,Remove Pain Patch,Remove Pain Patch,evh-products,true,3,0.70,"{""source_system"":""stockroom"",""source_file"":""Stockroom \u00b7 Instinct Stockroom.csv"",""source_rows"":""3139"",""classification"":""heuristic""}"
product,Remove Primapor,Remove Primapor,evh-products,true,3,0.70,"{""source_system"":""stockroom"",""source_file"":""Stockroom \u00b7 Instinct Stockroom.csv"",""source_rows"":""3139"",""classification"":""heuristic""}"
product,Remove Sutures / Stay Sutures,Remove Sutures / Stay Sutures,evh-products,true,3,0.70,"{""source_system"":""stockroom"",""source_file"":""Stockroom \u00b7 Instinct Stockroom.csv"",""source_rows"":""3139"",""classification"":""heuristic""}"
product,Remove Urinary Catheter,Remove Urinary Catheter,evh-products,true,3,0.70,"{""source_system"":""stockroom"",""source_file"":""Stockroom \u00b7 Instinct Stockroom.csv"",""source_rows"":""3139"",""classification"":""heuristic""}"
product,Repair of Eversion of Third Eyelid,Repair of Eversion of Third Eyelid,evh-products,true,3,0.70,"{""source_system"":""stockroom"",""source_file"":""Stockroom \u00b7 Instinct Stockroom.csv"",""source_rows"":""3139"",""classification"":""heuristic""}"
product,Replace CVC,Replace CVC,evh-products,true,3,0.70,"{""source_system"":""stockroom"",""source_file"":""Stockroom \u00b7 Instinct Stockroom.csv"",""source_rows"":""3139"",""classification"":""heuristic""}"
product,Resco Nail Trimmers Jumbo,Resco Nail Trimmers Jumbo,evh-products,true,3,0.70,"{""source_system"":""stockroom"",""source_file"":""Stockroom \u00b7 Instinct Stockroom.csv"",""source_rows"":""3139"",""classification"":""heuristic""}"
product,Respiratory Effort,Respiratory Effort,evh-products,true,3,0.70,"{""source_system"":""stockroom"",""source_file"":""Stockroom \u00b7 Instinct Stockroom.csv"",""source_rows"":""3139"",""classification"":""heuristic""}"
product,Respiratory Rate,Respiratory Rate,evh-products,true,3,0.70,"{""source_system"":""stockroom"",""source_file"":""Stockroom \u00b7 Instinct Stockroom.csv"",""source_rows"":""3139"",""classification"":""heuristic""}"
product,Resting Box,Resting Box,evh-products,true,3,0.70,"{""source_system"":""stockroom"",""source_file"":""Stockroom \u00b7 Instinct Stockroom.csv"",""source_rows"":""3139"",""classification"":""heuristic""}"
product,"Retractor Gelpi 3 5/8""","Retractor Gelpi 3 5/8""",evh-products,true,3,0.70,"{""source_system"":""stockroom"",""source_file"":""Stockroom \u00b7 Instinct Stockroom.csv"",""source_rows"":""3139"",""classification"":""heuristic""}"
product,Revolution Plus 11.1 - 22# SAMPLE,Revolution Plus 11.1 - 22# SAMPLE,evh-products,true,3,0.70,"{""source_system"":""stockroom"",""source_file"":""Stockroom \u00b7 Instinct Stockroom.csv"",""source_rows"":""3139"",""classification"":""heuristic""}"
product,Revolution Plus 2.8 - 5.5# SAMPLE,Revolution Plus 2.8 - 5.5# SAMPLE,evh-products,true,3,0.70,"{""source_system"":""stockroom"",""source_file"":""Stockroom \u00b7 Instinct Stockroom.csv"",""source_rows"":""3139"",""classification"":""heuristic""}"
product,Revolution Plus 5.6 - 11# SAMPLE,Revolution Plus 5.6 - 11# SAMPLE,evh-products,true,3,0.70,"{""source_system"":""stockroom"",""source_file"":""Stockroom \u00b7 Instinct Stockroom.csv"",""source_rows"":""3139"",""classification"":""heuristic""}"
product,Right Chest Tube (Air) - Aspirate/Maintain/Note Production,Right Chest Tube (Air) - Aspirate/Maintain/Note Production,evh-products,true,3,0.70,"{""source_system"":""stockroom"",""source_file"":""Stockroom \u00b7 Instinct Stockroom.csv"",""source_rows"":""3139"",""classification"":""heuristic""}"
product,Right Chest Tube (Fluid) - Aspirate/Maintain/Note Production,Right Chest Tube (Fluid) - Aspirate/Maintain/Note Production,evh-products,true,3,0.70,"{""source_system"":""stockroom"",""source_file"":""Stockroom \u00b7 Instinct Stockroom.csv"",""source_rows"":""3139"",""classification"":""heuristic""}"
product,Rolling Stand,Rolling Stand,evh-products,true,3,0.70,"{""source_system"":""stockroom"",""source_file"":""Stockroom \u00b7 Instinct Stockroom.csv"",""source_rows"":""3139"",""classification"":""heuristic""}"
product,Rotate / Change Perches,Rotate / Change Perches,evh-products,true,3,0.70,"{""source_system"":""stockroom"",""source_file"":""Stockroom \u00b7 Instinct Stockroom.csv"",""source_rows"":""3139"",""classification"":""heuristic""}"
product,Rotate / Turn & Note Patient Position,Rotate / Turn & Note Patient Position,evh-products,true,3,0.70,"{""source_system"":""stockroom"",""source_file"":""Stockroom \u00b7 Instinct Stockroom.csv"",""source_rows"":""3139"",""classification"":""heuristic""}"
product,Royal Canin Fel Hemat/ Urine Detect 1.4o,Royal Canin Fel Hemat/ Urine Detect 1.4o,evh-products,true,3,0.70,"{""source_system"":""stockroom"",""source_file"":""Stockroom \u00b7 Instinct Stockroom.csv"",""source_rows"":""3139"",""classification"":""heuristic""}"
product,Royal Canin Feline Gastro Fiber Resp 8.8,Royal Canin Feline Gastro Fiber Resp 8.8,evh-products,true,3,0.70,"{""source_system"":""stockroom"",""source_file"":""Stockroom \u00b7 Instinct Stockroom.csv"",""source_rows"":""3139"",""classification"":""heuristic""}"
product,Royal Canin Feline Mother/BabyCat 3oz Ca,Royal Canin Feline Mother/BabyCat 3oz Ca,evh-products,true,3,0.70,"{""source_system"":""stockroom"",""source_file"":""Stockroom \u00b7 Instinct Stockroom.csv"",""source_rows"":""3139"",""classification"":""heuristic""}"
product,Royal Canin Feline Mother/BabyCat 5.8oz,Royal Canin Feline Mother/BabyCat 5.8oz,evh-products,true,3,0.70,"{""source_system"":""stockroom"",""source_file"":""Stockroom \u00b7 Instinct Stockroom.csv"",""source_rows"":""3139"",""classification"":""heuristic""}"
product,Royal Canin Feline Mother/BabyCat 7lb Ba,Royal Canin Feline Mother/BabyCat 7lb Ba,evh-products,true,3,0.70,"{""source_system"":""stockroom"",""source_file"":""Stockroom \u00b7 Instinct Stockroom.csv"",""source_rows"":""3139"",""classification"":""heuristic""}"
product,Royal Canin Feline Multi Ren + HP 6.6# B,Royal Canin Feline Multi Ren + HP 6.6# B,evh-products,true,3,0.70,"{""source_system"":""stockroom"",""source_file"":""Stockroom \u00b7 Instinct Stockroom.csv"",""source_rows"":""3139"",""classification"":""heuristic""}"
product,Royal Canin Feline Multi UR + Calm 6.6#,Royal Canin Feline Multi UR + Calm 6.6#,evh-products,true,3,0.70,"{""source_system"":""stockroom"",""source_file"":""Stockroom \u00b7 Instinct Stockroom.csv"",""source_rows"":""3139"",""classification"":""heuristic""}"
product,Royal Canin Feline Multi UR + Satiety 6.,Royal Canin Feline Multi UR + Satiety 6.,evh-products,true,3,0.70,"{""source_system"":""stockroom"",""source_file"":""Stockroom \u00b7 Instinct Stockroom.csv"",""source_rows"":""3139"",""classification"":""heuristic""}"
product,Royal Canin Feline Renal Early Suppt 3oz,Royal Canin Feline Renal Early Suppt 3oz,evh-products,true,3,0.70,"{""source_system"":""stockroom"",""source_file"":""Stockroom \u00b7 Instinct Stockroom.csv"",""source_rows"":""3139"",""classification"":""heuristic""}"
product,Royal Canin Feline Renal Early Suppt 8.8,Royal Canin Feline Renal Early Suppt 8.8,evh-products,true,3,0.70,"{""source_system"":""stockroom"",""source_file"":""Stockroom \u00b7 Instinct Stockroom.csv"",""source_rows"":""3139"",""classification"":""heuristic""}"
product,Royal Canin Feline Renal Sup A 6.6# Bag,Royal Canin Feline Renal Sup A 6.6# Bag,evh-products,true,3,0.70,"{""source_system"":""stockroom"",""source_file"":""Stockroom \u00b7 Instinct Stockroom.csv"",""source_rows"":""3139"",""classification"":""heuristic""}"
product,Royal Canin Feline Renal Sup D 3oz Can,Royal Canin Feline Renal Sup D 3oz Can,evh-products,true,3,0.70,"{""source_system"":""stockroom"",""source_file"":""Stockroom \u00b7 Instinct Stockroom.csv"",""source_rows"":""3139"",""classification"":""heuristic""}"
product,Royal Canin Feline Renal Sup E 5.8oz Can,Royal Canin Feline Renal Sup E 5.8oz Can,evh-products,true,3,0.70,"{""source_system"":""stockroom"",""source_file"":""Stockroom \u00b7 Instinct Stockroom.csv"",""source_rows"":""3139"",""classification"":""heuristic""}"
product,Royal Canin Feline Renal Sup F 6.6# Bag,Royal Canin Feline Renal Sup F 6.6# Bag,evh-products,true,3,0.70,"{""source_system"":""stockroom"",""source_file"":""Stockroom \u00b7 Instinct Stockroom.csv"",""source_rows"":""3139"",""classification"":""heuristic""}"
product,Royal Canin Feline Satiety Wt Mgmt 7.7#,Royal Canin Feline Satiety Wt Mgmt 7.7#,evh-products,true,3,0.70,"{""source_system"":""stockroom"",""source_file"":""Stockroom \u00b7 Instinct Stockroom.csv"",""source_rows"":""3139"",""classification"":""heuristic""}"
product,Royal Canin Feline Satiety Wt Mgmt LIS 5,Royal Canin Feline Satiety Wt Mgmt LIS 5,evh-products,true,3,0.70,"{""source_system"":""stockroom"",""source_file"":""Stockroom \u00b7 Instinct Stockroom.csv"",""source_rows"":""3139"",""classification"":""heuristic""}"
product,Royal Canin Feline Select Pro PD 5.9oz C,Royal Canin Feline Select Pro PD 5.9oz C,evh-products,true,3,0.70,"{""source_system"":""stockroom"",""source_file"":""Stockroom \u00b7 Instinct Stockroom.csv"",""source_rows"":""3139"",""classification"":""heuristic""}"
product,Royal Canin Feline SO MIG 3 oz,Royal Canin Feline SO MIG 3 oz,evh-products,true,3,0.70,"{""source_system"":""stockroom"",""source_file"":""Stockroom \u00b7 Instinct Stockroom.csv"",""source_rows"":""3139"",""classification"":""heuristic""}"
product,Royal Canin Feline Ultamino 5.5lb Bag,Royal Canin Feline Ultamino 5.5lb Bag,evh-products,true,3,0.70,"{""source_system"":""stockroom"",""source_file"":""Stockroom \u00b7 Instinct Stockroom.csv"",""source_rows"":""3139"",""classification"":""heuristic""}"
product,Royal Canin Feline Ur SO 5.8oz Cans,Royal Canin Feline Ur SO 5.8oz Cans,evh-products,true,3,0.70,"{""source_system"":""stockroom"",""source_file"":""Stockroom \u00b7 Instinct Stockroom.csv"",""source_rows"":""3139"",""classification"":""heuristic""}"
product,Royal Canin Feline Ur SO 7.7# Bag,Royal Canin Feline Ur SO 7.7# Bag,evh-products,true,3,0.70,"{""source_system"":""stockroom"",""source_file"":""Stockroom \u00b7 Instinct Stockroom.csv"",""source_rows"":""3139"",""classification"":""heuristic""}"
product,Royal Canin Feline Ur SO MIG 3oz Can,Royal Canin Feline Ur SO MIG 3oz Can,evh-products,true,3,0.70,"{""source_system"":""stockroom"",""source_file"":""Stockroom \u00b7 Instinct Stockroom.csv"",""source_rows"":""3139"",""classification"":""heuristic""}"
product,Royal Canin Feline Ur SO Mod Cal 17.6# B,Royal Canin Feline Ur SO Mod Cal 17.6# B,evh-products,true,3,0.70,"{""source_system"":""stockroom"",""source_file"":""Stockroom \u00b7 Instinct Stockroom.csv"",""source_rows"":""3139"",""classification"":""heuristic""}"
product,Royal Canin Feline Ur SO Mod Cal 3oz Can,Royal Canin Feline Ur SO Mod Cal 3oz Can,evh-products,true,3,0.70,"{""source_system"":""stockroom"",""source_file"":""Stockroom \u00b7 Instinct Stockroom.csv"",""source_rows"":""3139"",""classification"":""heuristic""}"
product,Royal Canin Feline Ur SO Mod Cal 6.6# B,Royal Canin Feline Ur SO Mod Cal 6.6# B,evh-products,true,3,0.70,"{""source_system"":""stockroom"",""source_file"":""Stockroom \u00b7 Instinct Stockroom.csv"",""source_rows"":""3139"",""classification"":""heuristic""}"
product,Royal Canin Feline Ur SO Mod Cal Trial P,Royal Canin Feline Ur SO Mod Cal Trial P,evh-products,true,3,0.70,"{""source_system"":""stockroom"",""source_file"":""Stockroom \u00b7 Instinct Stockroom.csv"",""source_rows"":""3139"",""classification"":""heuristic""}"
product,Royal Canin Feline Ur SO Olfactory 7.7#,Royal Canin Feline Ur SO Olfactory 7.7#,evh-products,true,3,0.70,"{""source_system"":""stockroom"",""source_file"":""Stockroom \u00b7 Instinct Stockroom.csv"",""source_rows"":""3139"",""classification"":""heuristic""}"
product,Royal Canin K9 Chihuahua Adult 10# Bag,Royal Canin K9 Chihuahua Adult 10# Bag,evh-products,true,3,0.70,"{""source_system"":""stockroom"",""source_file"":""Stockroom \u00b7 Instinct Stockroom.csv"",""source_rows"":""3139"",""classification"":""heuristic""}"
product,Royal Canin K9 Chihuahua Adult LIS 3oz,Royal Canin K9 Chihuahua Adult LIS 3oz,evh-products,true,3,0.70,"{""source_system"":""stockroom"",""source_file"":""Stockroom \u00b7 Instinct Stockroom.csv"",""source_rows"":""3139"",""classification"":""heuristic""}"
product,Royal Canin K9 GI Lowfat 13.6oz C 47071,Royal Canin K9 GI Lowfat 13.6oz C 47071,evh-products,true,3,0.70,"{""source_system"":""stockroom"",""source_file"":""Stockroom \u00b7 Instinct Stockroom.csv"",""source_rows"":""3139"",""classification"":""heuristic""}"
product,Royal Canin K9 GI Lowfat 28.6# Bag,Royal Canin K9 GI Lowfat 28.6# Bag,evh-products,true,3,0.70,"{""source_system"":""stockroom"",""source_file"":""Stockroom \u00b7 Instinct Stockroom.csv"",""source_rows"":""3139"",""classification"":""heuristic""}"
product,Royal Canin K9 GI Lowfat 6.6# Bag,Royal Canin K9 GI Lowfat 6.6# Bag,evh-products,true,3,0.70,"{""source_system"":""stockroom"",""source_file"":""Stockroom \u00b7 Instinct Stockroom.csv"",""source_rows"":""3139"",""classification"":""heuristic""}"
product,Royal Canin K9 Hepatic 7.7# Bag,Royal Canin K9 Hepatic 7.7# Bag,evh-products,true,3,0.70,"{""source_system"":""stockroom"",""source_file"":""Stockroom \u00b7 Instinct Stockroom.csv"",""source_rows"":""3139"",""classification"":""heuristic""}"
product,Royal Canin K9 Hepatic Dry 7.7 lbs,Royal Canin K9 Hepatic Dry 7.7 lbs,evh-products,true,3,0.70,"{""source_system"":""stockroom"",""source_file"":""Stockroom \u00b7 Instinct Stockroom.csv"",""source_rows"":""3139"",""classification"":""heuristic""}"
product,Royal Canin K9 Hepatic Loaf 14.5oz Can,Royal Canin K9 Hepatic Loaf 14.5oz Can,evh-products,true,3,0.70,"{""source_system"":""stockroom"",""source_file"":""Stockroom \u00b7 Instinct Stockroom.csv"",""source_rows"":""3139"",""classification"":""heuristic""}"
product,Royal Canin K9 Hydro Prot Mod Cal 25.3#,Royal Canin K9 Hydro Prot Mod Cal 25.3#,evh-products,true,3,0.70,"{""source_system"":""stockroom"",""source_file"":""Stockroom \u00b7 Instinct Stockroom.csv"",""source_rows"":""3139"",""classification"":""heuristic""}"
product,Royal Canin K9 Hydro Prot Mod Cal 7.7# B,Royal Canin K9 Hydro Prot Mod Cal 7.7# B,evh-products,true,3,0.70,"{""source_system"":""stockroom"",""source_file"":""Stockroom \u00b7 Instinct Stockroom.csv"",""source_rows"":""3139"",""classification"":""heuristic""}"
product,Royal Canin K9 Hydro Prot Sm 8.8# Bag,Royal Canin K9 Hydro Prot Sm 8.8# Bag,evh-products,true,3,0.70,"{""source_system"":""stockroom"",""source_file"":""Stockroom \u00b7 Instinct Stockroom.csv"",""source_rows"":""3139"",""classification"":""heuristic""}"
product,Royal Canin K9 Hydro Protein 13.7oz Can,Royal Canin K9 Hydro Protein 13.7oz Can,evh-products,true,3,0.70,"{""source_system"":""stockroom"",""source_file"":""Stockroom \u00b7 Instinct Stockroom.csv"",""source_rows"":""3139"",""classification"":""heuristic""}"
product,Royal Canin K9 Hydro Protein 25.3# Bag,Royal Canin K9 Hydro Protein 25.3# Bag,evh-products,true,3,0.70,"{""source_system"":""stockroom"",""source_file"":""Stockroom \u00b7 Instinct Stockroom.csv"",""source_rows"":""3139"",""classification"":""heuristic""}"
product,Royal Canin K9 Hypoallergenic 7.7# Bag,Royal Canin K9 Hypoallergenic 7.7# Bag,evh-products,true,3,0.70,"{""source_system"":""stockroom"",""source_file"":""Stockroom \u00b7 Instinct Stockroom.csv"",""source_rows"":""3139"",""classification"":""heuristic""}"
product,Royal Canin K9 Multi Ur + Satiety 17.6#,Royal Canin K9 Multi Ur + Satiety 17.6#,evh-products,true,3,0.70,"{""source_system"":""stockroom"",""source_file"":""Stockroom \u00b7 Instinct Stockroom.csv"",""source_rows"":""3139"",""classification"":""heuristic""}"
product,Royal Canin K9 Multi Ur + Satiety 7.7# B,Royal Canin K9 Multi Ur + Satiety 7.7# B,evh-products,true,3,0.70,"{""source_system"":""stockroom"",""source_file"":""Stockroom \u00b7 Instinct Stockroom.csv"",""source_rows"":""3139"",""classification"":""heuristic""}"
product,Royal Canin K9 Renal + Mob SlG 13.1oz Ca,Royal Canin K9 Renal + Mob SlG 13.1oz Ca,evh-products,true,3,0.70,"{""source_system"":""stockroom"",""source_file"":""Stockroom \u00b7 Instinct Stockroom.csv"",""source_rows"":""3139"",""classification"":""heuristic""}"
product,Royal Canin K9 Renal LP Mod 5.5# Bag,Royal Canin K9 Renal LP Mod 5.5# Bag,evh-products,true,3,0.70,"{""source_system"":""stockroom"",""source_file"":""Stockroom \u00b7 Instinct Stockroom.csv"",""source_rows"":""3139"",""classification"":""heuristic""}"
product,Royal Canin K9 Renal Support E Loaf 13.5,Royal Canin K9 Renal Support E Loaf 13.5,evh-products,true,3,0.70,"{""source_system"":""stockroom"",""source_file"":""Stockroom \u00b7 Instinct Stockroom.csv"",""source_rows"":""3139"",""classification"":""heuristic""}"
product,Royal Canin K9 Renal Support S 6# Bag,Royal Canin K9 Renal Support S 6# Bag,evh-products,true,3,0.70,"{""source_system"":""stockroom"",""source_file"":""Stockroom \u00b7 Instinct Stockroom.csv"",""source_rows"":""3139"",""classification"":""heuristic""}"
product,Royal Canin K9 Renal Support T Pate 13.5,Royal Canin K9 Renal Support T Pate 13.5,evh-products,true,3,0.70,"{""source_system"":""stockroom"",""source_file"":""Stockroom \u00b7 Instinct Stockroom.csv"",""source_rows"":""3139"",""classification"":""heuristic""}"
product,Royal Canin K9 Satiety 13.4oz Can,Royal Canin K9 Satiety 13.4oz Can,evh-products,true,3,0.70,"{""source_system"":""stockroom"",""source_file"":""Stockroom \u00b7 Instinct Stockroom.csv"",""source_rows"":""3139"",""classification"":""heuristic""}"
product,Royal Canin K9 Satiety Small Dog 6.6# Ba,Royal Canin K9 Satiety Small Dog 6.6# Ba,evh-products,true,3,0.70,"{""source_system"":""stockroom"",""source_file"":""Stockroom \u00b7 Instinct Stockroom.csv"",""source_rows"":""3139"",""classification"":""heuristic""}"
product,Royal Canin K9 Satiety Support 7.7# Bag,Royal Canin K9 Satiety Support 7.7# Bag,evh-products,true,3,0.70,"{""source_system"":""stockroom"",""source_file"":""Stockroom \u00b7 Instinct Stockroom.csv"",""source_rows"":""3139"",""classification"":""heuristic""}"
product,Royal Canin K9 Sel Protein KO 30.8# Bag,Royal Canin K9 Sel Protein KO 30.8# Bag,evh-products,true,3,0.70,"{""source_system"":""stockroom"",""source_file"":""Stockroom \u00b7 Instinct Stockroom.csv"",""source_rows"":""3139"",""classification"":""heuristic""}"
product,Royal Canin K9 Sel Protein PV 13.6oz Can,Royal Canin K9 Sel Protein PV 13.6oz Can,evh-products,true,3,0.70,"{""source_system"":""stockroom"",""source_file"":""Stockroom \u00b7 Instinct Stockroom.csv"",""source_rows"":""3139"",""classification"":""heuristic""}"
product,Royal Canin K9 Sel Protein PW 13.6oz Can,Royal Canin K9 Sel Protein PW 13.6oz Can,evh-products,true,3,0.70,"{""source_system"":""stockroom"",""source_file"":""Stockroom \u00b7 Instinct Stockroom.csv"",""source_rows"":""3139"",""classification"":""heuristic""}"
product,Royal Canin K9 Select Pro KO 17.6# Bag,Royal Canin K9 Select Pro KO 17.6# Bag,evh-products,true,3,0.70,"{""source_system"":""stockroom"",""source_file"":""Stockroom \u00b7 Instinct Stockroom.csv"",""source_rows"":""3139"",""classification"":""heuristic""}"
product,Royal Canin K9 Select Pro PV 17.6# Bag,Royal Canin K9 Select Pro PV 17.6# Bag,evh-products,true,3,0.70,"{""source_system"":""stockroom"",""source_file"":""Stockroom \u00b7 Instinct Stockroom.csv"",""source_rows"":""3139"",""classification"":""heuristic""}"
product,Royal Canin K9 Select Pro PV 7.7# Bag,Royal Canin K9 Select Pro PV 7.7# Bag,evh-products,true,3,0.70,"{""source_system"":""stockroom"",""source_file"":""Stockroom \u00b7 Instinct Stockroom.csv"",""source_rows"":""3139"",""classification"":""heuristic""}"
product,Royal Canin K9 SP PR Can 13.5 oz,Royal Canin K9 SP PR Can 13.5 oz,evh-products,true,3,0.70,"{""source_system"":""stockroom"",""source_file"":""Stockroom \u00b7 Instinct Stockroom.csv"",""source_rows"":""3139"",""classification"":""heuristic""}"
product,Royal Canin K9 Ultamino 19.8# Bag,Royal Canin K9 Ultamino 19.8# Bag,evh-products,true,3,0.70,"{""source_system"":""stockroom"",""source_file"":""Stockroom \u00b7 Instinct Stockroom.csv"",""source_rows"":""3139"",""classification"":""heuristic""}"
product,Royal Canin K9 Ultamino 8.8# Bag,Royal Canin K9 Ultamino 8.8# Bag,evh-products,true,3,0.70,"{""source_system"":""stockroom"",""source_file"":""Stockroom \u00b7 Instinct Stockroom.csv"",""source_rows"":""3139"",""classification"":""heuristic""}"
product,Royal Canin K9 Ur SO 13.6oz Can,Royal Canin K9 Ur SO 13.6oz Can,evh-products,true,3,0.70,"{""source_system"":""stockroom"",""source_file"":""Stockroom \u00b7 Instinct Stockroom.csv"",""source_rows"":""3139"",""classification"":""heuristic""}"
product,Royal Canin K9 Ur SO Mod Cal 7.7# Bag,Royal Canin K9 Ur SO Mod Cal 7.7# Bag,evh-products,true,3,0.70,"{""source_system"":""stockroom"",""source_file"":""Stockroom \u00b7 Instinct Stockroom.csv"",""source_rows"":""3139"",""classification"":""heuristic""}"
product,Royal Canin K9 Ur SO Mod Cal TSIG 12.5o,Royal Canin K9 Ur SO Mod Cal TSIG 12.5o,evh-products,true,3,0.70,"{""source_system"":""stockroom"",""source_file"":""Stockroom \u00b7 Instinct Stockroom.csv"",""source_rows"":""3139"",""classification"":""heuristic""}"
product,Royal Canin K9 Ur SO TSIG 12.5oz Can,Royal Canin K9 Ur SO TSIG 12.5oz Can,evh-products,true,3,0.70,"{""source_system"":""stockroom"",""source_file"":""Stockroom \u00b7 Instinct Stockroom.csv"",""source_rows"":""3139"",""classification"":""heuristic""}"
product,"Ruskin Rongeur 7"" Curved","Ruskin Rongeur 7"" Curved",evh-products,true,3,0.70,"{""source_system"":""stockroom"",""source_file"":""Stockroom \u00b7 Instinct Stockroom.csv"",""source_rows"":""3139"",""classification"":""heuristic""}"
product,RX Adequan 100mg/ml INJ (BOX of 2),RX Adequan 100mg/ml INJ (BOX of 2),evh-products,true,3,0.70,"{""source_system"":""stockroom"",""source_file"":""Stockroom \u00b7 Instinct Stockroom.csv"",""source_rows"":""3139"",""classification"":""heuristic""}"
product,RX Adequan Equine 50ml Bottle,RX Adequan Equine 50ml Bottle,evh-products,true,3,0.70,"{""source_system"":""stockroom"",""source_file"":""Stockroom \u00b7 Instinct Stockroom.csv"",""source_rows"":""3139"",""classification"":""heuristic""}"
product,RX Albon Oral Suspension 5% 473ml Bottle,RX Albon Oral Suspension 5% 473ml Bottle,evh-products,true,3,0.70,"{""source_system"":""stockroom"",""source_file"":""Stockroom \u00b7 Instinct Stockroom.csv"",""source_rows"":""3139"",""classification"":""heuristic""}"
product,RX Albon Oral Suspension 5% 60ml bottle,RX Albon Oral Suspension 5% 60ml bottle,evh-products,true,3,0.70,"{""source_system"":""stockroom"",""source_file"":""Stockroom \u00b7 Instinct Stockroom.csv"",""source_rows"":""3139"",""classification"":""heuristic""}"
product,RX Atopivet Mousse 8.4 oz Bottle,RX Atopivet Mousse 8.4 oz Bottle,evh-products,true,3,0.70,"{""source_system"":""stockroom"",""source_file"":""Stockroom \u00b7 Instinct Stockroom.csv"",""source_rows"":""3139"",""classification"":""heuristic""}"
product,RX Atopivet Spot On Topical ( 8 Pipettes ),RX Atopivet Spot On Topical ( 8 Pipettes ),evh-products,true,3,0.70,"{""source_system"":""stockroom"",""source_file"":""Stockroom \u00b7 Instinct Stockroom.csv"",""source_rows"":""3139"",""classification"":""heuristic""}"
product,RX Avmaquin 45ct Bottle,RX Avmaquin 45ct Bottle,evh-products,true,3,0.70,"{""source_system"":""stockroom"",""source_file"":""Stockroom \u00b7 Instinct Stockroom.csv"",""source_rows"":""3139"",""classification"":""heuristic""}"
product,RX Ayradia 125mg/ml Susp 30ml Bottle,RX Ayradia 125mg/ml Susp 30ml Bottle,evh-products,true,3,0.70,"{""source_system"":""stockroom"",""source_file"":""Stockroom \u00b7 Instinct Stockroom.csv"",""source_rows"":""3139"",""classification"":""heuristic""}"
product,RX Ayradia 125mg/ml Susp. 100 ml Bottle,RX Ayradia 125mg/ml Susp. 100 ml Bottle,evh-products,true,3,0.70,"{""source_system"":""stockroom"",""source_file"":""Stockroom \u00b7 Instinct Stockroom.csv"",""source_rows"":""3139"",""classification"":""heuristic""}"
product,RX Bladder Support Tablets 60ct,RX Bladder Support Tablets 60ct,evh-products,true,3,0.70,"{""source_system"":""stockroom"",""source_file"":""Stockroom \u00b7 Instinct Stockroom.csv"",""source_rows"":""3139"",""classification"":""heuristic""}"
product,RX Capstar / Single Dose / Large,RX Capstar / Single Dose / Large,evh-products,true,3,0.70,"{""source_system"":""stockroom"",""source_file"":""Stockroom \u00b7 Instinct Stockroom.csv"",""source_rows"":""3139"",""classification"":""heuristic""}"
product,RX Capstar/ Single Dose / Small,RX Capstar/ Single Dose / Small,evh-products,true,3,0.70,"{""source_system"":""stockroom"",""source_file"":""Stockroom \u00b7 Instinct Stockroom.csv"",""source_rows"":""3139"",""classification"":""heuristic""}"
product,RX Cat Lax 2 oz Tube,RX Cat Lax 2 oz Tube,evh-products,true,3,0.70,"{""source_system"":""stockroom"",""source_file"":""Stockroom \u00b7 Instinct Stockroom.csv"",""source_rows"":""3139"",""classification"":""heuristic""}"
product,RX Centragard Large 5.6-16.5 lbs,RX Centragard Large 5.6-16.5 lbs,evh-products,true,3,0.70,"{""source_system"":""stockroom"",""source_file"":""Stockroom \u00b7 Instinct Stockroom.csv"",""source_rows"":""3139"",""classification"":""heuristic""}"
product,RX Centragard Small 1.8 - 5.5lbs,RX Centragard Small 1.8 - 5.5lbs,evh-products,true,3,0.70,"{""source_system"":""stockroom"",""source_file"":""Stockroom \u00b7 Instinct Stockroom.csv"",""source_rows"":""3139"",""classification"":""heuristic""}"
product,RX Cervical Formula 200ct Teapill,RX Cervical Formula 200ct Teapill,evh-products,true,3,0.70,"{""source_system"":""stockroom"",""source_file"":""Stockroom \u00b7 Instinct Stockroom.csv"",""source_rows"":""3139"",""classification"":""heuristic""}"
product,RX Ciprofloxacin Opth. Sol.,RX Ciprofloxacin Opth. Sol.,evh-products,true,3,0.70,"{""source_system"":""stockroom"",""source_file"":""Stockroom \u00b7 Instinct Stockroom.csv"",""source_rows"":""3139"",""classification"":""heuristic""}"
product,RX Cobalequin B12 Supp Cats/Small Dog <22lb,RX Cobalequin B12 Supp Cats/Small Dog <22lb,evh-products,true,3,0.70,"{""source_system"":""stockroom"",""source_file"":""Stockroom \u00b7 Instinct Stockroom.csv"",""source_rows"":""3139"",""classification"":""heuristic""}"
product,RX Cobalequin B12 Supp. Dogs >22lbs,RX Cobalequin B12 Supp. Dogs >22lbs,evh-products,true,3,0.70,"{""source_system"":""stockroom"",""source_file"":""Stockroom \u00b7 Instinct Stockroom.csv"",""source_rows"":""3139"",""classification"":""heuristic""}"
product,RX Concentrated Xue Fu Zhe Yu (100ct),RX Concentrated Xue Fu Zhe Yu (100ct),evh-products,true,3,0.70,"{""source_system"":""stockroom"",""source_file"":""Stockroom \u00b7 Instinct Stockroom.csv"",""source_rows"":""3139"",""classification"":""heuristic""}"
product,RX Concentrated Yang Yin Xi Feng 100ct,RX Concentrated Yang Yin Xi Feng 100ct,evh-products,true,3,0.70,"{""source_system"":""stockroom"",""source_file"":""Stockroom \u00b7 Instinct Stockroom.csv"",""source_rows"":""3139"",""classification"":""heuristic""}"
product,RX Cough Tablets,RX Cough Tablets,evh-products,true,3,0.70,"{""source_system"":""stockroom"",""source_file"":""Stockroom \u00b7 Instinct Stockroom.csv"",""source_rows"":""3139"",""classification"":""heuristic""}"
product,RX Dasuquin Advanced for Cats,RX Dasuquin Advanced for Cats,evh-products,true,3,0.70,"{""source_system"":""stockroom"",""source_file"":""Stockroom \u00b7 Instinct Stockroom.csv"",""source_rows"":""3139"",""classification"":""heuristic""}"
product,RX Di Tan Tang Teapill 200ct,RX Di Tan Tang Teapill 200ct,evh-products,true,3,0.70,"{""source_system"":""stockroom"",""source_file"":""Stockroom \u00b7 Instinct Stockroom.csv"",""source_rows"":""3139"",""classification"":""heuristic""}"
product,RX Douxo Chlorhexidine 3% PS Pads 30ct,RX Douxo Chlorhexidine 3% PS Pads 30ct,evh-products,true,3,0.70,"{""source_system"":""stockroom"",""source_file"":""Stockroom \u00b7 Instinct Stockroom.csv"",""source_rows"":""3139"",""classification"":""heuristic""}"
product,RX Ear - KC Oto Pack,RX Ear - KC Oto Pack,evh-products,true,3,0.70,"{""source_system"":""stockroom"",""source_file"":""Stockroom \u00b7 Instinct Stockroom.csv"",""source_rows"":""3139"",""classification"":""heuristic""}"
product,RX Ear - Oti-Pack,RX Ear - Oti-Pack,evh-products,true,3,0.70,"{""source_system"":""stockroom"",""source_file"":""Stockroom \u00b7 Instinct Stockroom.csv"",""source_rows"":""3139"",""classification"":""heuristic""}"
product,RX Elura 20mg/ml Oral Susp. (15 ml Bottle),RX Elura 20mg/ml Oral Susp. (15 ml Bottle),evh-products,true,3,0.70,"{""source_system"":""stockroom"",""source_file"":""Stockroom \u00b7 Instinct Stockroom.csv"",""source_rows"":""3139"",""classification"":""heuristic""}"
product,RX Entyce App Stimulant 30mg/ml 10ml Bottle,RX Entyce App Stimulant 30mg/ml 10ml Bottle,evh-products,true,3,0.70,"{""source_system"":""stockroom"",""source_file"":""Stockroom \u00b7 Instinct Stockroom.csv"",""source_rows"":""3139"",""classification"":""heuristic""}"
product,RX Epakitin 300gm Bottle,RX Epakitin 300gm Bottle,evh-products,true,3,0.70,"{""source_system"":""stockroom"",""source_file"":""Stockroom \u00b7 Instinct Stockroom.csv"",""source_rows"":""3139"",""classification"":""heuristic""}"
product,RX External Wind 200 Teapill,RX External Wind 200 Teapill,evh-products,true,3,0.70,"{""source_system"":""stockroom"",""source_file"":""Stockroom \u00b7 Instinct Stockroom.csv"",""source_rows"":""3139"",""classification"":""heuristic""}"
product,RX fee,RX fee,evh-products,true,3,0.70,"{""source_system"":""stockroom"",""source_file"":""Stockroom \u00b7 Instinct Stockroom.csv"",""source_rows"":""3139"",""classification"":""heuristic""}"
product,RX Fortiflora - SA Feline / K9 Box,RX Fortiflora - SA Feline / K9 Box,evh-products,true,3,0.70,"{""source_system"":""stockroom"",""source_file"":""Stockroom \u00b7 Instinct Stockroom.csv"",""source_rows"":""3139"",""classification"":""heuristic""}"
product,RX Four Gentlemen 200 Teapill/Si,RX Four Gentlemen 200 Teapill/Si,evh-products,true,3,0.70,"{""source_system"":""stockroom"",""source_file"":""Stockroom \u00b7 Instinct Stockroom.csv"",""source_rows"":""3139"",""classification"":""heuristic""}"
product,RX Galliprant 100mg 7 ct. SAMPLE,RX Galliprant 100mg 7 ct. SAMPLE,evh-products,true,3,0.70,"{""source_system"":""stockroom"",""source_file"":""Stockroom \u00b7 Instinct Stockroom.csv"",""source_rows"":""3139"",""classification"":""heuristic""}"
product,RX Galliprant 20mg  7ct SAMPLE,RX Galliprant 20mg  7ct SAMPLE,evh-products,true,3,0.70,"{""source_system"":""stockroom"",""source_file"":""Stockroom \u00b7 Instinct Stockroom.csv"",""source_rows"":""3139"",""classification"":""heuristic""}"
product,RX Galliprant 60mg 7ct SAMPLE,RX Galliprant 60mg 7ct SAMPLE,evh-products,true,3,0.70,"{""source_system"":""stockroom"",""source_file"":""Stockroom \u00b7 Instinct Stockroom.csv"",""source_rows"":""3139"",""classification"":""heuristic""}"
product,RX Hemp Mobility Chews Over 50lbs 62ct Bag,RX Hemp Mobility Chews Over 50lbs 62ct Bag,evh-products,true,3,0.70,"{""source_system"":""stockroom"",""source_file"":""Stockroom \u00b7 Instinct Stockroom.csv"",""source_rows"":""3139"",""classification"":""heuristic""}"
product,RX Hemp Mobility Chews Under 50lbs 62ct Bag,RX Hemp Mobility Chews Under 50lbs 62ct Bag,evh-products,true,3,0.70,"{""source_system"":""stockroom"",""source_file"":""Stockroom \u00b7 Instinct Stockroom.csv"",""source_rows"":""3139"",""classification"":""heuristic""}"
product,RX Hemp Oil Soft Gels Extra Large Dog,RX Hemp Oil Soft Gels Extra Large Dog,evh-products,true,3,0.70,"{""source_system"":""stockroom"",""source_file"":""Stockroom \u00b7 Instinct Stockroom.csv"",""source_rows"":""3139"",""classification"":""heuristic""}"
product,RX Hemp Oil Soft Gels for Large Dogs,RX Hemp Oil Soft Gels for Large Dogs,evh-products,true,3,0.70,"{""source_system"":""stockroom"",""source_file"":""Stockroom \u00b7 Instinct Stockroom.csv"",""source_rows"":""3139"",""classification"":""heuristic""}"
product,RX Hemp Oil Soft Gels for Small Dogs,RX Hemp Oil Soft Gels for Small Dogs,evh-products,true,3,0.70,"{""source_system"":""stockroom"",""source_file"":""Stockroom \u00b7 Instinct Stockroom.csv"",""source_rows"":""3139"",""classification"":""heuristic""}"
product,RX Hindquarter Weakness 200ct Teapill,RX Hindquarter Weakness 200ct Teapill,evh-products,true,3,0.70,"{""source_system"":""stockroom"",""source_file"":""Stockroom \u00b7 Instinct Stockroom.csv"",""source_rows"":""3139"",""classification"":""heuristic""}"
product,RX ICF Tris - NAC Ear Solution 120ml Bottle,RX ICF Tris - NAC Ear Solution 120ml Bottle,evh-products,true,3,0.70,"{""source_system"":""stockroom"",""source_file"":""Stockroom \u00b7 Instinct Stockroom.csv"",""source_rows"":""3139"",""classification"":""heuristic""}"
product,RX Immunotherapy Injection Vials Initial TX (Set of 2),RX Immunotherapy Injection Vials Initial TX (Set of 2),evh-products,true,3,0.70,"{""source_system"":""stockroom"",""source_file"":""Stockroom \u00b7 Instinct Stockroom.csv"",""source_rows"":""3139"",""classification"":""heuristic""}"
product,RX Incurin 1mg 30ct TAB (Box),RX Incurin 1mg 30ct TAB (Box),evh-products,true,3,0.70,"{""source_system"":""stockroom"",""source_file"":""Stockroom \u00b7 Instinct Stockroom.csv"",""source_rows"":""3139"",""classification"":""heuristic""}"
product,RX K-BroVet 250mg Chewable TAB Bottle,RX K-BroVet 250mg Chewable TAB Bottle,evh-products,true,3,0.70,"{""source_system"":""stockroom"",""source_file"":""Stockroom \u00b7 Instinct Stockroom.csv"",""source_rows"":""3139"",""classification"":""heuristic""}"
product,RX Laverdia 10mg Bottle,RX Laverdia 10mg Bottle,evh-products,true,3,0.70,"{""source_system"":""stockroom"",""source_file"":""Stockroom \u00b7 Instinct Stockroom.csv"",""source_rows"":""3139"",""classification"":""heuristic""}"
product,RX Laverdia 2.5mg Bottle,RX Laverdia 2.5mg Bottle,evh-products,true,3,0.70,"{""source_system"":""stockroom"",""source_file"":""Stockroom \u00b7 Instinct Stockroom.csv"",""source_rows"":""3139"",""classification"":""heuristic""}"
product,RX Laverdia 50mg Bottle,RX Laverdia 50mg Bottle,evh-products,true,3,0.70,"{""source_system"":""stockroom"",""source_file"":""Stockroom \u00b7 Instinct Stockroom.csv"",""source_rows"":""3139"",""classification"":""heuristic""}"
product,RX Max's Formula 200 Teapill,RX Max's Formula 200 Teapill,evh-products,true,3,0.70,"{""source_system"":""stockroom"",""source_file"":""Stockroom \u00b7 Instinct Stockroom.csv"",""source_rows"":""3139"",""classification"":""heuristic""}"
product,RX Meloxicam 1.5mg/ml LIQ 100 ml Bottle,RX Meloxicam 1.5mg/ml LIQ 100 ml Bottle,evh-products,true,3,0.70,"{""source_system"":""stockroom"",""source_file"":""Stockroom \u00b7 Instinct Stockroom.csv"",""source_rows"":""3139"",""classification"":""heuristic""}"
product,RX Meloxicam 1.5mg/ml LIQ 10ml Bottle,RX Meloxicam 1.5mg/ml LIQ 10ml Bottle,evh-products,true,3,0.70,"{""source_system"":""stockroom"",""source_file"":""Stockroom \u00b7 Instinct Stockroom.csv"",""source_rows"":""3139"",""classification"":""heuristic""}"
product,RX Meloxicam 1.5mg/ml LIQ 32ml Bottle,RX Meloxicam 1.5mg/ml LIQ 32ml Bottle,evh-products,true,3,0.70,"{""source_system"":""stockroom"",""source_file"":""Stockroom \u00b7 Instinct Stockroom.csv"",""source_rows"":""3139"",""classification"":""heuristic""}"
product,RX Naraquin Feline/K9 60 ct. Bottle CAP,RX Naraquin Feline/K9 60 ct. Bottle CAP,evh-products,true,3,0.70,"{""source_system"":""stockroom"",""source_file"":""Stockroom \u00b7 Instinct Stockroom.csv"",""source_rows"":""3139"",""classification"":""heuristic""}"
product,RX Neo-Predef (Tetracaine) 15gr Powder,RX Neo-Predef (Tetracaine) 15gr Powder,evh-products,true,3,0.70,"{""source_system"":""stockroom"",""source_file"":""Stockroom \u00b7 Instinct Stockroom.csv"",""source_rows"":""3139"",""classification"":""heuristic""}"
product,RX Neopoly HC Otic Sol 10cc,RX Neopoly HC Otic Sol 10cc,evh-products,true,3,0.70,"{""source_system"":""stockroom"",""source_file"":""Stockroom \u00b7 Instinct Stockroom.csv"",""source_rows"":""3139"",""classification"":""heuristic""}"
product,RX Nin Jiom Pei Pa Koa(Chuan Bei Pi Pa Gao),RX Nin Jiom Pei Pa Koa(Chuan Bei Pi Pa Gao),evh-products,true,3,0.70,"{""source_system"":""stockroom"",""source_file"":""Stockroom \u00b7 Instinct Stockroom.csv"",""source_rows"":""3139"",""classification"":""heuristic""}"
product,RX Onsior 6mg (3 ct) - Per Pack,RX Onsior 6mg (3 ct) - Per Pack,evh-products,true,3,0.70,"{""source_system"":""stockroom"",""source_file"":""Stockroom \u00b7 Instinct Stockroom.csv"",""source_rows"":""3139"",""classification"":""heuristic""}"
product,RX Oseltamivir 75mg CAP Box of 10,RX Oseltamivir 75mg CAP Box of 10,evh-products,true,3,0.70,"{""source_system"":""stockroom"",""source_file"":""Stockroom \u00b7 Instinct Stockroom.csv"",""source_rows"":""3139"",""classification"":""heuristic""}"
product,RX Oti-Pack-E Otic,RX Oti-Pack-E Otic,evh-products,true,3,0.70,"{""source_system"":""stockroom"",""source_file"":""Stockroom \u00b7 Instinct Stockroom.csv"",""source_rows"":""3139"",""classification"":""heuristic""}"
product,RX Oti-Pack-KT Otic,RX Oti-Pack-KT Otic,evh-products,true,3,0.70,"{""source_system"":""stockroom"",""source_file"":""Stockroom \u00b7 Instinct Stockroom.csv"",""source_rows"":""3139"",""classification"":""heuristic""}"
product,RX Pantoprazole 20mg TAB (90ct) Bottle,RX Pantoprazole 20mg TAB (90ct) Bottle,evh-products,true,3,0.70,"{""source_system"":""stockroom"",""source_file"":""Stockroom \u00b7 Instinct Stockroom.csv"",""source_rows"":""3139"",""classification"":""heuristic""}"
product,RX Pantoprazole 40mg TAB (90ct) Bottle,RX Pantoprazole 40mg TAB (90ct) Bottle,evh-products,true,3,0.70,"{""source_system"":""stockroom"",""source_file"":""Stockroom \u00b7 Instinct Stockroom.csv"",""source_rows"":""3139"",""classification"":""heuristic""}"
product,RX Pet-Tinic 4oz,RX Pet-Tinic 4oz,evh-products,true,3,0.70,"{""source_system"":""stockroom"",""source_file"":""Stockroom \u00b7 Instinct Stockroom.csv"",""source_rows"":""3139"",""classification"":""heuristic""}"
product,RX Proin 75mg Chew TAB 60ct. bottle,RX Proin 75mg Chew TAB 60ct. bottle,evh-products,true,3,0.70,"{""source_system"":""stockroom"",""source_file"":""Stockroom \u00b7 Instinct Stockroom.csv"",""source_rows"":""3139"",""classification"":""heuristic""}"
product,RX Proin ER 145mg (30ct Bottle),RX Proin ER 145mg (30ct Bottle),evh-products,true,3,0.70,"{""source_system"":""stockroom"",""source_file"":""Stockroom \u00b7 Instinct Stockroom.csv"",""source_rows"":""3139"",""classification"":""heuristic""}"
product,RX Proin ER 18mg (30ct Bottle),RX Proin ER 18mg (30ct Bottle),evh-products,true,3,0.70,"{""source_system"":""stockroom"",""source_file"":""Stockroom \u00b7 Instinct Stockroom.csv"",""source_rows"":""3139"",""classification"":""heuristic""}"
product,RX Proin ER 38mg (30ct Bottle),RX Proin ER 38mg (30ct Bottle),evh-products,true,3,0.70,"{""source_system"":""stockroom"",""source_file"":""Stockroom \u00b7 Instinct Stockroom.csv"",""source_rows"":""3139"",""classification"":""heuristic""}"
product,RX Proin ER 74mg (30ct Bottle),RX Proin ER 74mg (30ct Bottle),evh-products,true,3,0.70,"{""source_system"":""stockroom"",""source_file"":""Stockroom \u00b7 Instinct Stockroom.csv"",""source_rows"":""3139"",""classification"":""heuristic""}"
product,RX Proin ER 74mg (90ct Bottle),RX Proin ER 74mg (90ct Bottle),evh-products,true,3,0.70,"{""source_system"":""stockroom"",""source_file"":""Stockroom \u00b7 Instinct Stockroom.csv"",""source_rows"":""3139"",""classification"":""heuristic""}"
product,RX ProZinc Insulin 40U/ml (10 ml Bottle),RX ProZinc Insulin 40U/ml (10 ml Bottle),evh-products,true,3,0.70,"{""source_system"":""stockroom"",""source_file"":""Stockroom \u00b7 Instinct Stockroom.csv"",""source_rows"":""3139"",""classification"":""heuristic""}"
product,RX Prozinc Insulin 40U/ml (20ml Bottle),RX Prozinc Insulin 40U/ml (20ml Bottle),evh-products,true,3,0.70,"{""source_system"":""stockroom"",""source_file"":""Stockroom \u00b7 Instinct Stockroom.csv"",""source_rows"":""3139"",""classification"":""heuristic""}"
product,RX Purina Hydracare 3oz Sachet,RX Purina Hydracare 3oz Sachet,evh-products,true,3,0.70,"{""source_system"":""stockroom"",""source_file"":""Stockroom \u00b7 Instinct Stockroom.csv"",""source_rows"":""3139"",""classification"":""heuristic""}"
product,RX Rehmannia 11 (200ct),RX Rehmannia 11 (200ct),evh-products,true,3,0.70,"{""source_system"":""stockroom"",""source_file"":""Stockroom \u00b7 Instinct Stockroom.csv"",""source_rows"":""3139"",""classification"":""heuristic""}"
product,RX Rehmannia 14 (200ct),RX Rehmannia 14 (200ct),evh-products,true,3,0.70,"{""source_system"":""stockroom"",""source_file"":""Stockroom \u00b7 Instinct Stockroom.csv"",""source_rows"":""3139"",""classification"":""heuristic""}"
product,RX Sargassum Jade Pot Capsules 100ct,RX Sargassum Jade Pot Capsules 100ct,evh-products,true,3,0.70,"{""source_system"":""stockroom"",""source_file"":""Stockroom \u00b7 Instinct Stockroom.csv"",""source_rows"":""3139"",""classification"":""heuristic""}"
product,RX Semintra Oral Susp. 10mg/ml 35ml Bottle,RX Semintra Oral Susp. 10mg/ml 35ml Bottle,evh-products,true,3,0.70,"{""source_system"":""stockroom"",""source_file"":""Stockroom \u00b7 Instinct Stockroom.csv"",""source_rows"":""3139"",""classification"":""heuristic""}"
product,RX Senvelgo 30ml Bottle,RX Senvelgo 30ml Bottle,evh-products,true,3,0.70,"{""source_system"":""stockroom"",""source_file"":""Stockroom \u00b7 Instinct Stockroom.csv"",""source_rows"":""3139"",""classification"":""heuristic""}"
product,RX Shen Calmer 200ct Teapill,RX Shen Calmer 200ct Teapill,evh-products,true,3,0.70,"{""source_system"":""stockroom"",""source_file"":""Stockroom \u00b7 Instinct Stockroom.csv"",""source_rows"":""3139"",""classification"":""heuristic""}"
product,RX SimpliSolve CBD Sheets 15ct,RX SimpliSolve CBD Sheets 15ct,evh-products,true,3,0.70,"{""source_system"":""stockroom"",""source_file"":""Stockroom \u00b7 Instinct Stockroom.csv"",""source_rows"":""3139"",""classification"":""heuristic""}"
product,RX SimpliSolve CBD Sheets 40ct,RX SimpliSolve CBD Sheets 40ct,evh-products,true,3,0.70,"{""source_system"":""stockroom"",""source_file"":""Stockroom \u00b7 Instinct Stockroom.csv"",""source_rows"":""3139"",""classification"":""heuristic""}"
product,RX Stasis Breaker (100ct) Bottle CAP,RX Stasis Breaker (100ct) Bottle CAP,evh-products,true,3,0.70,"{""source_system"":""stockroom"",""source_file"":""Stockroom \u00b7 Instinct Stockroom.csv"",""source_rows"":""3139"",""classification"":""heuristic""}"
product,RX Stasis Breaker (200ct) Bottle CAP,RX Stasis Breaker (200ct) Bottle CAP,evh-products,true,3,0.70,"{""source_system"":""stockroom"",""source_file"":""Stockroom \u00b7 Instinct Stockroom.csv"",""source_rows"":""3139"",""classification"":""heuristic""}"
product,RX Stasis in Mans. of Mind 90g Bottle,RX Stasis in Mans. of Mind 90g Bottle,evh-products,true,3,0.70,"{""source_system"":""stockroom"",""source_file"":""Stockroom \u00b7 Instinct Stockroom.csv"",""source_rows"":""3139"",""classification"":""heuristic""}"
product,RX Stomach Happy Teapill 100ct,RX Stomach Happy Teapill 100ct,evh-products,true,3,0.70,"{""source_system"":""stockroom"",""source_file"":""Stockroom \u00b7 Instinct Stockroom.csv"",""source_rows"":""3139"",""classification"":""heuristic""}"
product,RX Suffusion K Mousse 6.8 oz Bottle,RX Suffusion K Mousse 6.8 oz Bottle,evh-products,true,3,0.70,"{""source_system"":""stockroom"",""source_file"":""Stockroom \u00b7 Instinct Stockroom.csv"",""source_rows"":""3139"",""classification"":""heuristic""}"
product,RX Suffusion K Wipes 30ct,RX Suffusion K Wipes 30ct,evh-products,true,3,0.70,"{""source_system"":""stockroom"",""source_file"":""Stockroom \u00b7 Instinct Stockroom.csv"",""source_rows"":""3139"",""classification"":""heuristic""}"
product,RX Suffusion P + PS Mousse 200ml Bottle,RX Suffusion P + PS Mousse 200ml Bottle,evh-products,true,3,0.70,"{""source_system"":""stockroom"",""source_file"":""Stockroom \u00b7 Instinct Stockroom.csv"",""source_rows"":""3139"",""classification"":""heuristic""}"
product,RX Tresaderm 7.5 ml Bottle,RX Tresaderm 7.5 ml Bottle,evh-products,true,3,0.70,"{""source_system"":""stockroom"",""source_file"":""Stockroom \u00b7 Instinct Stockroom.csv"",""source_rows"":""3139"",""classification"":""heuristic""}"
product,RX TRIZEDTA Flush 16oz Bottle,RX TRIZEDTA Flush 16oz Bottle,evh-products,true,3,0.70,"{""source_system"":""stockroom"",""source_file"":""Stockroom \u00b7 Instinct Stockroom.csv"",""source_rows"":""3139"",""classification"":""heuristic""}"
product,RX Trizultra / Keto 12oz Bottle,RX Trizultra / Keto 12oz Bottle,evh-products,true,3,0.70,"{""source_system"":""stockroom"",""source_file"":""Stockroom \u00b7 Instinct Stockroom.csv"",""source_rows"":""3139"",""classification"":""heuristic""}"
product,RX UpCard ( Torsemide ) 2mg/ml 32 ml Bottle,RX UpCard ( Torsemide ) 2mg/ml 32 ml Bottle,evh-products,true,3,0.70,"{""source_system"":""stockroom"",""source_file"":""Stockroom \u00b7 Instinct Stockroom.csv"",""source_rows"":""3139"",""classification"":""heuristic""}"
product,RX Varenzin 25mg/ml Susp. 27ml Bottle,RX Varenzin 25mg/ml Susp. 27ml Bottle,evh-products,true,3,0.70,"{""source_system"":""stockroom"",""source_file"":""Stockroom \u00b7 Instinct Stockroom.csv"",""source_rows"":""3139"",""classification"":""heuristic""}"
product,RX VC Tear Stain Liquid 4oz,RX VC Tear Stain Liquid 4oz,evh-products,true,3,0.70,"{""source_system"":""stockroom"",""source_file"":""Stockroom \u00b7 Instinct Stockroom.csv"",""source_rows"":""3139"",""classification"":""heuristic""}"
product,RX Vetmedin 1.5mg/ml Susp. 50ml Bottle,RX Vetmedin 1.5mg/ml Susp. 50ml Bottle,evh-products,true,3,0.70,"{""source_system"":""stockroom"",""source_file"":""Stockroom \u00b7 Instinct Stockroom.csv"",""source_rows"":""3139"",""classification"":""heuristic""}"
product,RX Vetri Science Renal Essent. Pro LIQ.,RX Vetri Science Renal Essent. Pro LIQ.,evh-products,true,3,0.70,"{""source_system"":""stockroom"",""source_file"":""Stockroom \u00b7 Instinct Stockroom.csv"",""source_rows"":""3139"",""classification"":""heuristic""}"
product,RX Vetri-Lysine Plus 120ct,RX Vetri-Lysine Plus 120ct,evh-products,true,3,0.70,"{""source_system"":""stockroom"",""source_file"":""Stockroom \u00b7 Instinct Stockroom.csv"",""source_rows"":""3139"",""classification"":""heuristic""}"
product,RX Vetsulin 10 ml Bottle,RX Vetsulin 10 ml Bottle,evh-products,true,3,0.70,"{""source_system"":""stockroom"",""source_file"":""Stockroom \u00b7 Instinct Stockroom.csv"",""source_rows"":""3139"",""classification"":""heuristic""}"
product,RX Visbiome Probiotic CAP 40ct Bottle,RX Visbiome Probiotic CAP 40ct Bottle,evh-products,true,3,0.70,"{""source_system"":""stockroom"",""source_file"":""Stockroom \u00b7 Instinct Stockroom.csv"",""source_rows"":""3139"",""classification"":""heuristic""}"
product,RX Vitamin B-12 5000mcg/ml 100ml Bottle,RX Vitamin B-12 5000mcg/ml 100ml Bottle,evh-products,true,3,0.70,"{""source_system"":""stockroom"",""source_file"":""Stockroom \u00b7 Instinct Stockroom.csv"",""source_rows"":""3139"",""classification"":""heuristic""}"
product,RX Wei Qi Booster CAP 100ct Bottle,RX Wei Qi Booster CAP 100ct Bottle,evh-products,true,3,0.70,"{""source_system"":""stockroom"",""source_file"":""Stockroom \u00b7 Instinct Stockroom.csv"",""source_rows"":""3139"",""classification"":""heuristic""}"
product,RX Yunnan Bai Yao Herbal Supl CAP 16ct Box,RX Yunnan Bai Yao Herbal Supl CAP 16ct Box,evh-products,true,3,0.70,"{""source_system"":""stockroom"",""source_file"":""Stockroom \u00b7 Instinct Stockroom.csv"",""source_rows"":""3139"",""classification"":""heuristic""}"
product,Sanicloth Disinfectant Wipes,Sanicloth Disinfectant Wipes,evh-products,true,3,0.70,"{""source_system"":""stockroom"",""source_file"":""Stockroom \u00b7 Instinct Stockroom.csv"",""source_rows"":""3139"",""classification"":""heuristic""}"
product,Sanitary clip,Sanitary clip,evh-products,true,3,0.70,"{""source_system"":""stockroom"",""source_file"":""Stockroom \u00b7 Instinct Stockroom.csv"",""source_rows"":""3139"",""classification"":""heuristic""}"
product,Sanitary Wash,Sanitary Wash,evh-products,true,3,0.70,"{""source_system"":""stockroom"",""source_file"":""Stockroom \u00b7 Instinct Stockroom.csv"",""source_rows"":""3139"",""classification"":""heuristic""}"
product,Save Blood Tubes,Save Blood Tubes,evh-products,true,3,0.70,"{""source_system"":""stockroom"",""source_file"":""Stockroom \u00b7 Instinct Stockroom.csv"",""source_rows"":""3139"",""classification"":""heuristic""}"
product,Save Feces,Save Feces,evh-products,true,3,0.70,"{""source_system"":""stockroom"",""source_file"":""Stockroom \u00b7 Instinct Stockroom.csv"",""source_rows"":""3139"",""classification"":""heuristic""}"
product,Save Urine,Save Urine,evh-products,true,3,0.70,"{""source_system"":""stockroom"",""source_file"":""Stockroom \u00b7 Instinct Stockroom.csv"",""source_rows"":""3139"",""classification"":""heuristic""}"
product,Schirmer Tear Test,Schirmer Tear Test,evh-products,true,3,0.70,"{""source_system"":""stockroom"",""source_file"":""Stockroom \u00b7 Instinct Stockroom.csv"",""source_rows"":""3139"",""classification"":""heuristic""}"
product,Schirmer tear test (Record Vitals),Schirmer tear test (Record Vitals),evh-products,true,3,0.70,"{""source_system"":""stockroom"",""source_file"":""Stockroom \u00b7 Instinct Stockroom.csv"",""source_rows"":""3139"",""classification"":""heuristic""}"
product,Schirmer Tear Test (STT) - OD,Schirmer Tear Test (STT) - OD,evh-products,true,3,0.70,"{""source_system"":""stockroom"",""source_file"":""Stockroom \u00b7 Instinct Stockroom.csv"",""source_rows"":""3139"",""classification"":""heuristic""}"
product,Schirmer Tear Test (STT) - OS,Schirmer Tear Test (STT) - OS,evh-products,true,3,0.70,"{""source_system"":""stockroom"",""source_file"":""Stockroom \u00b7 Instinct Stockroom.csv"",""source_rows"":""3139"",""classification"":""heuristic""}"
product,Schuco Vac S130 Aspirator Tubing Kit,Schuco Vac S130 Aspirator Tubing Kit,evh-products,true,3,0.70,"{""source_system"":""stockroom"",""source_file"":""Stockroom \u00b7 Instinct Stockroom.csv"",""source_rows"":""3139"",""classification"":""heuristic""}"
product,Science Select.Bal.Diet Chinchilla 4.6lb,Science Select.Bal.Diet Chinchilla 4.6lb,evh-products,true,3,0.70,"{""source_system"":""stockroom"",""source_file"":""Stockroom \u00b7 Instinct Stockroom.csv"",""source_rows"":""3139"",""classification"":""heuristic""}"
product,Scoop (0.5cc),Scoop (0.5cc),evh-products,true,3,0.70,"{""source_system"":""stockroom"",""source_file"":""Stockroom \u00b7 Instinct Stockroom.csv"",""source_rows"":""3139"",""classification"":""heuristic""}"
product,Scoop (1.5cc),Scoop (1.5cc),evh-products,true,3,0.70,"{""source_system"":""stockroom"",""source_file"":""Stockroom \u00b7 Instinct Stockroom.csv"",""source_rows"":""3139"",""classification"":""heuristic""}"
product,Scrub Surgical Instruments,Scrub Surgical Instruments,evh-products,true,3,0.70,"{""source_system"":""stockroom"",""source_file"":""Stockroom \u00b7 Instinct Stockroom.csv"",""source_rows"":""3139"",""classification"":""heuristic""}"
product,"Securolon #2-O FS 30""","Securolon #2-O FS 30""",evh-products,true,3,0.70,"{""source_system"":""stockroom"",""source_file"":""Stockroom \u00b7 Instinct Stockroom.csv"",""source_rows"":""3139"",""classification"":""heuristic""}"
product,Shake Well Stickers 500/roll,Shake Well Stickers 500/roll,evh-products,true,3,0.70,"{""source_system"":""stockroom"",""source_file"":""Stockroom \u00b7 Instinct Stockroom.csv"",""source_rows"":""3139"",""classification"":""heuristic""}"
product,Sheet Protectors,Sheet Protectors,evh-products,true,3,0.70,"{""source_system"":""stockroom"",""source_file"":""Stockroom \u00b7 Instinct Stockroom.csv"",""source_rows"":""3139"",""classification"":""heuristic""}"
product,Shipping charges,Shipping charges,evh-products,true,3,0.70,"{""source_system"":""stockroom"",""source_file"":""Stockroom \u00b7 Instinct Stockroom.csv"",""source_rows"":""3139"",""classification"":""heuristic""}"
product,Sialocentesis,Sialocentesis,evh-products,true,3,0.70,"{""source_system"":""stockroom"",""source_file"":""Stockroom \u00b7 Instinct Stockroom.csv"",""source_rows"":""3139"",""classification"":""heuristic""}"
product,Side flap divider (Client Divider),Side flap divider (Client Divider),evh-products,true,3,0.70,"{""source_system"":""stockroom"",""source_file"":""Stockroom \u00b7 Instinct Stockroom.csv"",""source_rows"":""3139"",""classification"":""heuristic""}"
product,Silver Nitrate sticks,Silver Nitrate sticks,evh-products,true,3,0.70,"{""source_system"":""stockroom"",""source_file"":""Stockroom \u00b7 Instinct Stockroom.csv"",""source_rows"":""3139"",""classification"":""heuristic""}"
product,Silvet Antifungal Antimicrob. Sham. 4oz,Silvet Antifungal Antimicrob. Sham. 4oz,evh-products,true,3,0.70,"{""source_system"":""stockroom"",""source_file"":""Stockroom \u00b7 Instinct Stockroom.csv"",""source_rows"":""3139"",""classification"":""heuristic""}"
product,Simoniz Lemon Liq. Laundey detergent,Simoniz Lemon Liq. Laundey detergent,evh-products,true,3,0.70,"{""source_system"":""stockroom"",""source_file"":""Stockroom \u00b7 Instinct Stockroom.csv"",""source_rows"":""3139"",""classification"":""heuristic""}"
product,Simparica Trio 11 - 22# SAMPLE,Simparica Trio 11 - 22# SAMPLE,evh-products,true,3,0.70,"{""source_system"":""stockroom"",""source_file"":""Stockroom \u00b7 Instinct Stockroom.csv"",""source_rows"":""3139"",""classification"":""heuristic""}"
product,Simparica Trio 2.8 - 5.5# SAMPLE,Simparica Trio 2.8 - 5.5# SAMPLE,evh-products,true,3,0.70,"{""source_system"":""stockroom"",""source_file"":""Stockroom \u00b7 Instinct Stockroom.csv"",""source_rows"":""3139"",""classification"":""heuristic""}"
product,Simparica Trio 22 - 44# SAMPLE,Simparica Trio 22 - 44# SAMPLE,evh-products,true,3,0.70,"{""source_system"":""stockroom"",""source_file"":""Stockroom \u00b7 Instinct Stockroom.csv"",""source_rows"":""3139"",""classification"":""heuristic""}"
product,Simparica Trio 44 - 88# SAMPLE,Simparica Trio 44 - 88# SAMPLE,evh-products,true,3,0.70,"{""source_system"":""stockroom"",""source_file"":""Stockroom \u00b7 Instinct Stockroom.csv"",""source_rows"":""3139"",""classification"":""heuristic""}"
product,Simparica Trio 5.6 - 11# SAMPLE,Simparica Trio 5.6 - 11# SAMPLE,evh-products,true,3,0.70,"{""source_system"":""stockroom"",""source_file"":""Stockroom \u00b7 Instinct Stockroom.csv"",""source_rows"":""3139"",""classification"":""heuristic""}"
product,Simparica Trio 88 - 132# SAMPLE,Simparica Trio 88 - 132# SAMPLE,evh-products,true,3,0.70,"{""source_system"":""stockroom"",""source_file"":""Stockroom \u00b7 Instinct Stockroom.csv"",""source_rows"":""3139"",""classification"":""heuristic""}"
product,Skin Stapler Remover,Skin Stapler Remover,evh-products,true,3,0.70,"{""source_system"":""stockroom"",""source_file"":""Stockroom \u00b7 Instinct Stockroom.csv"",""source_rows"":""3139"",""classification"":""heuristic""}"
product,Skin Stapler Wide,Skin Stapler Wide,evh-products,true,3,0.70,"{""source_system"":""stockroom"",""source_file"":""Stockroom \u00b7 Instinct Stockroom.csv"",""source_rows"":""3139"",""classification"":""heuristic""}"
product,Snap Pro BNP Feline Test,Snap Pro BNP Feline Test,evh-products,true,3,0.70,"{""source_system"":""stockroom"",""source_file"":""Stockroom \u00b7 Instinct Stockroom.csv"",""source_rows"":""3139"",""classification"":""heuristic""}"
product,Soak: Warm Water 15-20 Min,Soak: Warm Water 15-20 Min,evh-products,true,3,0.70,"{""source_system"":""stockroom"",""source_file"":""Stockroom \u00b7 Instinct Stockroom.csv"",""source_rows"":""3139"",""classification"":""heuristic""}"
product,Sodasorb Co2 Absorbent 5 Gallon,Sodasorb Co2 Absorbent 5 Gallon,evh-products,true,3,0.70,"{""source_system"":""stockroom"",""source_file"":""Stockroom \u00b7 Instinct Stockroom.csv"",""source_rows"":""3139"",""classification"":""heuristic""}"
product,Sodium Chloride 0.9% 1 Liter,Sodium Chloride 0.9% 1 Liter,evh-products,true,3,0.70,"{""source_system"":""stockroom"",""source_file"":""Stockroom \u00b7 Instinct Stockroom.csv"",""source_rows"":""3139"",""classification"":""heuristic""}"
product,Soft E Collar X-Small,Soft E Collar X-Small,evh-products,true,3,0.70,"{""source_system"":""stockroom"",""source_file"":""Stockroom \u00b7 Instinct Stockroom.csv"",""source_rows"":""3139"",""classification"":""heuristic""}"
product,Soft Palate Resection,Soft Palate Resection,evh-products,true,3,0.70,"{""source_system"":""stockroom"",""source_file"":""Stockroom \u00b7 Instinct Stockroom.csv"",""source_rows"":""3139"",""classification"":""heuristic""}"
product,Soft Paws Application,Soft Paws Application,evh-products,true,3,0.70,"{""source_system"":""stockroom"",""source_file"":""Stockroom \u00b7 Instinct Stockroom.csv"",""source_rows"":""3139"",""classification"":""heuristic""}"
product,Soniquence 3 Button Fingerswitch Wand,Soniquence 3 Button Fingerswitch Wand,evh-products,true,3,0.70,"{""source_system"":""stockroom"",""source_file"":""Stockroom \u00b7 Instinct Stockroom.csv"",""source_rows"":""3139"",""classification"":""heuristic""}"
product,Soniquence Cautery Device Kit,Soniquence Cautery Device Kit,evh-products,true,3,0.70,"{""source_system"":""stockroom"",""source_file"":""Stockroom \u00b7 Instinct Stockroom.csv"",""source_rows"":""3139"",""classification"":""heuristic""}"
product,Soniquence Monopolar SP Pack Kit,Soniquence Monopolar SP Pack Kit,evh-products,true,3,0.70,"{""source_system"":""stockroom"",""source_file"":""Stockroom \u00b7 Instinct Stockroom.csv"",""source_rows"":""3139"",""classification"":""heuristic""}"
product,Soniquence Sp-Tips 3mm Ball,Soniquence Sp-Tips 3mm Ball,evh-products,true,3,0.70,"{""source_system"":""stockroom"",""source_file"":""Stockroom \u00b7 Instinct Stockroom.csv"",""source_rows"":""3139"",""classification"":""heuristic""}"
product,Soniquence SP-Tips 5mm Loop,Soniquence SP-Tips 5mm Loop,evh-products,true,3,0.70,"{""source_system"":""stockroom"",""source_file"":""Stockroom \u00b7 Instinct Stockroom.csv"",""source_rows"":""3139"",""classification"":""heuristic""}"
product,Soniquence SP-Tips Fine Wire 3cm,Soniquence SP-Tips Fine Wire 3cm,evh-products,true,3,0.70,"{""source_system"":""stockroom"",""source_file"":""Stockroom \u00b7 Instinct Stockroom.csv"",""source_rows"":""3139"",""classification"":""heuristic""}"
product,Space Oragnizer,Space Oragnizer,evh-products,true,3,0.70,"{""source_system"":""stockroom"",""source_file"":""Stockroom \u00b7 Instinct Stockroom.csv"",""source_rows"":""3139"",""classification"":""heuristic""}"
product,"Spinal Needle 22g x 2.5""","Spinal Needle 22g x 2.5""",evh-products,true,3,0.70,"{""source_system"":""stockroom"",""source_file"":""Stockroom \u00b7 Instinct Stockroom.csv"",""source_rows"":""3139"",""classification"":""heuristic""}"
product,Splenectomy,Splenectomy,evh-products,true,3,0.70,"{""source_system"":""stockroom"",""source_file"":""Stockroom \u00b7 Instinct Stockroom.csv"",""source_rows"":""3139"",""classification"":""heuristic""}"
product,Sponges Lap Sterile,Sponges Lap Sterile,evh-products,true,3,0.70,"{""source_system"":""stockroom"",""source_file"":""Stockroom \u00b7 Instinct Stockroom.csv"",""source_rows"":""3139"",""classification"":""heuristic""}"
product,Spray Bottle,Spray Bottle,evh-products,true,3,0.70,"{""source_system"":""stockroom"",""source_file"":""Stockroom \u00b7 Instinct Stockroom.csv"",""source_rows"":""3139"",""classification"":""heuristic""}"
product,Springfusor Syringe Pump 10ml,Springfusor Syringe Pump 10ml,evh-products,true,3,0.70,"{""source_system"":""stockroom"",""source_file"":""Stockroom \u00b7 Instinct Stockroom.csv"",""source_rows"":""3139"",""classification"":""heuristic""}"
product,Stain Diff Quick Fixative,Stain Diff Quick Fixative,evh-products,true,3,0.70,"{""source_system"":""stockroom"",""source_file"":""Stockroom \u00b7 Instinct Stockroom.csv"",""source_rows"":""3139"",""classification"":""heuristic""}"
product,Stain Diff Rapid Refill Kit,Stain Diff Rapid Refill Kit,evh-products,true,3,0.70,"{""source_system"":""stockroom"",""source_file"":""Stockroom \u00b7 Instinct Stockroom.csv"",""source_rows"":""3139"",""classification"":""heuristic""}"
product,Stain New Methylene Blue,Stain New Methylene Blue,evh-products,true,3,0.70,"{""source_system"":""stockroom"",""source_file"":""Stockroom \u00b7 Instinct Stockroom.csv"",""source_rows"":""3139"",""classification"":""heuristic""}"
product,Stainless Steel Bowl 1PT,Stainless Steel Bowl 1PT,evh-products,true,3,0.70,"{""source_system"":""stockroom"",""source_file"":""Stockroom \u00b7 Instinct Stockroom.csv"",""source_rows"":""3139"",""classification"":""heuristic""}"
product,Stainless Steel Bowl 2QT,Stainless Steel Bowl 2QT,evh-products,true,3,0.70,"{""source_system"":""stockroom"",""source_file"":""Stockroom \u00b7 Instinct Stockroom.csv"",""source_rows"":""3139"",""classification"":""heuristic""}"
product,Stainless Steel Pail 13 Quart,Stainless Steel Pail 13 Quart,evh-products,true,3,0.70,"{""source_system"":""stockroom"",""source_file"":""Stockroom \u00b7 Instinct Stockroom.csv"",""source_rows"":""3139"",""classification"":""heuristic""}"
product,Staple Removal,Staple Removal,evh-products,true,3,0.70,"{""source_system"":""stockroom"",""source_file"":""Stockroom \u00b7 Instinct Stockroom.csv"",""source_rows"":""3139"",""classification"":""heuristic""}"
product,Statspin VT Centrifuge,Statspin VT Centrifuge,evh-products,true,3,0.70,"{""source_system"":""stockroom"",""source_file"":""Stockroom \u00b7 Instinct Stockroom.csv"",""source_rows"":""3139"",""classification"":""heuristic""}"
product,Stenotic Nares Repair,Stenotic Nares Repair,evh-products,true,3,0.70,"{""source_system"":""stockroom"",""source_file"":""Stockroom \u00b7 Instinct Stockroom.csv"",""source_rows"":""3139"",""classification"":""heuristic""}"
product,Sterile Pouches ( pk 200 ),Sterile Pouches ( pk 200 ),evh-products,true,3,0.70,"{""source_system"":""stockroom"",""source_file"":""Stockroom \u00b7 Instinct Stockroom.csv"",""source_rows"":""3139"",""classification"":""heuristic""}"
product,Sterile tubing 6X100',Sterile tubing 6X100',evh-products,true,3,0.70,"{""source_system"":""stockroom"",""source_file"":""Stockroom \u00b7 Instinct Stockroom.csv"",""source_rows"":""3139"",""classification"":""heuristic""}"
product,Sterile Water for Injection,Sterile Water for Injection,evh-products,true,3,0.70,"{""source_system"":""stockroom"",""source_file"":""Stockroom \u00b7 Instinct Stockroom.csv"",""source_rows"":""3139"",""classification"":""heuristic""}"
product,Sterilization indicator,Sterilization indicator,evh-products,true,3,0.70,"{""source_system"":""stockroom"",""source_file"":""Stockroom \u00b7 Instinct Stockroom.csv"",""source_rows"":""3139"",""classification"":""heuristic""}"
product,Steth Ear Tip,Steth Ear Tip,evh-products,true,3,0.70,"{""source_system"":""stockroom"",""source_file"":""Stockroom \u00b7 Instinct Stockroom.csv"",""source_rows"":""3139"",""classification"":""heuristic""}"
product,"Stockinet Cotton 3""x25YD","Stockinet Cotton 3""x25YD",evh-products,true,3,0.70,"{""source_system"":""stockroom"",""source_file"":""Stockroom \u00b7 Instinct Stockroom.csv"",""source_rows"":""3139"",""classification"":""heuristic""}"
product,Stomach tube 1/2in,Stomach tube 1/2in,evh-products,true,3,0.70,"{""source_system"":""stockroom"",""source_file"":""Stockroom \u00b7 Instinct Stockroom.csv"",""source_rows"":""3139"",""classification"":""heuristic""}"
product,Stone Analysis to Minnesota,Stone Analysis to Minnesota,evh-products,true,3,0.70,"{""source_system"":""stockroom"",""source_file"":""Stockroom \u00b7 Instinct Stockroom.csv"",""source_rows"":""3139"",""classification"":""heuristic""}"
product,Stop Bordetella,Stop Bordetella,evh-products,true,3,0.70,"{""source_system"":""stockroom"",""source_file"":""Stockroom \u00b7 Instinct Stockroom.csv"",""source_rows"":""3139"",""classification"":""heuristic""}"
product,Stop Dpc,Stop Dpc,evh-products,true,3,0.70,"{""source_system"":""stockroom"",""source_file"":""Stockroom \u00b7 Instinct Stockroom.csv"",""source_rows"":""3139"",""classification"":""heuristic""}"
product,Stop Fecal,Stop Fecal,evh-products,true,3,0.70,"{""source_system"":""stockroom"",""source_file"":""Stockroom \u00b7 Instinct Stockroom.csv"",""source_rows"":""3139"",""classification"":""heuristic""}"
product,Stop FIV,Stop FIV,evh-products,true,3,0.70,"{""source_system"":""stockroom"",""source_file"":""Stockroom \u00b7 Instinct Stockroom.csv"",""source_rows"":""3139"",""classification"":""heuristic""}"
product,Stop Fvr,Stop Fvr,evh-products,true,3,0.70,"{""source_system"":""stockroom"",""source_file"":""Stockroom \u00b7 Instinct Stockroom.csv"",""source_rows"":""3139"",""classification"":""heuristic""}"
product,Stop Influenza,Stop Influenza,evh-products,true,3,0.70,"{""source_system"":""stockroom"",""source_file"":""Stockroom \u00b7 Instinct Stockroom.csv"",""source_rows"":""3139"",""classification"":""heuristic""}"
product,Stop Labwork Recs,Stop Labwork Recs,evh-products,true,3,0.70,"{""source_system"":""stockroom"",""source_file"":""Stockroom \u00b7 Instinct Stockroom.csv"",""source_rows"":""3139"",""classification"":""heuristic""}"
product,Stop Lepto,Stop Lepto,evh-products,true,3,0.70,"{""source_system"":""stockroom"",""source_file"":""Stockroom \u00b7 Instinct Stockroom.csv"",""source_rows"":""3139"",""classification"":""heuristic""}"
product,Stop Leukemia,Stop Leukemia,evh-products,true,3,0.70,"{""source_system"":""stockroom"",""source_file"":""Stockroom \u00b7 Instinct Stockroom.csv"",""source_rows"":""3139"",""classification"":""heuristic""}"
product,Stop Lyme,Stop Lyme,evh-products,true,3,0.70,"{""source_system"":""stockroom"",""source_file"":""Stockroom \u00b7 Instinct Stockroom.csv"",""source_rows"":""3139"",""classification"":""heuristic""}"
product,Stopcock 3-way,Stopcock 3-way,evh-products,true,3,0.70,"{""source_system"":""stockroom"",""source_file"":""Stockroom \u00b7 Instinct Stockroom.csv"",""source_rows"":""3139"",""classification"":""heuristic""}"
product,Stress Reducing Supplement for Boarding,Stress Reducing Supplement for Boarding,evh-products,true,3,0.70,"{""source_system"":""stockroom"",""source_file"":""Stockroom \u00b7 Instinct Stockroom.csv"",""source_rows"":""3139"",""classification"":""heuristic""}"
product,Subcutaneous Fluid Set /Needles (10),Subcutaneous Fluid Set /Needles (10),evh-products,true,3,0.70,"{""source_system"":""stockroom"",""source_file"":""Stockroom \u00b7 Instinct Stockroom.csv"",""source_rows"":""3139"",""classification"":""heuristic""}"
product,Suction Airway - tracheostomy tube,Suction Airway - tracheostomy tube,evh-products,true,3,0.70,"{""source_system"":""stockroom"",""source_file"":""Stockroom \u00b7 Instinct Stockroom.csv"",""source_rows"":""3139"",""classification"":""heuristic""}"
product,Suction Endotracheal Tube,Suction Endotracheal Tube,evh-products,true,3,0.70,"{""source_system"":""stockroom"",""source_file"":""Stockroom \u00b7 Instinct Stockroom.csv"",""source_rows"":""3139"",""classification"":""heuristic""}"
product,Suction Handle Yankauer,Suction Handle Yankauer,evh-products,true,3,0.70,"{""source_system"":""stockroom"",""source_file"":""Stockroom \u00b7 Instinct Stockroom.csv"",""source_rows"":""3139"",""classification"":""heuristic""}"
product,Suction Tube 12',Suction Tube 12',evh-products,true,3,0.70,"{""source_system"":""stockroom"",""source_file"":""Stockroom \u00b7 Instinct Stockroom.csv"",""source_rows"":""3139"",""classification"":""heuristic""}"
product,Suction Tube 6,Suction Tube 6,evh-products,true,3,0.70,"{""source_system"":""stockroom"",""source_file"":""Stockroom \u00b7 Instinct Stockroom.csv"",""source_rows"":""3139"",""classification"":""heuristic""}"
product,SunTech BP Cuff #3 (6-11cm),SunTech BP Cuff #3 (6-11cm),evh-products,true,3,0.70,"{""source_system"":""stockroom"",""source_file"":""Stockroom \u00b7 Instinct Stockroom.csv"",""source_rows"":""3139"",""classification"":""heuristic""}"
product,SunTech BP Cuff Orange (3-6cm),SunTech BP Cuff Orange (3-6cm),evh-products,true,3,0.70,"{""source_system"":""stockroom"",""source_file"":""Stockroom \u00b7 Instinct Stockroom.csv"",""source_rows"":""3139"",""classification"":""heuristic""}"
product,Surflash cath 20x1,Surflash cath 20x1,evh-products,true,3,0.70,"{""source_system"":""stockroom"",""source_file"":""Stockroom \u00b7 Instinct Stockroom.csv"",""source_rows"":""3139"",""classification"":""heuristic""}"
product,Surflash cath 22x1,Surflash cath 22x1,evh-products,true,3,0.70,"{""source_system"":""stockroom"",""source_file"":""Stockroom \u00b7 Instinct Stockroom.csv"",""source_rows"":""3139"",""classification"":""heuristic""}"
product,Surflash cath 24ga,Surflash cath 24ga,evh-products,true,3,0.70,"{""source_system"":""stockroom"",""source_file"":""Stockroom \u00b7 Instinct Stockroom.csv"",""source_rows"":""3139"",""classification"":""heuristic""}"
product,"Surflo Cath 14gx2""","Surflo Cath 14gx2""",evh-products,true,3,0.70,"{""source_system"":""stockroom"",""source_file"":""Stockroom \u00b7 Instinct Stockroom.csv"",""source_rows"":""3139"",""classification"":""heuristic""}"
product,"Surflo Cath 16gx2""","Surflo Cath 16gx2""",evh-products,true,3,0.70,"{""source_system"":""stockroom"",""source_file"":""Stockroom \u00b7 Instinct Stockroom.csv"",""source_rows"":""3139"",""classification"":""heuristic""}"
product,"Surflo Cath 18gx2""","Surflo Cath 18gx2""",evh-products,true,3,0.70,"{""source_system"":""stockroom"",""source_file"":""Stockroom \u00b7 Instinct Stockroom.csv"",""source_rows"":""3139"",""classification"":""heuristic""}"
product,Surflo Cath 20x1x22,Surflo Cath 20x1x22,evh-products,true,3,0.70,"{""source_system"":""stockroom"",""source_file"":""Stockroom \u00b7 Instinct Stockroom.csv"",""source_rows"":""3139"",""classification"":""heuristic""}"
product,"Surflo Cath 20x2""","Surflo Cath 20x2""",evh-products,true,3,0.70,"{""source_system"":""stockroom"",""source_file"":""Stockroom \u00b7 Instinct Stockroom.csv"",""source_rows"":""3139"",""classification"":""heuristic""}"
product,Surflo Cath 22x1x24,Surflo Cath 22x1x24,evh-products,true,3,0.70,"{""source_system"":""stockroom"",""source_file"":""Stockroom \u00b7 Instinct Stockroom.csv"",""source_rows"":""3139"",""classification"":""heuristic""}"
product,Surflo Cath 24x3/4,Surflo Cath 24x3/4,evh-products,true,3,0.70,"{""source_system"":""stockroom"",""source_file"":""Stockroom \u00b7 Instinct Stockroom.csv"",""source_rows"":""3139"",""classification"":""heuristic""}"
product,Surg Gown X-Large Cotton,Surg Gown X-Large Cotton,evh-products,true,3,0.70,"{""source_system"":""stockroom"",""source_file"":""Stockroom \u00b7 Instinct Stockroom.csv"",""source_rows"":""3139"",""classification"":""heuristic""}"
product,Surgical Histopathology UF,Surgical Histopathology UF,evh-products,true,3,0.70,"{""source_system"":""stockroom"",""source_file"":""Stockroom \u00b7 Instinct Stockroom.csv"",""source_rows"":""3139"",""classification"":""heuristic""}"
product,Surgical Scrub Brushes,Surgical Scrub Brushes,evh-products,true,3,0.70,"{""source_system"":""stockroom"",""source_file"":""Stockroom \u00b7 Instinct Stockroom.csv"",""source_rows"":""3139"",""classification"":""heuristic""}"
product,Surgical Tiedowns (Set of 4),Surgical Tiedowns (Set of 4),evh-products,true,3,0.70,"{""source_system"":""stockroom"",""source_file"":""Stockroom \u00b7 Instinct Stockroom.csv"",""source_rows"":""3139"",""classification"":""heuristic""}"
product,Surgidrape 100yd,Surgidrape 100yd,evh-products,true,3,0.70,"{""source_system"":""stockroom"",""source_file"":""Stockroom \u00b7 Instinct Stockroom.csv"",""source_rows"":""3139"",""classification"":""heuristic""}"
product,Suture Removal,Suture Removal,evh-products,true,3,0.70,"{""source_system"":""stockroom"",""source_file"":""Stockroom \u00b7 Instinct Stockroom.csv"",""source_rows"":""3139"",""classification"":""heuristic""}"
product,Suture Scissors,Suture Scissors,evh-products,true,3,0.70,"{""source_system"":""stockroom"",""source_file"":""Stockroom \u00b7 Instinct Stockroom.csv"",""source_rows"":""3139"",""classification"":""heuristic""}"
product,Syringe 10ml  (100ct),Syringe 10ml  (100ct),evh-products,true,3,0.70,"{""source_system"":""stockroom"",""source_file"":""Stockroom \u00b7 Instinct Stockroom.csv"",""source_rows"":""3139"",""classification"":""heuristic""}"
product,Syringe 10ml  Slip Tip (100ct),Syringe 10ml  Slip Tip (100ct),evh-products,true,3,0.70,"{""source_system"":""stockroom"",""source_file"":""Stockroom \u00b7 Instinct Stockroom.csv"",""source_rows"":""3139"",""classification"":""heuristic""}"
product,Syringe 1cc 25 X 5/8 (100ct),Syringe 1cc 25 X 5/8 (100ct),evh-products,true,3,0.70,"{""source_system"":""stockroom"",""source_file"":""Stockroom \u00b7 Instinct Stockroom.csv"",""source_rows"":""3139"",""classification"":""heuristic""}"
product,Syringe 20ml,Syringe 20ml,evh-products,true,3,0.70,"{""source_system"":""stockroom"",""source_file"":""Stockroom \u00b7 Instinct Stockroom.csv"",""source_rows"":""3139"",""classification"":""heuristic""}"
product,Syringe 3cc 22 X 3/4(100ct),Syringe 3cc 22 X 3/4(100ct),evh-products,true,3,0.70,"{""source_system"":""stockroom"",""source_file"":""Stockroom \u00b7 Instinct Stockroom.csv"",""source_rows"":""3139"",""classification"":""heuristic""}"
product,Syringe 5ml,Syringe 5ml,evh-products,true,3,0.70,"{""source_system"":""stockroom"",""source_file"":""Stockroom \u00b7 Instinct Stockroom.csv"",""source_rows"":""3139"",""classification"":""heuristic""}"
product,Syringe 60ml 25 Catheter tip,Syringe 60ml 25 Catheter tip,evh-products,true,3,0.70,"{""source_system"":""stockroom"",""source_file"":""Stockroom \u00b7 Instinct Stockroom.csv"",""source_rows"":""3139"",""classification"":""heuristic""}"
product,Syringe Feed,Syringe Feed,evh-products,true,3,0.70,"{""source_system"":""stockroom"",""source_file"":""Stockroom \u00b7 Instinct Stockroom.csv"",""source_rows"":""3139"",""classification"":""heuristic""}"
product,T Pad 15X22,T Pad 15X22,evh-products,true,3,0.70,"{""source_system"":""stockroom"",""source_file"":""Stockroom \u00b7 Instinct Stockroom.csv"",""source_rows"":""3139"",""classification"":""heuristic""}"
product,T Pad H/D,T Pad H/D,evh-products,true,3,0.70,"{""source_system"":""stockroom"",""source_file"":""Stockroom \u00b7 Instinct Stockroom.csv"",""source_rows"":""3139"",""classification"":""heuristic""}"
product,T-FAST Scan,T-FAST Scan,evh-products,true,3,0.70,"{""source_system"":""stockroom"",""source_file"":""Stockroom \u00b7 Instinct Stockroom.csv"",""source_rows"":""3139"",""classification"":""heuristic""}"
product,Tail Amputation,Tail Amputation,evh-products,true,3,0.70,"{""source_system"":""stockroom"",""source_file"":""Stockroom \u00b7 Instinct Stockroom.csv"",""source_rows"":""3139"",""classification"":""heuristic""}"
product,Taurine Analysis to UC Davis (P & WB),Taurine Analysis to UC Davis (P & WB),evh-products,true,3,0.70,"{""source_system"":""stockroom"",""source_file"":""Stockroom \u00b7 Instinct Stockroom.csv"",""source_rows"":""3139"",""classification"":""heuristic""}"
product,TCELL Dispensor,TCELL Dispensor,evh-products,true,3,0.70,"{""source_system"":""stockroom"",""source_file"":""Stockroom \u00b7 Instinct Stockroom.csv"",""source_rows"":""3139"",""classification"":""heuristic""}"
product,Tearflo Strips 100,Tearflo Strips 100,evh-products,true,3,0.70,"{""source_system"":""stockroom"",""source_file"":""Stockroom \u00b7 Instinct Stockroom.csv"",""source_rows"":""3139"",""classification"":""heuristic""}"
product,Tearless Shampoo Fruity Scent 16oz,Tearless Shampoo Fruity Scent 16oz,evh-products,true,3,0.70,"{""source_system"":""stockroom"",""source_file"":""Stockroom \u00b7 Instinct Stockroom.csv"",""source_rows"":""3139"",""classification"":""heuristic""}"
product,Telemetry Monitoring,Telemetry Monitoring,evh-products,true,3,0.70,"{""source_system"":""stockroom"",""source_file"":""Stockroom \u00b7 Instinct Stockroom.csv"",""source_rows"":""3139"",""classification"":""heuristic""}"
product,Telfa Pads 3-4,Telfa Pads 3-4,evh-products,true,3,0.70,"{""source_system"":""stockroom"",""source_file"":""Stockroom \u00b7 Instinct Stockroom.csv"",""source_rows"":""3139"",""classification"":""heuristic""}"
product,Temperature,Temperature,evh-products,true,3,0.70,"{""source_system"":""stockroom"",""source_file"":""Stockroom \u00b7 Instinct Stockroom.csv"",""source_rows"":""3139"",""classification"":""heuristic""}"
product,Tendenectomy - Declaw Salvage,Tendenectomy - Declaw Salvage,evh-products,true,3,0.70,"{""source_system"":""stockroom"",""source_file"":""Stockroom \u00b7 Instinct Stockroom.csv"",""source_rows"":""3139"",""classification"":""heuristic""}"
product,Texas A&M Cortisol,Texas A&M Cortisol,evh-products,true,3,0.70,"{""source_system"":""stockroom"",""source_file"":""Stockroom \u00b7 Instinct Stockroom.csv"",""source_rows"":""3139"",""classification"":""heuristic""}"
product,Texas A&M Potassium Bromide Levels,Texas A&M Potassium Bromide Levels,evh-products,true,3,0.70,"{""source_system"":""stockroom"",""source_file"":""Stockroom \u00b7 Instinct Stockroom.csv"",""source_rows"":""3139"",""classification"":""heuristic""}"
product,Thermometer covers,Thermometer covers,evh-products,true,3,0.70,"{""source_system"":""stockroom"",""source_file"":""Stockroom \u00b7 Instinct Stockroom.csv"",""source_rows"":""3139"",""classification"":""heuristic""}"
product,Thermometers-rectal,Thermometers-rectal,evh-products,true,3,0.70,"{""source_system"":""stockroom"",""source_file"":""Stockroom \u00b7 Instinct Stockroom.csv"",""source_rows"":""3139"",""classification"":""heuristic""}"
product,Thoracentesis - Left (mLs),Thoracentesis - Left (mLs),evh-products,true,3,0.70,"{""source_system"":""stockroom"",""source_file"":""Stockroom \u00b7 Instinct Stockroom.csv"",""source_rows"":""3139"",""classification"":""heuristic""}"
product,Thoracentesis - Right (mLs),Thoracentesis - Right (mLs),evh-products,true,3,0.70,"{""source_system"":""stockroom"",""source_file"":""Stockroom \u00b7 Instinct Stockroom.csv"",""source_rows"":""3139"",""classification"":""heuristic""}"
product,Thoracocentesis - Diagnostic,Thoracocentesis - Diagnostic,evh-products,true,3,0.70,"{""source_system"":""stockroom"",""source_file"":""Stockroom \u00b7 Instinct Stockroom.csv"",""source_rows"":""3139"",""classification"":""heuristic""}"
product,Thoracocentesis - Therapeutic,Thoracocentesis - Therapeutic,evh-products,true,3,0.70,"{""source_system"":""stockroom"",""source_file"":""Stockroom \u00b7 Instinct Stockroom.csv"",""source_rows"":""3139"",""classification"":""heuristic""}"
product,Thunderease Kit (Diffuser + Refill),Thunderease Kit (Diffuser + Refill),evh-products,true,3,0.70,"{""source_system"":""stockroom"",""source_file"":""Stockroom \u00b7 Instinct Stockroom.csv"",""source_rows"":""3139"",""classification"":""heuristic""}"
product,"Thyroid 5 (T4, FT4, cTSH, Thyroglobulin)","Thyroid 5 (T4, FT4, cTSH, Thyroglobulin)",evh-products,true,3,0.70,"{""source_system"":""stockroom"",""source_file"":""Stockroom \u00b7 Instinct Stockroom.csv"",""source_rows"":""3139"",""classification"":""heuristic""}"
product,Thyroid Profile 1 ( T3 and T4) (IRL 13),Thyroid Profile 1 ( T3 and T4) (IRL 13),evh-products,true,3,0.70,"{""source_system"":""stockroom"",""source_file"":""Stockroom \u00b7 Instinct Stockroom.csv"",""source_rows"":""3139"",""classification"":""heuristic""}"
product,Tibial Crest Transposition,Tibial Crest Transposition,evh-products,true,3,0.70,"{""source_system"":""stockroom"",""source_file"":""Stockroom \u00b7 Instinct Stockroom.csv"",""source_rows"":""3139"",""classification"":""heuristic""}"
product,Tiger Balm (4 Grams),Tiger Balm (4 Grams),evh-products,true,3,0.70,"{""source_system"":""stockroom"",""source_file"":""Stockroom \u00b7 Instinct Stockroom.csv"",""source_rows"":""3139"",""classification"":""heuristic""}"
product,Tip It Guard Assorted Pack,Tip It Guard Assorted Pack,evh-products,true,3,0.70,"{""source_system"":""stockroom"",""source_file"":""Stockroom \u00b7 Instinct Stockroom.csv"",""source_rows"":""3139"",""classification"":""heuristic""}"
product,TLC,TLC,evh-products,true,3,0.70,"{""source_system"":""stockroom"",""source_file"":""Stockroom \u00b7 Instinct Stockroom.csv"",""source_rows"":""3139"",""classification"":""heuristic""}"
product,Tongue Depressors,Tongue Depressors,evh-products,true,3,0.70,"{""source_system"":""stockroom"",""source_file"":""Stockroom \u00b7 Instinct Stockroom.csv"",""source_rows"":""3139"",""classification"":""heuristic""}"
product,Tono-Pen VET Batteries (6 Pack),Tono-Pen VET Batteries (6 Pack),evh-products,true,3,0.70,"{""source_system"":""stockroom"",""source_file"":""Stockroom \u00b7 Instinct Stockroom.csv"",""source_rows"":""3139"",""classification"":""heuristic""}"
product,Tonometer Pen Tip Covers,Tonometer Pen Tip Covers,evh-products,true,3,0.70,"{""source_system"":""stockroom"",""source_file"":""Stockroom \u00b7 Instinct Stockroom.csv"",""source_rows"":""3139"",""classification"":""heuristic""}"
product,Tonsillectomy,Tonsillectomy,evh-products,true,3,0.70,"{""source_system"":""stockroom"",""source_file"":""Stockroom \u00b7 Instinct Stockroom.csv"",""source_rows"":""3139"",""classification"":""heuristic""}"
product,Total Body Function (IRL 31329999),Total Body Function (IRL 31329999),evh-products,true,3,0.70,"{""source_system"":""stockroom"",""source_file"":""Stockroom \u00b7 Instinct Stockroom.csv"",""source_rows"":""3139"",""classification"":""heuristic""}"
product,Total Body Function (IRL 759999),Total Body Function (IRL 759999),evh-products,true,3,0.70,"{""source_system"":""stockroom"",""source_file"":""Stockroom \u00b7 Instinct Stockroom.csv"",""source_rows"":""3139"",""classification"":""heuristic""}"
product,Total Body Function Plus (IRL 23059999),Total Body Function Plus (IRL 23059999),evh-products,true,3,0.70,"{""source_system"":""stockroom"",""source_file"":""Stockroom \u00b7 Instinct Stockroom.csv"",""source_rows"":""3139"",""classification"":""heuristic""}"
product,Total Ins (critical care),Total Ins (critical care),evh-products,true,3,0.70,"{""source_system"":""stockroom"",""source_file"":""Stockroom \u00b7 Instinct Stockroom.csv"",""source_rows"":""3139"",""classification"":""heuristic""}"
product,Total Outs (critical care),Total Outs (critical care),evh-products,true,3,0.70,"{""source_system"":""stockroom"",""source_file"":""Stockroom \u00b7 Instinct Stockroom.csv"",""source_rows"":""3139"",""classification"":""heuristic""}"
product,Total Solids (TS),Total Solids (TS),evh-products,true,3,0.70,"{""source_system"":""stockroom"",""source_file"":""Stockroom \u00b7 Instinct Stockroom.csv"",""source_rows"":""3139"",""classification"":""heuristic""}"
product,Total Solids (TS) - Abdominal effusion,Total Solids (TS) - Abdominal effusion,evh-products,true,3,0.70,"{""source_system"":""stockroom"",""source_file"":""Stockroom \u00b7 Instinct Stockroom.csv"",""source_rows"":""3139"",""classification"":""heuristic""}"
product,Total Solids (TS) - Pericardial Effusion,Total Solids (TS) - Pericardial Effusion,evh-products,true,3,0.70,"{""source_system"":""stockroom"",""source_file"":""Stockroom \u00b7 Instinct Stockroom.csv"",""source_rows"":""3139"",""classification"":""heuristic""}"
product,Total Solids (TS) - Pleural Efffusion,Total Solids (TS) - Pleural Efffusion,evh-products,true,3,0.70,"{""source_system"":""stockroom"",""source_file"":""Stockroom \u00b7 Instinct Stockroom.csv"",""source_rows"":""3139"",""classification"":""heuristic""}"
product,Total Volume Infused - 0.9% Sodium Chloride,Total Volume Infused - 0.9% Sodium Chloride,evh-products,true,3,0.70,"{""source_system"":""stockroom"",""source_file"":""Stockroom \u00b7 Instinct Stockroom.csv"",""source_rows"":""3139"",""classification"":""heuristic""}"
product,Total Volume Infused - LRS,Total Volume Infused - LRS,evh-products,true,3,0.70,"{""source_system"":""stockroom"",""source_file"":""Stockroom \u00b7 Instinct Stockroom.csv"",""source_rows"":""3139"",""classification"":""heuristic""}"
product,Total Volume Infused - Normosol-R,Total Volume Infused - Normosol-R,evh-products,true,3,0.70,"{""source_system"":""stockroom"",""source_file"":""Stockroom \u00b7 Instinct Stockroom.csv"",""source_rows"":""3139"",""classification"":""heuristic""}"
product,Total Volume Infused - Plasmalyte,Total Volume Infused - Plasmalyte,evh-products,true,3,0.70,"{""source_system"":""stockroom"",""source_file"":""Stockroom \u00b7 Instinct Stockroom.csv"",""source_rows"":""3139"",""classification"":""heuristic""}"
product,Toxiban Administration (Orogastric Tube),Toxiban Administration (Orogastric Tube),evh-products,true,3,0.70,"{""source_system"":""stockroom"",""source_file"":""Stockroom \u00b7 Instinct Stockroom.csv"",""source_rows"":""3139"",""classification"":""heuristic""}"
product,Toxoplasma Titers (IgG and IgM) by IFA,Toxoplasma Titers (IgG and IgM) by IFA,evh-products,true,3,0.70,"{""source_system"":""stockroom"",""source_file"":""Stockroom \u00b7 Instinct Stockroom.csv"",""source_rows"":""3139"",""classification"":""heuristic""}"
product,Tracheal tube brushes,Tracheal tube brushes,evh-products,true,3,0.70,"{""source_system"":""stockroom"",""source_file"":""Stockroom \u00b7 Instinct Stockroom.csv"",""source_rows"":""3139"",""classification"":""heuristic""}"
product,Transfer Patient,Transfer Patient,evh-products,true,3,0.70,"{""source_system"":""stockroom"",""source_file"":""Stockroom \u00b7 Instinct Stockroom.csv"",""source_rows"":""3139"",""classification"":""heuristic""}"
product,Transfusion - Albumin (Canine),Transfusion - Albumin (Canine),evh-products,true,3,0.70,"{""source_system"":""stockroom"",""source_file"":""Stockroom \u00b7 Instinct Stockroom.csv"",""source_rows"":""3139"",""classification"":""heuristic""}"
product,Transfusion - Albumin (Human),Transfusion - Albumin (Human),evh-products,true,3,0.70,"{""source_system"":""stockroom"",""source_file"":""Stockroom \u00b7 Instinct Stockroom.csv"",""source_rows"":""3139"",""classification"":""heuristic""}"
product,Transfusion - Cryoprecipitate,Transfusion - Cryoprecipitate,evh-products,true,3,0.70,"{""source_system"":""stockroom"",""source_file"":""Stockroom \u00b7 Instinct Stockroom.csv"",""source_rows"":""3139"",""classification"":""heuristic""}"
product,Transfusion - IVIG,Transfusion - IVIG,evh-products,true,3,0.70,"{""source_system"":""stockroom"",""source_file"":""Stockroom \u00b7 Instinct Stockroom.csv"",""source_rows"":""3139"",""classification"":""heuristic""}"
product,Transfusion - Other,Transfusion - Other,evh-products,true,3,0.70,"{""source_system"":""stockroom"",""source_file"":""Stockroom \u00b7 Instinct Stockroom.csv"",""source_rows"":""3139"",""classification"":""heuristic""}"
product,Transfusion - Plasma (Cryo-poor),Transfusion - Plasma (Cryo-poor),evh-products,true,3,0.70,"{""source_system"":""stockroom"",""source_file"":""Stockroom \u00b7 Instinct Stockroom.csv"",""source_rows"":""3139"",""classification"":""heuristic""}"
product,Transfusion - Plasma (FFP),Transfusion - Plasma (FFP),evh-products,true,3,0.70,"{""source_system"":""stockroom"",""source_file"":""Stockroom \u00b7 Instinct Stockroom.csv"",""source_rows"":""3139"",""classification"":""heuristic""}"
product,Transfusion - Plasma (FP),Transfusion - Plasma (FP),evh-products,true,3,0.70,"{""source_system"":""stockroom"",""source_file"":""Stockroom \u00b7 Instinct Stockroom.csv"",""source_rows"":""3139"",""classification"":""heuristic""}"
product,Transfusion - pRBC,Transfusion - pRBC,evh-products,true,3,0.70,"{""source_system"":""stockroom"",""source_file"":""Stockroom \u00b7 Instinct Stockroom.csv"",""source_rows"":""3139"",""classification"":""heuristic""}"
product,Transfusion - Whole Blood (donor blood),Transfusion - Whole Blood (donor blood),evh-products,true,3,0.70,"{""source_system"":""stockroom"",""source_file"":""Stockroom \u00b7 Instinct Stockroom.csv"",""source_rows"":""3139"",""classification"":""heuristic""}"
product,Transfusion - Whole Blood (stored blood),Transfusion - Whole Blood (stored blood),evh-products,true,3,0.70,"{""source_system"":""stockroom"",""source_file"":""Stockroom \u00b7 Instinct Stockroom.csv"",""source_rows"":""3139"",""classification"":""heuristic""}"
product,Trash Liners (black) 40 X 46 (100case),Trash Liners (black) 40 X 46 (100case),evh-products,true,3,0.70,"{""source_system"":""stockroom"",""source_file"":""Stockroom \u00b7 Instinct Stockroom.csv"",""source_rows"":""3139"",""classification"":""heuristic""}"
product,Tremor Watch,Tremor Watch,evh-products,true,3,0.70,"{""source_system"":""stockroom"",""source_file"":""Stockroom \u00b7 Instinct Stockroom.csv"",""source_rows"":""3139"",""classification"":""heuristic""}"
product,Trim Hair on Paws,Trim Hair on Paws,evh-products,true,3,0.70,"{""source_system"":""stockroom"",""source_file"":""Stockroom \u00b7 Instinct Stockroom.csv"",""source_rows"":""3139"",""classification"":""heuristic""}"
product,Triple Wire Glove Box Holder,Triple Wire Glove Box Holder,evh-products,true,3,0.70,"{""source_system"":""stockroom"",""source_file"":""Stockroom \u00b7 Instinct Stockroom.csv"",""source_rows"":""3139"",""classification"":""heuristic""}"
product,TrizCHLOR 4 Shampoo (Gallon),TrizCHLOR 4 Shampoo (Gallon),evh-products,true,3,0.70,"{""source_system"":""stockroom"",""source_file"":""Stockroom \u00b7 Instinct Stockroom.csv"",""source_rows"":""3139"",""classification"":""heuristic""}"
product,TrizChlor 4 Shampoo 16 oz,TrizChlor 4 Shampoo 16 oz,evh-products,true,3,0.70,"{""source_system"":""stockroom"",""source_file"":""Stockroom \u00b7 Instinct Stockroom.csv"",""source_rows"":""3139"",""classification"":""heuristic""}"
product,TrizChlor 4 Shampoo 8oz,TrizChlor 4 Shampoo 8oz,evh-products,true,3,0.70,"{""source_system"":""stockroom"",""source_file"":""Stockroom \u00b7 Instinct Stockroom.csv"",""source_rows"":""3139"",""classification"":""heuristic""}"
product,Tru-Cuff Endotrach. Tube Syringe 3ct,Tru-Cuff Endotrach. Tube Syringe 3ct,evh-products,true,3,0.70,"{""source_system"":""stockroom"",""source_file"":""Stockroom \u00b7 Instinct Stockroom.csv"",""source_rows"":""3139"",""classification"":""heuristic""}"
product,Truforma TSH Test,Truforma TSH Test,evh-products,true,3,0.70,"{""source_system"":""stockroom"",""source_file"":""Stockroom \u00b7 Instinct Stockroom.csv"",""source_rows"":""3139"",""classification"":""heuristic""}"
product,Tumor Removal - $14/min,Tumor Removal - $14/min,evh-products,true,3,0.70,"{""source_system"":""stockroom"",""source_file"":""Stockroom \u00b7 Instinct Stockroom.csv"",""source_rows"":""3139"",""classification"":""heuristic""}"
product,Tumor Removal / Complicated,Tumor Removal / Complicated,evh-products,true,3,0.70,"{""source_system"":""stockroom"",""source_file"":""Stockroom \u00b7 Instinct Stockroom.csv"",""source_rows"":""3139"",""classification"":""heuristic""}"
product,Tumor Removal / Minor,Tumor Removal / Minor,evh-products,true,3,0.70,"{""source_system"":""stockroom"",""source_file"":""Stockroom \u00b7 Instinct Stockroom.csv"",""source_rows"":""3139"",""classification"":""heuristic""}"
product,Tumor Removal-External,Tumor Removal-External,evh-products,true,3,0.70,"{""source_system"":""stockroom"",""source_file"":""Stockroom \u00b7 Instinct Stockroom.csv"",""source_rows"":""3139"",""classification"":""heuristic""}"
product,Tumor Removal-Internal,Tumor Removal-Internal,evh-products,true,3,0.70,"{""source_system"":""stockroom"",""source_file"":""Stockroom \u00b7 Instinct Stockroom.csv"",""source_rows"":""3139"",""classification"":""heuristic""}"
product,UC Davis Hyperuricosuria Genetic Test,UC Davis Hyperuricosuria Genetic Test,evh-products,true,3,0.70,"{""source_system"":""stockroom"",""source_file"":""Stockroom \u00b7 Instinct Stockroom.csv"",""source_rows"":""3139"",""classification"":""heuristic""}"
product,Ultrasonic Cleaner 1 Gallon Basket,Ultrasonic Cleaner 1 Gallon Basket,evh-products,true,3,0.70,"{""source_system"":""stockroom"",""source_file"":""Stockroom \u00b7 Instinct Stockroom.csv"",""source_rows"":""3139"",""classification"":""heuristic""}"
product,Ultrasonic Cleaner 16oz,Ultrasonic Cleaner 16oz,evh-products,true,3,0.70,"{""source_system"":""stockroom"",""source_file"":""Stockroom \u00b7 Instinct Stockroom.csv"",""source_rows"":""3139"",""classification"":""heuristic""}"
product,Ultrasonic Cleaner 32oz,Ultrasonic Cleaner 32oz,evh-products,true,3,0.70,"{""source_system"":""stockroom"",""source_file"":""Stockroom \u00b7 Instinct Stockroom.csv"",""source_rows"":""3139"",""classification"":""heuristic""}"
product,Underpad Puppy Pad Kennel Pack 23x36 50c,Underpad Puppy Pad Kennel Pack 23x36 50c,evh-products,true,3,0.70,"{""source_system"":""stockroom"",""source_file"":""Stockroom \u00b7 Instinct Stockroom.csv"",""source_rows"":""3139"",""classification"":""heuristic""}"
product,Univ of Minn. Exercise Induced Collapse,Univ of Minn. Exercise Induced Collapse,evh-products,true,3,0.70,"{""source_system"":""stockroom"",""source_file"":""Stockroom \u00b7 Instinct Stockroom.csv"",""source_rows"":""3139"",""classification"":""heuristic""}"
product,Univ. of Georgia - Flow Cytometry w/ CBC,Univ. of Georgia - Flow Cytometry w/ CBC,evh-products,true,3,0.70,"{""source_system"":""stockroom"",""source_file"":""Stockroom \u00b7 Instinct Stockroom.csv"",""source_rows"":""3139"",""classification"":""heuristic""}"
product,Univ. of Minnesota Hereditary CaOx 1,Univ. of Minnesota Hereditary CaOx 1,evh-products,true,3,0.70,"{""source_system"":""stockroom"",""source_file"":""Stockroom \u00b7 Instinct Stockroom.csv"",""source_rows"":""3139"",""classification"":""heuristic""}"
product,Univ. of Tennessee Histopath (6 Sites),Univ. of Tennessee Histopath (6 Sites),evh-products,true,3,0.70,"{""source_system"":""stockroom"",""source_file"":""Stockroom \u00b7 Instinct Stockroom.csv"",""source_rows"":""3139"",""classification"":""heuristic""}"
product,Urethrostomy-Canine(male),Urethrostomy-Canine(male),evh-products,true,3,0.70,"{""source_system"":""stockroom"",""source_file"":""Stockroom \u00b7 Instinct Stockroom.csv"",""source_rows"":""3139"",""classification"":""heuristic""}"
product,Urethrostomy-Feline(male),Urethrostomy-Feline(male),evh-products,true,3,0.70,"{""source_system"":""stockroom"",""source_file"":""Stockroom \u00b7 Instinct Stockroom.csv"",""source_rows"":""3139"",""classification"":""heuristic""}"
product,Urinalysis w/ Reflex UPC,Urinalysis w/ Reflex UPC,evh-products,true,3,0.70,"{""source_system"":""stockroom"",""source_file"":""Stockroom \u00b7 Instinct Stockroom.csv"",""source_rows"":""3139"",""classification"":""heuristic""}"
product,Urinary Catheter 3.5FR,Urinary Catheter 3.5FR,evh-products,true,3,0.70,"{""source_system"":""stockroom"",""source_file"":""Stockroom \u00b7 Instinct Stockroom.csv"",""source_rows"":""3139"",""classification"":""heuristic""}"
product,Urinary Obstruction-Canine(m),Urinary Obstruction-Canine(m),evh-products,true,3,0.70,"{""source_system"":""stockroom"",""source_file"":""Stockroom \u00b7 Instinct Stockroom.csv"",""source_rows"":""3139"",""classification"":""heuristic""}"
product,Urinary Obstruction-Feline(m),Urinary Obstruction-Feline(m),evh-products,true,3,0.70,"{""source_system"":""stockroom"",""source_file"":""Stockroom \u00b7 Instinct Stockroom.csv"",""source_rows"":""3139"",""classification"":""heuristic""}"
product,Urine Centrifuge Tubes,Urine Centrifuge Tubes,evh-products,true,3,0.70,"{""source_system"":""stockroom"",""source_file"":""Stockroom \u00b7 Instinct Stockroom.csv"",""source_rows"":""3139"",""classification"":""heuristic""}"
product,Urine Glucose,Urine Glucose,evh-products,true,3,0.70,"{""source_system"":""stockroom"",""source_file"":""Stockroom \u00b7 Instinct Stockroom.csv"",""source_rows"":""3139"",""classification"":""heuristic""}"
product,Urine Ketones,Urine Ketones,evh-products,true,3,0.70,"{""source_system"":""stockroom"",""source_file"":""Stockroom \u00b7 Instinct Stockroom.csv"",""source_rows"":""3139"",""classification"":""heuristic""}"
product,Urine Off Odor/Stain Remover Gallon,Urine Off Odor/Stain Remover Gallon,evh-products,true,3,0.70,"{""source_system"":""stockroom"",""source_file"":""Stockroom \u00b7 Instinct Stockroom.csv"",""source_rows"":""3139"",""classification"":""heuristic""}"
product,Urine Off Spray (500ml) 16.9oz Bottle,Urine Off Spray (500ml) 16.9oz Bottle,evh-products,true,3,0.70,"{""source_system"":""stockroom"",""source_file"":""Stockroom \u00b7 Instinct Stockroom.csv"",""source_rows"":""3139"",""classification"":""heuristic""}"
product,Urine Output,Urine Output,evh-products,true,3,0.70,"{""source_system"":""stockroom"",""source_file"":""Stockroom \u00b7 Instinct Stockroom.csv"",""source_rows"":""3139"",""classification"":""heuristic""}"
product,Urine Specific Gravity (USG),Urine Specific Gravity (USG),evh-products,true,3,0.70,"{""source_system"":""stockroom"",""source_file"":""Stockroom \u00b7 Instinct Stockroom.csv"",""source_rows"":""3139"",""classification"":""heuristic""}"
product,Urine-Off Odor & Stain Remover 32oz Bott,Urine-Off Odor & Stain Remover 32oz Bott,evh-products,true,3,0.70,"{""source_system"":""stockroom"",""source_file"":""Stockroom \u00b7 Instinct Stockroom.csv"",""source_rows"":""3139"",""classification"":""heuristic""}"
product,Urine-Off Refill (Client Brings Bottle),Urine-Off Refill (Client Brings Bottle),evh-products,true,3,0.70,"{""source_system"":""stockroom"",""source_file"":""Stockroom \u00b7 Instinct Stockroom.csv"",""source_rows"":""3139"",""classification"":""heuristic""}"
product,VAC Care,VAC Care,evh-products,true,3,0.70,"{""source_system"":""stockroom"",""source_file"":""Stockroom \u00b7 Instinct Stockroom.csv"",""source_rows"":""3139"",""classification"":""heuristic""}"
product,Vaginal Speculum,Vaginal Speculum,evh-products,true,3,0.70,"{""source_system"":""stockroom"",""source_file"":""Stockroom \u00b7 Instinct Stockroom.csv"",""source_rows"":""3139"",""classification"":""heuristic""}"
product,Vantage Rochester-Carmalt Forceps C 6.25,Vantage Rochester-Carmalt Forceps C 6.25,evh-products,true,3,0.70,"{""source_system"":""stockroom"",""source_file"":""Stockroom \u00b7 Instinct Stockroom.csv"",""source_rows"":""3139"",""classification"":""heuristic""}"
product,VARL Allergy Panel 1&3 (40 aller/20 food,VARL Allergy Panel 1&3 (40 aller/20 food,evh-products,true,3,0.70,"{""source_system"":""stockroom"",""source_file"":""Stockroom \u00b7 Instinct Stockroom.csv"",""source_rows"":""3139"",""classification"":""heuristic""}"
product,Velfast Self Grip E-Collar 10cm,Velfast Self Grip E-Collar 10cm,evh-products,true,3,0.70,"{""source_system"":""stockroom"",""source_file"":""Stockroom \u00b7 Instinct Stockroom.csv"",""source_rows"":""3139"",""classification"":""heuristic""}"
product,Velfast Self Grip E-Collar 12.5 cm,Velfast Self Grip E-Collar 12.5 cm,evh-products,true,3,0.70,"{""source_system"":""stockroom"",""source_file"":""Stockroom \u00b7 Instinct Stockroom.csv"",""source_rows"":""3139"",""classification"":""heuristic""}"
product,Velfast Self Grip E-Collar 15cm,Velfast Self Grip E-Collar 15cm,evh-products,true,3,0.70,"{""source_system"":""stockroom"",""source_file"":""Stockroom \u00b7 Instinct Stockroom.csv"",""source_rows"":""3139"",""classification"":""heuristic""}"
product,Velfast Self Grip E-Collar 20cm,Velfast Self Grip E-Collar 20cm,evh-products,true,3,0.70,"{""source_system"":""stockroom"",""source_file"":""Stockroom \u00b7 Instinct Stockroom.csv"",""source_rows"":""3139"",""classification"":""heuristic""}"
product,Velfast Self Grip E-Collar 25cm,Velfast Self Grip E-Collar 25cm,evh-products,true,3,0.70,"{""source_system"":""stockroom"",""source_file"":""Stockroom \u00b7 Instinct Stockroom.csv"",""source_rows"":""3139"",""classification"":""heuristic""}"
product,Velfast Self Grip E-Collar 30cm,Velfast Self Grip E-Collar 30cm,evh-products,true,3,0.70,"{""source_system"":""stockroom"",""source_file"":""Stockroom \u00b7 Instinct Stockroom.csv"",""source_rows"":""3139"",""classification"":""heuristic""}"
product,Velfast Self Grip E-Collar 7.5cm,Velfast Self Grip E-Collar 7.5cm,evh-products,true,3,0.70,"{""source_system"":""stockroom"",""source_file"":""Stockroom \u00b7 Instinct Stockroom.csv"",""source_rows"":""3139"",""classification"":""heuristic""}"
product,"Venoset IV Set 80""","Venoset IV Set 80""",evh-products,true,3,0.70,"{""source_system"":""stockroom"",""source_file"":""Stockroom \u00b7 Instinct Stockroom.csv"",""source_rows"":""3139"",""classification"":""heuristic""}"
product,Vet Sol Enzadent Oral Chews Med 18oz bag,Vet Sol Enzadent Oral Chews Med 18oz bag,evh-products,true,3,0.70,"{""source_system"":""stockroom"",""source_file"":""Stockroom \u00b7 Instinct Stockroom.csv"",""source_rows"":""3139"",""classification"":""heuristic""}"
product,Vetkem Flea Shampoo,Vetkem Flea Shampoo,evh-products,true,3,0.70,"{""source_system"":""stockroom"",""source_file"":""Stockroom \u00b7 Instinct Stockroom.csv"",""source_rows"":""3139"",""classification"":""heuristic""}"
product,Vetrap 2in,Vetrap 2in,evh-products,true,3,0.70,"{""source_system"":""stockroom"",""source_file"":""Stockroom \u00b7 Instinct Stockroom.csv"",""source_rows"":""3139"",""classification"":""heuristic""}"
product,"Vetrap 3""","Vetrap 3""",evh-products,true,3,0.70,"{""source_system"":""stockroom"",""source_file"":""Stockroom \u00b7 Instinct Stockroom.csv"",""source_rows"":""3139"",""classification"":""heuristic""}"
product,"Vetrap 4""","Vetrap 4""",evh-products,true,3,0.70,"{""source_system"":""stockroom"",""source_file"":""Stockroom \u00b7 Instinct Stockroom.csv"",""source_rows"":""3139"",""classification"":""heuristic""}"
product,VetScan Hematology Enzymatic Cleaner,VetScan Hematology Enzymatic Cleaner,evh-products,true,3,0.70,"{""source_system"":""stockroom"",""source_file"":""Stockroom \u00b7 Instinct Stockroom.csv"",""source_rows"":""3139"",""classification"":""heuristic""}"
product,Vetspon Flex Sheets,Vetspon Flex Sheets,evh-products,true,3,0.70,"{""source_system"":""stockroom"",""source_file"":""Stockroom \u00b7 Instinct Stockroom.csv"",""source_rows"":""3139"",""classification"":""heuristic""}"
product,Vetstat SPO2 sensor,Vetstat SPO2 sensor,evh-products,true,3,0.70,"{""source_system"":""stockroom"",""source_file"":""Stockroom \u00b7 Instinct Stockroom.csv"",""source_rows"":""3139"",""classification"":""heuristic""}"
product,Volume Infused,Volume Infused,evh-products,true,3,0.70,"{""source_system"":""stockroom"",""source_file"":""Stockroom \u00b7 Instinct Stockroom.csv"",""source_rows"":""3139"",""classification"":""heuristic""}"
product,VS Imagyst Fecal Parasite Kit (40 Tests),VS Imagyst Fecal Parasite Kit (40 Tests),evh-products,true,3,0.70,"{""source_system"":""stockroom"",""source_file"":""Stockroom \u00b7 Instinct Stockroom.csv"",""source_rows"":""3139"",""classification"":""heuristic""}"
product,VS Imagyst Urine Sediment Kit (40 Tests),VS Imagyst Urine Sediment Kit (40 Tests),evh-products,true,3,0.70,"{""source_system"":""stockroom"",""source_file"":""Stockroom \u00b7 Instinct Stockroom.csv"",""source_rows"":""3139"",""classification"":""heuristic""}"
product,Walk or Change Litter / Note Elims (Record Vital),Walk or Change Litter / Note Elims (Record Vital),evh-products,true,3,0.70,"{""source_system"":""stockroom"",""source_file"":""Stockroom \u00b7 Instinct Stockroom.csv"",""source_rows"":""3139"",""classification"":""heuristic""}"
product,Warm Compress,Warm Compress,evh-products,true,3,0.70,"{""source_system"":""stockroom"",""source_file"":""Stockroom \u00b7 Instinct Stockroom.csv"",""source_rows"":""3139"",""classification"":""heuristic""}"
product,"Warming Air Blanket, Large, 24x48","Warming Air Blanket, Large, 24x48",evh-products,true,3,0.70,"{""source_system"":""stockroom"",""source_file"":""Stockroom \u00b7 Instinct Stockroom.csv"",""source_rows"":""3139"",""classification"":""heuristic""}"
product,"Warming Air Blanket, Medium, 36x24","Warming Air Blanket, Medium, 36x24",evh-products,true,3,0.70,"{""source_system"":""stockroom"",""source_file"":""Stockroom \u00b7 Instinct Stockroom.csv"",""source_rows"":""3139"",""classification"":""heuristic""}"
product,"Warming Air Blanket, Small, 20x30","Warming Air Blanket, Small, 20x30",evh-products,true,3,0.70,"{""source_system"":""stockroom"",""source_file"":""Stockroom \u00b7 Instinct Stockroom.csv"",""source_rows"":""3139"",""classification"":""heuristic""}"
product,Wart - Removal,Wart - Removal,evh-products,true,3,0.70,"{""source_system"":""stockroom"",""source_file"":""Stockroom \u00b7 Instinct Stockroom.csv"",""source_rows"":""3139"",""classification"":""heuristic""}"
product,Wash Fecal Loops/Cups/Trays in Lab,Wash Fecal Loops/Cups/Trays in Lab,evh-products,true,3,0.70,"{""source_system"":""stockroom"",""source_file"":""Stockroom \u00b7 Instinct Stockroom.csv"",""source_rows"":""3139"",""classification"":""heuristic""}"
product,Wash Plus Liquid Laundry Detergent,Wash Plus Liquid Laundry Detergent,evh-products,true,3,0.70,"{""source_system"":""stockroom"",""source_file"":""Stockroom \u00b7 Instinct Stockroom.csv"",""source_rows"":""3139"",""classification"":""heuristic""}"
product,Water - Note Intake,Water - Note Intake,evh-products,true,3,0.70,"{""source_system"":""stockroom"",""source_file"":""Stockroom \u00b7 Instinct Stockroom.csv"",""source_rows"":""3139"",""classification"":""heuristic""}"
product,Water - Offer to Face,Water - Offer to Face,evh-products,true,3,0.70,"{""source_system"":""stockroom"",""source_file"":""Stockroom \u00b7 Instinct Stockroom.csv"",""source_rows"":""3139"",""classification"":""heuristic""}"
product,Water Deprivation Test,Water Deprivation Test,evh-products,true,3,0.70,"{""source_system"":""stockroom"",""source_file"":""Stockroom \u00b7 Instinct Stockroom.csv"",""source_rows"":""3139"",""classification"":""heuristic""}"
product,"WebMax Suture (O-30"")","WebMax Suture (O-30"")",evh-products,true,3,0.70,"{""source_system"":""stockroom"",""source_file"":""Stockroom \u00b7 Instinct Stockroom.csv"",""source_rows"":""3139"",""classification"":""heuristic""}"
product,"Webmax Suture 4/0 30"" (FS-2)","Webmax Suture 4/0 30"" (FS-2)",evh-products,true,3,0.70,"{""source_system"":""stockroom"",""source_file"":""Stockroom \u00b7 Instinct Stockroom.csv"",""source_rows"":""3139"",""classification"":""heuristic""}"
product,Webmax Suture 5-0 (FS-2),Webmax Suture 5-0 (FS-2),evh-products,true,3,0.70,"{""source_system"":""stockroom"",""source_file"":""Stockroom \u00b7 Instinct Stockroom.csv"",""source_rows"":""3139"",""classification"":""heuristic""}"
product,"Webmax Suture 5-0 - 30"" (RB-1)","Webmax Suture 5-0 - 30"" (RB-1)",evh-products,true,3,0.70,"{""source_system"":""stockroom"",""source_file"":""Stockroom \u00b7 Instinct Stockroom.csv"",""source_rows"":""3139"",""classification"":""heuristic""}"
product,Weigh Peri Pad unit in grams,Weigh Peri Pad unit in grams,evh-products,true,3,0.70,"{""source_system"":""stockroom"",""source_file"":""Stockroom \u00b7 Instinct Stockroom.csv"",""source_rows"":""3139"",""classification"":""heuristic""}"
product,Weight,Weight,evh-products,true,3,0.70,"{""source_system"":""stockroom"",""source_file"":""Stockroom \u00b7 Instinct Stockroom.csv"",""source_rows"":""3139"",""classification"":""heuristic""}"
product,Western Timothy Hay 9 LB Bag,Western Timothy Hay 9 LB Bag,evh-products,true,3,0.70,"{""source_system"":""stockroom"",""source_file"":""Stockroom \u00b7 Instinct Stockroom.csv"",""source_rows"":""3139"",""classification"":""heuristic""}"
product,Winged Elevator 1mm Stubby Handle,Winged Elevator 1mm Stubby Handle,evh-products,true,3,0.70,"{""source_system"":""stockroom"",""source_file"":""Stockroom \u00b7 Instinct Stockroom.csv"",""source_rows"":""3139"",""classification"":""heuristic""}"
product,Winged Elevator Set,Winged Elevator Set,evh-products,true,3,0.70,"{""source_system"":""stockroom"",""source_file"":""Stockroom \u00b7 Instinct Stockroom.csv"",""source_rows"":""3139"",""classification"":""heuristic""}"
product,Witness FELV/FIV Test,Witness FELV/FIV Test,evh-products,true,3,0.70,"{""source_system"":""stockroom"",""source_file"":""Stockroom \u00b7 Instinct Stockroom.csv"",""source_rows"":""3139"",""classification"":""heuristic""}"
product,Women's Tea,Women's Tea,evh-products,true,3,0.70,"{""source_system"":""stockroom"",""source_file"":""Stockroom \u00b7 Instinct Stockroom.csv"",""source_rows"":""3139"",""classification"":""heuristic""}"
product,Woods Light,Woods Light,evh-products,true,3,0.70,"{""source_system"":""stockroom"",""source_file"":""Stockroom \u00b7 Instinct Stockroom.csv"",""source_rows"":""3139"",""classification"":""heuristic""}"
product,Wrap and Autoclave (Instruments/Gowns/Drapes ),Wrap and Autoclave (Instruments/Gowns/Drapes ),evh-products,true,3,0.70,"{""source_system"":""stockroom"",""source_file"":""Stockroom \u00b7 Instinct Stockroom.csv"",""source_rows"":""3139"",""classification"":""heuristic""}"
product,Written Prescription,Written Prescription,evh-products,true,3,0.70,"{""source_system"":""stockroom"",""source_file"":""Stockroom \u00b7 Instinct Stockroom.csv"",""source_rows"":""3139"",""classification"":""heuristic""}"
product,Written RX (Sent Home),Written RX (Sent Home),evh-products,true,3,0.70,"{""source_system"":""stockroom"",""source_file"":""Stockroom \u00b7 Instinct Stockroom.csv"",""source_rows"":""3139"",""classification"":""heuristic""}"
product,X Ray Gloves,X Ray Gloves,evh-products,true,3,0.70,"{""source_system"":""stockroom"",""source_file"":""Stockroom \u00b7 Instinct Stockroom.csv"",""source_rows"":""3139"",""classification"":""heuristic""}"
product,x Ray Pet Positioner,x Ray Pet Positioner,evh-products,true,3,0.70,"{""source_system"":""stockroom"",""source_file"":""Stockroom \u00b7 Instinct Stockroom.csv"",""source_rows"":""3139"",""classification"":""heuristic""}"
product,XL Muzzle Nylon,XL Muzzle Nylon,evh-products,true,3,0.70,"{""source_system"":""stockroom"",""source_file"":""Stockroom \u00b7 Instinct Stockroom.csv"",""source_rows"":""3139"",""classification"":""heuristic""}"
product,Yesterdays News 15lb,Yesterdays News 15lb,evh-products,true,3,0.70,"{""source_system"":""stockroom"",""source_file"":""Stockroom \u00b7 Instinct Stockroom.csv"",""source_rows"":""3139"",""classification"":""heuristic""}"
product,Yesterdays News Litter 30#,Yesterdays News Litter 30#,evh-products,true,3,0.70,"{""source_system"":""stockroom"",""source_file"":""Stockroom \u00b7 Instinct Stockroom.csv"",""source_rows"":""3139"",""classification"":""heuristic""}"
product,"Zonas Porous Tape 2""","Zonas Porous Tape 2""",evh-products,true,3,0.70,"{""source_system"":""stockroom"",""source_file"":""Stockroom \u00b7 Instinct Stockroom.csv"",""source_rows"":""3139"",""classification"":""heuristic""}"
product,"Zonas Porrous Tape 1""","Zonas Porrous Tape 1""",evh-products,true,3,0.70,"{""source_system"":""stockroom"",""source_file"":""Stockroom \u00b7 Instinct Stockroom.csv"",""source_rows"":""3139"",""classification"":""heuristic""}"
product,����Heska cCRP Element i+ (12/Box),����Heska cCRP Element i+ (12/Box),evh-products,true,3,0.70,"{""source_system"":""stockroom"",""source_file"":""Stockroom \u00b7 Instinct Stockroom.csv"",""source_rows"":""3139"",""classification"":""heuristic""}"
product,"����Heska Cortisol, Element i+ (12/Box)","����Heska Cortisol, Element i+ (12/Box)",evh-products,true,3,0.70,"{""source_system"":""stockroom"",""source_file"":""Stockroom \u00b7 Instinct Stockroom.csv"",""source_rows"":""3139"",""classification"":""heuristic""}"
product,����Heska IV Pump Battery Pack,����Heska IV Pump Battery Pack,evh-products,true,3,0.70,"{""source_system"":""stockroom"",""source_file"":""Stockroom \u00b7 Instinct Stockroom.csv"",""source_rows"":""3139"",""classification"":""heuristic""}"
product,"����Heska NuQ , Element i+ (12/Box)","����Heska NuQ , Element i+ (12/Box)",evh-products,true,3,0.70,"{""source_system"":""stockroom"",""source_file"":""Stockroom \u00b7 Instinct Stockroom.csv"",""source_rows"":""3139"",""classification"":""heuristic""}"
product,����Power Cord for Heska IV Pump,����Power Cord for Heska IV Pump,evh-products,true,3,0.70,"{""source_system"":""stockroom"",""source_file"":""Stockroom \u00b7 Instinct Stockroom.csv"",""source_rows"":""3139"",""classification"":""heuristic""}"
product,🏡OM - Ears,🏡OM - Ears,evh-products,true,3,0.70,"{""source_system"":""stockroom"",""source_file"":""Stockroom \u00b7 Instinct Stockroom.csv"",""source_rows"":""3139"",""classification"":""heuristic""}"
product,🏡OM - MEDICATION 1,🏡OM - MEDICATION 1,evh-products,true,3,0.70,"{""source_system"":""stockroom"",""source_file"":""Stockroom \u00b7 Instinct Stockroom.csv"",""source_rows"":""3139"",""classification"":""heuristic""}"
product,🏡OM - Medication 2,🏡OM - Medication 2,evh-products,true,3,0.70,"{""source_system"":""stockroom"",""source_file"":""Stockroom \u00b7 Instinct Stockroom.csv"",""source_rows"":""3139"",""classification"":""heuristic""}"
product,🏡OM - Refrigerated MEDS,🏡OM - Refrigerated MEDS,evh-products,true,3,0.70,"{""source_system"":""stockroom"",""source_file"":""Stockroom \u00b7 Instinct Stockroom.csv"",""source_rows"":""3139"",""classification"":""heuristic""}"
product,🏡OM - Supplements 1,🏡OM - Supplements 1,evh-products,true,3,0.70,"{""source_system"":""stockroom"",""source_file"":""Stockroom \u00b7 Instinct Stockroom.csv"",""source_rows"":""3139"",""classification"":""heuristic""}"
product,🏡OM Albon Oral Suspension 5% 473ml Bottle,🏡OM Albon Oral Suspension 5% 473ml Bottle,evh-products,true,3,0.70,"{""source_system"":""stockroom"",""source_file"":""Stockroom \u00b7 Instinct Stockroom.csv"",""source_rows"":""3139"",""classification"":""heuristic""}"
product,🏡OM Albon Oral Suspension 5% 60ml bottle,🏡OM Albon Oral Suspension 5% 60ml bottle,evh-products,true,3,0.70,"{""source_system"":""stockroom"",""source_file"":""Stockroom \u00b7 Instinct Stockroom.csv"",""source_rows"":""3139"",""classification"":""heuristic""}"
product,🏡OM Atopivet Mousse 8.4 oz Bottle,🏡OM Atopivet Mousse 8.4 oz Bottle,evh-products,true,3,0.70,"{""source_system"":""stockroom"",""source_file"":""Stockroom \u00b7 Instinct Stockroom.csv"",""source_rows"":""3139"",""classification"":""heuristic""}"
product,🏡OM Atopivet Spot On Topical ( 8 Pipettes ),🏡OM Atopivet Spot On Topical ( 8 Pipettes ),evh-products,true,3,0.70,"{""source_system"":""stockroom"",""source_file"":""Stockroom \u00b7 Instinct Stockroom.csv"",""source_rows"":""3139"",""classification"":""heuristic""}"
product,🏡OM Avmaquin 45ct Bottle,🏡OM Avmaquin 45ct Bottle,evh-products,true,3,0.70,"{""source_system"":""stockroom"",""source_file"":""Stockroom \u00b7 Instinct Stockroom.csv"",""source_rows"":""3139"",""classification"":""heuristic""}"
product,🏡OM Ayradia 125mg/ml Susp 30ml Bottle,🏡OM Ayradia 125mg/ml Susp 30ml Bottle,evh-products,true,3,0.70,"{""source_system"":""stockroom"",""source_file"":""Stockroom \u00b7 Instinct Stockroom.csv"",""source_rows"":""3139"",""classification"":""heuristic""}"
product,🏡OM Ayradia 125mg/ml Susp. 100 ml Bottle,🏡OM Ayradia 125mg/ml Susp. 100 ml Bottle,evh-products,true,3,0.70,"{""source_system"":""stockroom"",""source_file"":""Stockroom \u00b7 Instinct Stockroom.csv"",""source_rows"":""3139"",""classification"":""heuristic""}"
product,🏡OM Bladder Support Tablets 60ct,🏡OM Bladder Support Tablets 60ct,evh-products,true,3,0.70,"{""source_system"":""stockroom"",""source_file"":""Stockroom \u00b7 Instinct Stockroom.csv"",""source_rows"":""3139"",""classification"":""heuristic""}"
product,🏡OM Capstar / Single Dose / Large,🏡OM Capstar / Single Dose / Large,evh-products,true,3,0.70,"{""source_system"":""stockroom"",""source_file"":""Stockroom \u00b7 Instinct Stockroom.csv"",""source_rows"":""3139"",""classification"":""heuristic""}"
product,🏡OM Capstar/ Single Dose / Small,🏡OM Capstar/ Single Dose / Small,evh-products,true,3,0.70,"{""source_system"":""stockroom"",""source_file"":""Stockroom \u00b7 Instinct Stockroom.csv"",""source_rows"":""3139"",""classification"":""heuristic""}"
product,🏡OM Cat Lax 2 oz Tube,🏡OM Cat Lax 2 oz Tube,evh-products,true,3,0.70,"{""source_system"":""stockroom"",""source_file"":""Stockroom \u00b7 Instinct Stockroom.csv"",""source_rows"":""3139"",""classification"":""heuristic""}"
product,🏡OM Centragard Large 5.6-16.5 lbs,🏡OM Centragard Large 5.6-16.5 lbs,evh-products,true,3,0.70,"{""source_system"":""stockroom"",""source_file"":""Stockroom \u00b7 Instinct Stockroom.csv"",""source_rows"":""3139"",""classification"":""heuristic""}"
product,🏡OM Centragard Small 1.8 - 5.5lbs,🏡OM Centragard Small 1.8 - 5.5lbs,evh-products,true,3,0.70,"{""source_system"":""stockroom"",""source_file"":""Stockroom \u00b7 Instinct Stockroom.csv"",""source_rows"":""3139"",""classification"":""heuristic""}"
product,🏡OM Cervical Formula 200ct Teapill,🏡OM Cervical Formula 200ct Teapill,evh-products,true,3,0.70,"{""source_system"":""stockroom"",""source_file"":""Stockroom \u00b7 Instinct Stockroom.csv"",""source_rows"":""3139"",""classification"":""heuristic""}"
product,🏡OM Ciprofloxacin Opth. Sol.,🏡OM Ciprofloxacin Opth. Sol.,evh-products,true,3,0.70,"{""source_system"":""stockroom"",""source_file"":""Stockroom \u00b7 Instinct Stockroom.csv"",""source_rows"":""3139"",""classification"":""heuristic""}"
product,🏡OM Cobalequin B12 Supp Cats/Small Dog <22lb,🏡OM Cobalequin B12 Supp Cats/Small Dog <22lb,evh-products,true,3,0.70,"{""source_system"":""stockroom"",""source_file"":""Stockroom \u00b7 Instinct Stockroom.csv"",""source_rows"":""3139"",""classification"":""heuristic""}"
product,🏡OM Cobalequin B12 Supp. Dogs >22lbs,🏡OM Cobalequin B12 Supp. Dogs >22lbs,evh-products,true,3,0.70,"{""source_system"":""stockroom"",""source_file"":""Stockroom \u00b7 Instinct Stockroom.csv"",""source_rows"":""3139"",""classification"":""heuristic""}"
product,🏡OM Concentrated Xue Fu Zhe Yu (100ct),🏡OM Concentrated Xue Fu Zhe Yu (100ct),evh-products,true,3,0.70,"{""source_system"":""stockroom"",""source_file"":""Stockroom \u00b7 Instinct Stockroom.csv"",""source_rows"":""3139"",""classification"":""heuristic""}"
product,🏡OM Concentrated Yang Yin Xi Feng 100ct,🏡OM Concentrated Yang Yin Xi Feng 100ct,evh-products,true,3,0.70,"{""source_system"":""stockroom"",""source_file"":""Stockroom \u00b7 Instinct Stockroom.csv"",""source_rows"":""3139"",""classification"":""heuristic""}"
product,🏡OM Cough Tablets,🏡OM Cough Tablets,evh-products,true,3,0.70,"{""source_system"":""stockroom"",""source_file"":""Stockroom \u00b7 Instinct Stockroom.csv"",""source_rows"":""3139"",""classification"":""heuristic""}"
product,🏡OM Dasuquin Advanced for Cats,🏡OM Dasuquin Advanced for Cats,evh-products,true,3,0.70,"{""source_system"":""stockroom"",""source_file"":""Stockroom \u00b7 Instinct Stockroom.csv"",""source_rows"":""3139"",""classification"":""heuristic""}"
product,🏡OM Di Tan Tang Teapill 200ct,🏡OM Di Tan Tang Teapill 200ct,evh-products,true,3,0.70,"{""source_system"":""stockroom"",""source_file"":""Stockroom \u00b7 Instinct Stockroom.csv"",""source_rows"":""3139"",""classification"":""heuristic""}"
product,🏡OM Douxo Chlorhexidine 3% PS Pads 30ct,🏡OM Douxo Chlorhexidine 3% PS Pads 30ct,evh-products,true,3,0.70,"{""source_system"":""stockroom"",""source_file"":""Stockroom \u00b7 Instinct Stockroom.csv"",""source_rows"":""3139"",""classification"":""heuristic""}"
product,🏡OM Ear - KC Oto Pack,🏡OM Ear - KC Oto Pack,evh-products,true,3,0.70,"{""source_system"":""stockroom"",""source_file"":""Stockroom \u00b7 Instinct Stockroom.csv"",""source_rows"":""3139"",""classification"":""heuristic""}"
product,🏡OM Ear - Oti-Pack,🏡OM Ear - Oti-Pack,evh-products,true,3,0.70,"{""source_system"":""stockroom"",""source_file"":""Stockroom \u00b7 Instinct Stockroom.csv"",""source_rows"":""3139"",""classification"":""heuristic""}"
product,🏡OM Entyce App Stimulant 30mg/ml 10ml Bottle,🏡OM Entyce App Stimulant 30mg/ml 10ml Bottle,evh-products,true,3,0.70,"{""source_system"":""stockroom"",""source_file"":""Stockroom \u00b7 Instinct Stockroom.csv"",""source_rows"":""3139"",""classification"":""heuristic""}"
product,🏡OM Epakitin 300gm Bottle,🏡OM Epakitin 300gm Bottle,evh-products,true,3,0.70,"{""source_system"":""stockroom"",""source_file"":""Stockroom \u00b7 Instinct Stockroom.csv"",""source_rows"":""3139"",""classification"":""heuristic""}"
product,🏡OM External Wind 200 Teapill,🏡OM External Wind 200 Teapill,evh-products,true,3,0.70,"{""source_system"":""stockroom"",""source_file"":""Stockroom \u00b7 Instinct Stockroom.csv"",""source_rows"":""3139"",""classification"":""heuristic""}"
product,🏡OM Fortiflora - SA Feline / K9 Box,🏡OM Fortiflora - SA Feline / K9 Box,evh-products,true,3,0.70,"{""source_system"":""stockroom"",""source_file"":""Stockroom \u00b7 Instinct Stockroom.csv"",""source_rows"":""3139"",""classification"":""heuristic""}"
product,🏡OM Four Gentlemen 200 Teapill/Si,🏡OM Four Gentlemen 200 Teapill/Si,evh-products,true,3,0.70,"{""source_system"":""stockroom"",""source_file"":""Stockroom \u00b7 Instinct Stockroom.csv"",""source_rows"":""3139"",""classification"":""heuristic""}"
product,🏡OM Hemp Mobility Chews Over 50lbs 62ct Bag,🏡OM Hemp Mobility Chews Over 50lbs 62ct Bag,evh-products,true,3,0.70,"{""source_system"":""stockroom"",""source_file"":""Stockroom \u00b7 Instinct Stockroom.csv"",""source_rows"":""3139"",""classification"":""heuristic""}"
product,🏡OM Hemp Mobility Chews Under 50lbs 62ct Bag,🏡OM Hemp Mobility Chews Under 50lbs 62ct Bag,evh-products,true,3,0.70,"{""source_system"":""stockroom"",""source_file"":""Stockroom \u00b7 Instinct Stockroom.csv"",""source_rows"":""3139"",""classification"":""heuristic""}"
product,🏡OM Hemp Oil Soft Gels Extra Large Dog,🏡OM Hemp Oil Soft Gels Extra Large Dog,evh-products,true,3,0.70,"{""source_system"":""stockroom"",""source_file"":""Stockroom \u00b7 Instinct Stockroom.csv"",""source_rows"":""3139"",""classification"":""heuristic""}"
product,🏡OM Hemp Oil Soft Gels for Large Dogs,🏡OM Hemp Oil Soft Gels for Large Dogs,evh-products,true,3,0.70,"{""source_system"":""stockroom"",""source_file"":""Stockroom \u00b7 Instinct Stockroom.csv"",""source_rows"":""3139"",""classification"":""heuristic""}"
product,🏡OM Hemp Oil Soft Gels for Small Dogs,🏡OM Hemp Oil Soft Gels for Small Dogs,evh-products,true,3,0.70,"{""source_system"":""stockroom"",""source_file"":""Stockroom \u00b7 Instinct Stockroom.csv"",""source_rows"":""3139"",""classification"":""heuristic""}"
product,🏡OM Hindquarter Weakness 200ct Teapill,🏡OM Hindquarter Weakness 200ct Teapill,evh-products,true,3,0.70,"{""source_system"":""stockroom"",""source_file"":""Stockroom \u00b7 Instinct Stockroom.csv"",""source_rows"":""3139"",""classification"":""heuristic""}"
product,🏡OM ICF Tris - NAC Ear Solution 120ml Bottle,🏡OM ICF Tris - NAC Ear Solution 120ml Bottle,evh-products,true,3,0.70,"{""source_system"":""stockroom"",""source_file"":""Stockroom \u00b7 Instinct Stockroom.csv"",""source_rows"":""3139"",""classification"":""heuristic""}"
product,🏡OM Max's Formula 200 Teapill,🏡OM Max's Formula 200 Teapill,evh-products,true,3,0.70,"{""source_system"":""stockroom"",""source_file"":""Stockroom \u00b7 Instinct Stockroom.csv"",""source_rows"":""3139"",""classification"":""heuristic""}"
product,🏡OM Meloxicam 1.5mg/ml LIQ 100 ml Bottle,🏡OM Meloxicam 1.5mg/ml LIQ 100 ml Bottle,evh-products,true,3,0.70,"{""source_system"":""stockroom"",""source_file"":""Stockroom \u00b7 Instinct Stockroom.csv"",""source_rows"":""3139"",""classification"":""heuristic""}"
product,🏡OM Meloxicam 1.5mg/ml LIQ 10ml Bottle,🏡OM Meloxicam 1.5mg/ml LIQ 10ml Bottle,evh-products,true,3,0.70,"{""source_system"":""stockroom"",""source_file"":""Stockroom \u00b7 Instinct Stockroom.csv"",""source_rows"":""3139"",""classification"":""heuristic""}"
product,🏡OM Meloxicam 1.5mg/ml LIQ 32ml Bottle,🏡OM Meloxicam 1.5mg/ml LIQ 32ml Bottle,evh-products,true,3,0.70,"{""source_system"":""stockroom"",""source_file"":""Stockroom \u00b7 Instinct Stockroom.csv"",""source_rows"":""3139"",""classification"":""heuristic""}"
product,🏡OM Naraquin Feline/K9 60 ct. Bottle CAP,🏡OM Naraquin Feline/K9 60 ct. Bottle CAP,evh-products,true,3,0.70,"{""source_system"":""stockroom"",""source_file"":""Stockroom \u00b7 Instinct Stockroom.csv"",""source_rows"":""3139"",""classification"":""heuristic""}"
product,🏡OM Neo-Predef (Tetracaine) 15gr Powder,🏡OM Neo-Predef (Tetracaine) 15gr Powder,evh-products,true,3,0.70,"{""source_system"":""stockroom"",""source_file"":""Stockroom \u00b7 Instinct Stockroom.csv"",""source_rows"":""3139"",""classification"":""heuristic""}"
product,🏡OM Neopoly HC Otic Sol 10cc,🏡OM Neopoly HC Otic Sol 10cc,evh-products,true,3,0.70,"{""source_system"":""stockroom"",""source_file"":""Stockroom \u00b7 Instinct Stockroom.csv"",""source_rows"":""3139"",""classification"":""heuristic""}"
product,🏡OM Nin Jiom Pei Pa Koa(Chuan Bei Pi Pa Gao),🏡OM Nin Jiom Pei Pa Koa(Chuan Bei Pi Pa Gao),evh-products,true,3,0.70,"{""source_system"":""stockroom"",""source_file"":""Stockroom \u00b7 Instinct Stockroom.csv"",""source_rows"":""3139"",""classification"":""heuristic""}"
product,🏡OM Oseltamivir 75mg CAP Box of 10,🏡OM Oseltamivir 75mg CAP Box of 10,evh-products,true,3,0.70,"{""source_system"":""stockroom"",""source_file"":""Stockroom \u00b7 Instinct Stockroom.csv"",""source_rows"":""3139"",""classification"":""heuristic""}"
product,🏡OM Oti-Pack-E Otic,🏡OM Oti-Pack-E Otic,evh-products,true,3,0.70,"{""source_system"":""stockroom"",""source_file"":""Stockroom \u00b7 Instinct Stockroom.csv"",""source_rows"":""3139"",""classification"":""heuristic""}"
product,🏡OM Oti-Pack-KT Otic,🏡OM Oti-Pack-KT Otic,evh-products,true,3,0.70,"{""source_system"":""stockroom"",""source_file"":""Stockroom \u00b7 Instinct Stockroom.csv"",""source_rows"":""3139"",""classification"":""heuristic""}"
product,🏡OM Pantoprazole 20mg TAB (90ct) Bottle,🏡OM Pantoprazole 20mg TAB (90ct) Bottle,evh-products,true,3,0.70,"{""source_system"":""stockroom"",""source_file"":""Stockroom \u00b7 Instinct Stockroom.csv"",""source_rows"":""3139"",""classification"":""heuristic""}"
product,🏡OM Pantoprazole 40mg TAB (90ct) Bottle,🏡OM Pantoprazole 40mg TAB (90ct) Bottle,evh-products,true,3,0.70,"{""source_system"":""stockroom"",""source_file"":""Stockroom \u00b7 Instinct Stockroom.csv"",""source_rows"":""3139"",""classification"":""heuristic""}"
product,🏡OM Pet-Tinic 4oz,🏡OM Pet-Tinic 4oz,evh-products,true,3,0.70,"{""source_system"":""stockroom"",""source_file"":""Stockroom \u00b7 Instinct Stockroom.csv"",""source_rows"":""3139"",""classification"":""heuristic""}"
product,🏡OM Proin 75mg Chew TAB 60ct. bottle,🏡OM Proin 75mg Chew TAB 60ct. bottle,evh-products,true,3,0.70,"{""source_system"":""stockroom"",""source_file"":""Stockroom \u00b7 Instinct Stockroom.csv"",""source_rows"":""3139"",""classification"":""heuristic""}"
product,🏡OM Proin ER 145mg (30ct Bottle),🏡OM Proin ER 145mg (30ct Bottle),evh-products,true,3,0.70,"{""source_system"":""stockroom"",""source_file"":""Stockroom \u00b7 Instinct Stockroom.csv"",""source_rows"":""3139"",""classification"":""heuristic""}"
product,🏡OM Proin ER 18mg (30ct Bottle),🏡OM Proin ER 18mg (30ct Bottle),evh-products,true,3,0.70,"{""source_system"":""stockroom"",""source_file"":""Stockroom \u00b7 Instinct Stockroom.csv"",""source_rows"":""3139"",""classification"":""heuristic""}"
product,🏡OM Proin ER 38mg (30ct Bottle),🏡OM Proin ER 38mg (30ct Bottle),evh-products,true,3,0.70,"{""source_system"":""stockroom"",""source_file"":""Stockroom \u00b7 Instinct Stockroom.csv"",""source_rows"":""3139"",""classification"":""heuristic""}"
product,🏡OM Proin ER 74mg (30ct Bottle),🏡OM Proin ER 74mg (30ct Bottle),evh-products,true,3,0.70,"{""source_system"":""stockroom"",""source_file"":""Stockroom \u00b7 Instinct Stockroom.csv"",""source_rows"":""3139"",""classification"":""heuristic""}"
product,🏡OM Proin ER 74mg (90ct Bottle),🏡OM Proin ER 74mg (90ct Bottle),evh-products,true,3,0.70,"{""source_system"":""stockroom"",""source_file"":""Stockroom \u00b7 Instinct Stockroom.csv"",""source_rows"":""3139"",""classification"":""heuristic""}"
product,🏡OM ProZinc Insulin 40U/ml (10 ml Bottle),🏡OM ProZinc Insulin 40U/ml (10 ml Bottle),evh-products,true,3,0.70,"{""source_system"":""stockroom"",""source_file"":""Stockroom \u00b7 Instinct Stockroom.csv"",""source_rows"":""3139"",""classification"":""heuristic""}"
product,🏡OM Prozinc Insulin 40U/ml (20ml Bottle),🏡OM Prozinc Insulin 40U/ml (20ml Bottle),evh-products,true,3,0.70,"{""source_system"":""stockroom"",""source_file"":""Stockroom \u00b7 Instinct Stockroom.csv"",""source_rows"":""3139"",""classification"":""heuristic""}"
product,🏡OM Purina Hydracare 3oz Sachet,🏡OM Purina Hydracare 3oz Sachet,evh-products,true,3,0.70,"{""source_system"":""stockroom"",""source_file"":""Stockroom \u00b7 Instinct Stockroom.csv"",""source_rows"":""3139"",""classification"":""heuristic""}"
product,🏡OM Sargassum Jade Pot Capsules 100ct,🏡OM Sargassum Jade Pot Capsules 100ct,evh-products,true,3,0.70,"{""source_system"":""stockroom"",""source_file"":""Stockroom \u00b7 Instinct Stockroom.csv"",""source_rows"":""3139"",""classification"":""heuristic""}"
product,🏡OM Semintra Oral Susp. 10mg/ml 35ml Bottle,🏡OM Semintra Oral Susp. 10mg/ml 35ml Bottle,evh-products,true,3,0.70,"{""source_system"":""stockroom"",""source_file"":""Stockroom \u00b7 Instinct Stockroom.csv"",""source_rows"":""3139"",""classification"":""heuristic""}"
product,🏡OM Senvelgo 30ml Bottle (15mg/mL),🏡OM Senvelgo 30ml Bottle (15mg/mL),evh-products,true,3,0.70,"{""source_system"":""stockroom"",""source_file"":""Stockroom \u00b7 Instinct Stockroom.csv"",""source_rows"":""3139"",""classification"":""heuristic""}"
product,🏡OM Shen Calmer 200ct Teapill,🏡OM Shen Calmer 200ct Teapill,evh-products,true,3,0.70,"{""source_system"":""stockroom"",""source_file"":""Stockroom \u00b7 Instinct Stockroom.csv"",""source_rows"":""3139"",""classification"":""heuristic""}"
product,🏡OM SimpliSolve CBD Sheets 15ct,🏡OM SimpliSolve CBD Sheets 15ct,evh-products,true,3,0.70,"{""source_system"":""stockroom"",""source_file"":""Stockroom \u00b7 Instinct Stockroom.csv"",""source_rows"":""3139"",""classification"":""heuristic""}"
product,🏡OM SimpliSolve CBD Sheets 40ct,🏡OM SimpliSolve CBD Sheets 40ct,evh-products,true,3,0.70,"{""source_system"":""stockroom"",""source_file"":""Stockroom \u00b7 Instinct Stockroom.csv"",""source_rows"":""3139"",""classification"":""heuristic""}"
product,🏡OM Stasis Breaker (100ct) Bottle CAP,🏡OM Stasis Breaker (100ct) Bottle CAP,evh-products,true,3,0.70,"{""source_system"":""stockroom"",""source_file"":""Stockroom \u00b7 Instinct Stockroom.csv"",""source_rows"":""3139"",""classification"":""heuristic""}"
product,🏡OM Stasis Breaker (200ct) Bottle CAP,🏡OM Stasis Breaker (200ct) Bottle CAP,evh-products,true,3,0.70,"{""source_system"":""stockroom"",""source_file"":""Stockroom \u00b7 Instinct Stockroom.csv"",""source_rows"":""3139"",""classification"":""heuristic""}"
product,🏡OM Stasis in Mans. of Mind 90g Bottle,🏡OM Stasis in Mans. of Mind 90g Bottle,evh-products,true,3,0.70,"{""source_system"":""stockroom"",""source_file"":""Stockroom \u00b7 Instinct Stockroom.csv"",""source_rows"":""3139"",""classification"":""heuristic""}"
product,🏡OM Stomach Happy Teapill 100ct,🏡OM Stomach Happy Teapill 100ct,evh-products,true,3,0.70,"{""source_system"":""stockroom"",""source_file"":""Stockroom \u00b7 Instinct Stockroom.csv"",""source_rows"":""3139"",""classification"":""heuristic""}"
product,🏡OM Suffusion K Mousse 6.8 oz Bottle,🏡OM Suffusion K Mousse 6.8 oz Bottle,evh-products,true,3,0.70,"{""source_system"":""stockroom"",""source_file"":""Stockroom \u00b7 Instinct Stockroom.csv"",""source_rows"":""3139"",""classification"":""heuristic""}"
product,🏡OM Suffusion K Wipes 30ct,🏡OM Suffusion K Wipes 30ct,evh-products,true,3,0.70,"{""source_system"":""stockroom"",""source_file"":""Stockroom \u00b7 Instinct Stockroom.csv"",""source_rows"":""3139"",""classification"":""heuristic""}"
product,🏡OM Suffusion P + PS Mousse 200ml Bottle,🏡OM Suffusion P + PS Mousse 200ml Bottle,evh-products,true,3,0.70,"{""source_system"":""stockroom"",""source_file"":""Stockroom \u00b7 Instinct Stockroom.csv"",""source_rows"":""3139"",""classification"":""heuristic""}"
product,🏡OM Tiger Balm (4 Grams),🏡OM Tiger Balm (4 Grams),evh-products,true,3,0.70,"{""source_system"":""stockroom"",""source_file"":""Stockroom \u00b7 Instinct Stockroom.csv"",""source_rows"":""3139"",""classification"":""heuristic""}"
product,🏡OM Tresaderm 7.5 ml Bottle,🏡OM Tresaderm 7.5 ml Bottle,evh-products,true,3,0.70,"{""source_system"":""stockroom"",""source_file"":""Stockroom \u00b7 Instinct Stockroom.csv"",""source_rows"":""3139"",""classification"":""heuristic""}"
product,🏡OM TRIZEDTA Flush 16oz Bottle,🏡OM TRIZEDTA Flush 16oz Bottle,evh-products,true,3,0.70,"{""source_system"":""stockroom"",""source_file"":""Stockroom \u00b7 Instinct Stockroom.csv"",""source_rows"":""3139"",""classification"":""heuristic""}"
product,🏡OM Trizultra / Keto 12oz Bottle,🏡OM Trizultra / Keto 12oz Bottle,evh-products,true,3,0.70,"{""source_system"":""stockroom"",""source_file"":""Stockroom \u00b7 Instinct Stockroom.csv"",""source_rows"":""3139"",""classification"":""heuristic""}"
product,🏡OM UpCard ( Torsemide ) 2mg/ml 32 ml Bottle,🏡OM UpCard ( Torsemide ) 2mg/ml 32 ml Bottle,evh-products,true,3,0.70,"{""source_system"":""stockroom"",""source_file"":""Stockroom \u00b7 Instinct Stockroom.csv"",""source_rows"":""3139"",""classification"":""heuristic""}"
product,🏡OM Varenzin 25mg/ml Susp. 27ml Bottle,🏡OM Varenzin 25mg/ml Susp. 27ml Bottle,evh-products,true,3,0.70,"{""source_system"":""stockroom"",""source_file"":""Stockroom \u00b7 Instinct Stockroom.csv"",""source_rows"":""3139"",""classification"":""heuristic""}"
product,🏡OM VC Tear Stain Liquid 4oz,🏡OM VC Tear Stain Liquid 4oz,evh-products,true,3,0.70,"{""source_system"":""stockroom"",""source_file"":""Stockroom \u00b7 Instinct Stockroom.csv"",""source_rows"":""3139"",""classification"":""heuristic""}"
product,🏡OM Vetri Science Renal Essent. Pro LIQ.,🏡OM Vetri Science Renal Essent. Pro LIQ.,evh-products,true,3,0.70,"{""source_system"":""stockroom"",""source_file"":""Stockroom \u00b7 Instinct Stockroom.csv"",""source_rows"":""3139"",""classification"":""heuristic""}"
product,🏡OM Vetri-Lysine Plus 120ct,🏡OM Vetri-Lysine Plus 120ct,evh-products,true,3,0.70,"{""source_system"":""stockroom"",""source_file"":""Stockroom \u00b7 Instinct Stockroom.csv"",""source_rows"":""3139"",""classification"":""heuristic""}"
product,🏡OM Visbiome Probiotic CAP 40ct Box,🏡OM Visbiome Probiotic CAP 40ct Box,evh-products,true,3,0.70,"{""source_system"":""stockroom"",""source_file"":""Stockroom \u00b7 Instinct Stockroom.csv"",""source_rows"":""3139"",""classification"":""heuristic""}"
product,🏡OM Wei Qi Booster CAP 100ct Bottle,🏡OM Wei Qi Booster CAP 100ct Bottle,evh-products,true,3,0.70,"{""source_system"":""stockroom"",""source_file"":""Stockroom \u00b7 Instinct Stockroom.csv"",""source_rows"":""3139"",""classification"":""heuristic""}"
product,🏡OM Yunnan Bai Yao Herbal Supl CAP 16ct Box,🏡OM Yunnan Bai Yao Herbal Supl CAP 16ct Box,evh-products,true,3,0.70,"{""source_system"":""stockroom"",""source_file"":""Stockroom \u00b7 Instinct Stockroom.csv"",""source_rows"":""3139"",""classification"":""heuristic""}"
product,🏡🏡OM Elura 20mg/ml Oral Susp. (15 ml Bottle),🏡🏡OM Elura 20mg/ml Oral Susp. (15 ml Bottle),evh-products,true,3,0.70,"{""source_system"":""stockroom"",""source_file"":""Stockroom \u00b7 Instinct Stockroom.csv"",""source_rows"":""3139"",""classification"":""heuristic""}"
treatment,Abdominal Ultrasound,Abdominal Ultrasound,evh-treatments,true,2,0.88,"{""source_system"":""stockroom"",""source_file"":""Stockroom \u00b7 Instinct Stockroom.csv"",""source_rows"":""3139"",""classification"":""heuristic""}"
treatment,Abscess Debridement,Abscess Debridement,evh-treatments,true,2,0.88,"{""source_system"":""stockroom"",""source_file"":""Stockroom \u00b7 Instinct Stockroom.csv"",""source_rows"":""3139"",""classification"":""heuristic""}"
treatment,Abscess-Surgical Treatment,Abscess-Surgical Treatment,evh-treatments,true,2,0.88,"{""source_system"":""stockroom"",""source_file"":""Stockroom \u00b7 Instinct Stockroom.csv"",""source_rows"":""3139"",""classification"":""heuristic""}"
treatment,Acupuncture,Acupuncture,evh-treatments,true,2,0.88,"{""source_system"":""stockroom"",""source_file"":""Stockroom \u00b7 Instinct Stockroom.csv"",""source_rows"":""3139"",""classification"":""heuristic""}"
treatment,Acupuncture - Aquapuncture (add-on),Acupuncture - Aquapuncture (add-on),evh-treatments,true,2,0.88,"{""source_system"":""stockroom"",""source_file"":""Stockroom \u00b7 Instinct Stockroom.csv"",""source_rows"":""3139"",""classification"":""heuristic""}"
treatment,Acupuncture - Dry Needle,Acupuncture - Dry Needle,evh-treatments,true,2,0.88,"{""source_system"":""stockroom"",""source_file"":""Stockroom \u00b7 Instinct Stockroom.csv"",""source_rows"":""3139"",""classification"":""heuristic""}"
treatment,Acupuncture - Electro (add-on),Acupuncture - Electro (add-on),evh-treatments,true,2,0.88,"{""source_system"":""stockroom"",""source_file"":""Stockroom \u00b7 Instinct Stockroom.csv"",""source_rows"":""3139"",""classification"":""heuristic""}"
treatment,Acupuncture - Electroacupuncture,Acupuncture - Electroacupuncture,evh-treatments,true,2,0.88,"{""source_system"":""stockroom"",""source_file"":""Stockroom \u00b7 Instinct Stockroom.csv"",""source_rows"":""3139"",""classification"":""heuristic""}"
treatment,Acupuncture - Laser (add-on),Acupuncture - Laser (add-on),evh-treatments,true,2,0.88,"{""source_system"":""stockroom"",""source_file"":""Stockroom \u00b7 Instinct Stockroom.csv"",""source_rows"":""3139"",""classification"":""heuristic""}"
treatment,Acupuncture - Titanium Bead Implantation,Acupuncture - Titanium Bead Implantation,evh-treatments,true,2,0.88,"{""source_system"":""stockroom"",""source_file"":""Stockroom \u00b7 Instinct Stockroom.csv"",""source_rows"":""3139"",""classification"":""heuristic""}"
treatment,Acupuncture and Laser Therapy,Acupuncture and Laser Therapy,evh-treatments,true,2,0.88,"{""source_system"":""stockroom"",""source_file"":""Stockroom \u00b7 Instinct Stockroom.csv"",""source_rows"":""3139"",""classification"":""heuristic""}"
treatment,Anesthesia - Induction,Anesthesia - Induction,evh-treatments,true,2,0.88,"{""source_system"":""stockroom"",""source_file"":""Stockroom \u00b7 Instinct Stockroom.csv"",""source_rows"":""3139"",""classification"":""heuristic""}"
treatment,Anesthesia - Intravenous,Anesthesia - Intravenous,evh-treatments,true,2,0.88,"{""source_system"":""stockroom"",""source_file"":""Stockroom \u00b7 Instinct Stockroom.csv"",""source_rows"":""3139"",""classification"":""heuristic""}"
treatment,Anesthesia - Isoflurane Add'l 15 min.,Anesthesia - Isoflurane Add'l 15 min.,evh-treatments,true,2,0.88,"{""source_system"":""stockroom"",""source_file"":""Stockroom \u00b7 Instinct Stockroom.csv"",""source_rows"":""3139"",""classification"":""heuristic""}"
treatment,Anesthesia - Isoflurane Initial 30 min.,Anesthesia - Isoflurane Initial 30 min.,evh-treatments,true,2,0.88,"{""source_system"":""stockroom"",""source_file"":""Stockroom \u00b7 Instinct Stockroom.csv"",""source_rows"":""3139"",""classification"":""heuristic""}"
treatment,Anesthesia - Local,Anesthesia - Local,evh-treatments,true,2,0.88,"{""source_system"":""stockroom"",""source_file"":""Stockroom \u00b7 Instinct Stockroom.csv"",""source_rows"":""3139"",""classification"":""heuristic""}"
treatment,Anesthesia - Local / Intra-op,Anesthesia - Local / Intra-op,evh-treatments,true,2,0.88,"{""source_system"":""stockroom"",""source_file"":""Stockroom \u00b7 Instinct Stockroom.csv"",""source_rows"":""3139"",""classification"":""heuristic""}"
treatment,Anesthesia - Premedication,Anesthesia - Premedication,evh-treatments,true,2,0.88,"{""source_system"":""stockroom"",""source_file"":""Stockroom \u00b7 Instinct Stockroom.csv"",""source_rows"":""3139"",""classification"":""heuristic""}"
treatment,Anesthesia - Sedation,Anesthesia - Sedation,evh-treatments,true,2,0.88,"{""source_system"":""stockroom"",""source_file"":""Stockroom \u00b7 Instinct Stockroom.csv"",""source_rows"":""3139"",""classification"":""heuristic""}"
treatment,Anesthesia Bag .5 liter,Anesthesia Bag .5 liter,evh-treatments,true,2,0.88,"{""source_system"":""stockroom"",""source_file"":""Stockroom \u00b7 Instinct Stockroom.csv"",""source_rows"":""3139"",""classification"":""heuristic""}"
treatment,Anesthesia Bag 1 liter,Anesthesia Bag 1 liter,evh-treatments,true,2,0.88,"{""source_system"":""stockroom"",""source_file"":""Stockroom \u00b7 Instinct Stockroom.csv"",""source_rows"":""3139"",""classification"":""heuristic""}"
treatment,Anesthesia bag 2 liter,Anesthesia bag 2 liter,evh-treatments,true,2,0.88,"{""source_system"":""stockroom"",""source_file"":""Stockroom \u00b7 Instinct Stockroom.csv"",""source_rows"":""3139"",""classification"":""heuristic""}"
treatment,Anesthesia bag 3 liter,Anesthesia bag 3 liter,evh-treatments,true,2,0.88,"{""source_system"":""stockroom"",""source_file"":""Stockroom \u00b7 Instinct Stockroom.csv"",""source_rows"":""3139"",""classification"":""heuristic""}"
treatment,Anesthesia Bag 4 Liter,Anesthesia Bag 4 Liter,evh-treatments,true,2,0.88,"{""source_system"":""stockroom"",""source_file"":""Stockroom \u00b7 Instinct Stockroom.csv"",""source_rows"":""3139"",""classification"":""heuristic""}"
treatment,Anesthesia Bag 5 Liter,Anesthesia Bag 5 Liter,evh-treatments,true,2,0.88,"{""source_system"":""stockroom"",""source_file"":""Stockroom \u00b7 Instinct Stockroom.csv"",""source_rows"":""3139"",""classification"":""heuristic""}"
treatment,Anesthesia Mask Lg,Anesthesia Mask Lg,evh-treatments,true,2,0.88,"{""source_system"":""stockroom"",""source_file"":""Stockroom \u00b7 Instinct Stockroom.csv"",""source_rows"":""3139"",""classification"":""heuristic""}"
treatment,Anesthesia Mask Med,Anesthesia Mask Med,evh-treatments,true,2,0.88,"{""source_system"":""stockroom"",""source_file"":""Stockroom \u00b7 Instinct Stockroom.csv"",""source_rows"":""3139"",""classification"":""heuristic""}"
treatment,Anesthesia Rebreathing System w/ Bag,Anesthesia Rebreathing System w/ Bag,evh-treatments,true,2,0.88,"{""source_system"":""stockroom"",""source_file"":""Stockroom \u00b7 Instinct Stockroom.csv"",""source_rows"":""3139"",""classification"":""heuristic""}"
treatment,Anesthesia Upper gasket,Anesthesia Upper gasket,evh-treatments,true,2,0.88,"{""source_system"":""stockroom"",""source_file"":""Stockroom \u00b7 Instinct Stockroom.csv"",""source_rows"":""3139"",""classification"":""heuristic""}"
treatment,Annual Health Exam w/ Vaccines,Annual Health Exam w/ Vaccines,evh-treatments,true,2,0.88,"{""source_system"":""stockroom"",""source_file"":""Stockroom \u00b7 Instinct Stockroom.csv"",""source_rows"":""3139"",""classification"":""heuristic""}"
treatment,Antech AI Rapid Read Consult,Antech AI Rapid Read Consult,evh-treatments,true,2,0.88,"{""source_system"":""stockroom"",""source_file"":""Stockroom \u00b7 Instinct Stockroom.csv"",""source_rows"":""3139"",""classification"":""heuristic""}"
treatment,Antech Dermatopathology Consult,Antech Dermatopathology Consult,evh-treatments,true,2,0.88,"{""source_system"":""stockroom"",""source_file"":""Stockroom \u00b7 Instinct Stockroom.csv"",""source_rows"":""3139"",""classification"":""heuristic""}"
treatment,Antech Imaging Radiologist Consult,Antech Imaging Radiologist Consult,evh-treatments,true,2,0.88,"{""source_system"":""stockroom"",""source_file"":""Stockroom \u00b7 Instinct Stockroom.csv"",""source_rows"":""3139"",""classification"":""heuristic""}"
treatment,Antech Imaging Ultrasound Consult,Antech Imaging Ultrasound Consult,evh-treatments,true,2,0.88,"{""source_system"":""stockroom"",""source_file"":""Stockroom \u00b7 Instinct Stockroom.csv"",""source_rows"":""3139"",""classification"":""heuristic""}"
treatment,Application-Thomas Splint,Application-Thomas Splint,evh-treatments,true,2,0.88,"{""source_system"":""stockroom"",""source_file"":""Stockroom \u00b7 Instinct Stockroom.csv"",""source_rows"":""3139"",""classification"":""heuristic""}"
treatment,Apply Quick splint,Apply Quick splint,evh-treatments,true,2,0.88,"{""source_system"":""stockroom"",""source_file"":""Stockroom \u00b7 Instinct Stockroom.csv"",""source_rows"":""3139"",""classification"":""heuristic""}"
treatment,Apply Spoon Splint,Apply Spoon Splint,evh-treatments,true,2,0.88,"{""source_system"":""stockroom"",""source_file"":""Stockroom \u00b7 Instinct Stockroom.csv"",""source_rows"":""3139"",""classification"":""heuristic""}"
treatment,AX - IV Fluid Bolus,AX - IV Fluid Bolus,evh-treatments,true,2,0.88,"{""source_system"":""stockroom"",""source_file"":""Stockroom \u00b7 Instinct Stockroom.csv"",""source_rows"":""3139"",""classification"":""heuristic""}"
treatment,AX - IV Fluids - 0.45% NaCl,AX - IV Fluids - 0.45% NaCl,evh-treatments,true,2,0.88,"{""source_system"":""stockroom"",""source_file"":""Stockroom \u00b7 Instinct Stockroom.csv"",""source_rows"":""3139"",""classification"":""heuristic""}"
treatment,AX - IV Fluids - 0.45% NaCl + 5% Dextrose,AX - IV Fluids - 0.45% NaCl + 5% Dextrose,evh-treatments,true,2,0.88,"{""source_system"":""stockroom"",""source_file"":""Stockroom \u00b7 Instinct Stockroom.csv"",""source_rows"":""3139"",""classification"":""heuristic""}"
treatment,AX - IV Fluids - 0.9% NaCl,AX - IV Fluids - 0.9% NaCl,evh-treatments,true,2,0.88,"{""source_system"":""stockroom"",""source_file"":""Stockroom \u00b7 Instinct Stockroom.csv"",""source_rows"":""3139"",""classification"":""heuristic""}"
treatment,AX - IV Fluids - D5W,AX - IV Fluids - D5W,evh-treatments,true,2,0.88,"{""source_system"":""stockroom"",""source_file"":""Stockroom \u00b7 Instinct Stockroom.csv"",""source_rows"":""3139"",""classification"":""heuristic""}"
treatment,AX - IV Fluids - Hetastarch/Vetstarch,AX - IV Fluids - Hetastarch/Vetstarch,evh-treatments,true,2,0.88,"{""source_system"":""stockroom"",""source_file"":""Stockroom \u00b7 Instinct Stockroom.csv"",""source_rows"":""3139"",""classification"":""heuristic""}"
treatment,AX - IV Fluids - Hypertonic Saline,AX - IV Fluids - Hypertonic Saline,evh-treatments,true,2,0.88,"{""source_system"":""stockroom"",""source_file"":""Stockroom \u00b7 Instinct Stockroom.csv"",""source_rows"":""3139"",""classification"":""heuristic""}"
treatment,AX - IV Fluids - LRS,AX - IV Fluids - LRS,evh-treatments,true,2,0.88,"{""source_system"":""stockroom"",""source_file"":""Stockroom \u00b7 Instinct Stockroom.csv"",""source_rows"":""3139"",""classification"":""heuristic""}"
treatment,AX - IV Fluids - Normosol R,AX - IV Fluids - Normosol R,evh-treatments,true,2,0.88,"{""source_system"":""stockroom"",""source_file"":""Stockroom \u00b7 Instinct Stockroom.csv"",""source_rows"":""3139"",""classification"":""heuristic""}"
treatment,AX - IV Fluids - Other,AX - IV Fluids - Other,evh-treatments,true,2,0.88,"{""source_system"":""stockroom"",""source_file"":""Stockroom \u00b7 Instinct Stockroom.csv"",""source_rows"":""3139"",""classification"":""heuristic""}"
treatment,AX - IV Fluids - Plasmalyte,AX - IV Fluids - Plasmalyte,evh-treatments,true,2,0.88,"{""source_system"":""stockroom"",""source_file"":""Stockroom \u00b7 Instinct Stockroom.csv"",""source_rows"":""3139"",""classification"":""heuristic""}"
treatment,AX Oxygen Administration L/min,AX Oxygen Administration L/min,evh-treatments,true,2,0.88,"{""source_system"":""stockroom"",""source_file"":""Stockroom \u00b7 Instinct Stockroom.csv"",""source_rows"":""3139"",""classification"":""heuristic""}"
treatment,"Bandage Scissors 3""","Bandage Scissors 3""",evh-treatments,true,2,0.88,"{""source_system"":""stockroom"",""source_file"":""Stockroom \u00b7 Instinct Stockroom.csv"",""source_rows"":""3139"",""classification"":""heuristic""}"
treatment,"Bandage Scissors 5.5""","Bandage Scissors 5.5""",evh-treatments,true,2,0.88,"{""source_system"":""stockroom"",""source_file"":""Stockroom \u00b7 Instinct Stockroom.csv"",""source_rows"":""3139"",""classification"":""heuristic""}"
treatment,"Bandage Scissors 7""","Bandage Scissors 7""",evh-treatments,true,2,0.88,"{""source_system"":""stockroom"",""source_file"":""Stockroom \u00b7 Instinct Stockroom.csv"",""source_rows"":""3139"",""classification"":""heuristic""}"
treatment,Basic Surgery Supplies,Basic Surgery Supplies,evh-treatments,true,2,0.88,"{""source_system"":""stockroom"",""source_file"":""Stockroom \u00b7 Instinct Stockroom.csv"",""source_rows"":""3139"",""classification"":""heuristic""}"
treatment,Biopsy punch 2mm,Biopsy punch 2mm,evh-treatments,true,2,0.88,"{""source_system"":""stockroom"",""source_file"":""Stockroom \u00b7 Instinct Stockroom.csv"",""source_rows"":""3139"",""classification"":""heuristic""}"
treatment,Biopsy punch 4mm,Biopsy punch 4mm,evh-treatments,true,2,0.88,"{""source_system"":""stockroom"",""source_file"":""Stockroom \u00b7 Instinct Stockroom.csv"",""source_rows"":""3139"",""classification"":""heuristic""}"
treatment,Biopsy punch 6mm,Biopsy punch 6mm,evh-treatments,true,2,0.88,"{""source_system"":""stockroom"",""source_file"":""Stockroom \u00b7 Instinct Stockroom.csv"",""source_rows"":""3139"",""classification"":""heuristic""}"
treatment,Biopsy Skin Punch 8mm,Biopsy Skin Punch 8mm,evh-treatments,true,2,0.88,"{""source_system"":""stockroom"",""source_file"":""Stockroom \u00b7 Instinct Stockroom.csv"",""source_rows"":""3139"",""classification"":""heuristic""}"
treatment,Biopsy Submission to UT (3 Samples),Biopsy Submission to UT (3 Samples),evh-treatments,true,2,0.88,"{""source_system"":""stockroom"",""source_file"":""Stockroom \u00b7 Instinct Stockroom.csv"",""source_rows"":""3139"",""classification"":""heuristic""}"
treatment,Biopsy Submission to UT (Add. Site),Biopsy Submission to UT (Add. Site),evh-treatments,true,2,0.88,"{""source_system"":""stockroom"",""source_file"":""Stockroom \u00b7 Instinct Stockroom.csv"",""source_rows"":""3139"",""classification"":""heuristic""}"
treatment,Biopsy-Cutaneous,Biopsy-Cutaneous,evh-treatments,true,2,0.88,"{""source_system"":""stockroom"",""source_file"":""Stockroom \u00b7 Instinct Stockroom.csv"",""source_rows"":""3139"",""classification"":""heuristic""}"
treatment,Biopsy-Liver/Kidney,Biopsy-Liver/Kidney,evh-treatments,true,2,0.88,"{""source_system"":""stockroom"",""source_file"":""Stockroom \u00b7 Instinct Stockroom.csv"",""source_rows"":""3139"",""classification"":""heuristic""}"
treatment,Biopsy-Lymph Node,Biopsy-Lymph Node,evh-treatments,true,2,0.88,"{""source_system"":""stockroom"",""source_file"":""Stockroom \u00b7 Instinct Stockroom.csv"",""source_rows"":""3139"",""classification"":""heuristic""}"
treatment,Blackwell's Critical care Consult,Blackwell's Critical care Consult,evh-treatments,true,2,0.88,"{""source_system"":""stockroom"",""source_file"":""Stockroom \u00b7 Instinct Stockroom.csv"",""source_rows"":""3139"",""classification"":""heuristic""}"
treatment,Blackwell's Toxicology Consult,Blackwell's Toxicology Consult,evh-treatments,true,2,0.88,"{""source_system"":""stockroom"",""source_file"":""Stockroom \u00b7 Instinct Stockroom.csv"",""source_rows"":""3139"",""classification"":""heuristic""}"
treatment,Bone Marrow Biopsy,Bone Marrow Biopsy,evh-treatments,true,2,0.88,"{""source_system"":""stockroom"",""source_file"":""Stockroom \u00b7 Instinct Stockroom.csv"",""source_rows"":""3139"",""classification"":""heuristic""}"
treatment,"Cast Padding 2""","Cast Padding 2""",evh-treatments,true,2,0.88,"{""source_system"":""stockroom"",""source_file"":""Stockroom \u00b7 Instinct Stockroom.csv"",""source_rows"":""3139"",""classification"":""heuristic""}"
treatment,"Cast Padding 4""","Cast Padding 4""",evh-treatments,true,2,0.88,"{""source_system"":""stockroom"",""source_file"":""Stockroom \u00b7 Instinct Stockroom.csv"",""source_rows"":""3139"",""classification"":""heuristic""}"
treatment,Cast Repair,Cast Repair,evh-treatments,true,2,0.88,"{""source_system"":""stockroom"",""source_file"":""Stockroom \u00b7 Instinct Stockroom.csv"",""source_rows"":""3139"",""classification"":""heuristic""}"
treatment,Catheterization - Intravenous,Catheterization - Intravenous,evh-treatments,true,2,0.88,"{""source_system"":""stockroom"",""source_file"":""Stockroom \u00b7 Instinct Stockroom.csv"",""source_rows"":""3139"",""classification"":""heuristic""}"
treatment,Catheterization-Urinary,Catheterization-Urinary,evh-treatments,true,2,0.88,"{""source_system"":""stockroom"",""source_file"":""Stockroom \u00b7 Instinct Stockroom.csv"",""source_rows"":""3139"",""classification"":""heuristic""}"
treatment,Change Bandage / Dressing,Change Bandage / Dressing,evh-treatments,true,2,0.88,"{""source_system"":""stockroom"",""source_file"":""Stockroom \u00b7 Instinct Stockroom.csv"",""source_rows"":""3139"",""classification"":""heuristic""}"
treatment,Change IV Fluids,Change IV Fluids,evh-treatments,true,2,0.88,"{""source_system"":""stockroom"",""source_file"":""Stockroom \u00b7 Instinct Stockroom.csv"",""source_rows"":""3139"",""classification"":""heuristic""}"
treatment,Change Oxygen %,Change Oxygen %,evh-treatments,true,2,0.88,"{""source_system"":""stockroom"",""source_file"":""Stockroom \u00b7 Instinct Stockroom.csv"",""source_rows"":""3139"",""classification"":""heuristic""}"
treatment,Check Bandage (+/- Toes),Check Bandage (+/- Toes),evh-treatments,true,2,0.88,"{""source_system"":""stockroom"",""source_file"":""Stockroom \u00b7 Instinct Stockroom.csv"",""source_rows"":""3139"",""classification"":""heuristic""}"
treatment,Check Incision / Wound,Check Incision / Wound,evh-treatments,true,2,0.88,"{""source_system"":""stockroom"",""source_file"":""Stockroom \u00b7 Instinct Stockroom.csv"",""source_rows"":""3139"",""classification"":""heuristic""}"
treatment,Check Oxygen Cage Soda Lime / Drip Tray,Check Oxygen Cage Soda Lime / Drip Tray,evh-treatments,true,2,0.88,"{""source_system"":""stockroom"",""source_file"":""Stockroom \u00b7 Instinct Stockroom.csv"",""source_rows"":""3139"",""classification"":""heuristic""}"
treatment,Check Oxygen Cage Temperature/Humidity,Check Oxygen Cage Temperature/Humidity,evh-treatments,true,2,0.88,"{""source_system"":""stockroom"",""source_file"":""Stockroom \u00b7 Instinct Stockroom.csv"",""source_rows"":""3139"",""classification"":""heuristic""}"
treatment,Chest Tube Placement Procedure,Chest Tube Placement Procedure,evh-treatments,true,2,0.88,"{""source_system"":""stockroom"",""source_file"":""Stockroom \u00b7 Instinct Stockroom.csv"",""source_rows"":""3139"",""classification"":""heuristic""}"
treatment,Clean & Restock Exam Rooms,Clean & Restock Exam Rooms,evh-treatments,true,2,0.88,"{""source_system"":""stockroom"",""source_file"":""Stockroom \u00b7 Instinct Stockroom.csv"",""source_rows"":""3139"",""classification"":""heuristic""}"
treatment,Clean All Exam Tables,Clean All Exam Tables,evh-treatments,true,2,0.88,"{""source_system"":""stockroom"",""source_file"":""Stockroom \u00b7 Instinct Stockroom.csv"",""source_rows"":""3139"",""classification"":""heuristic""}"
treatment,Clean Surgery/Restock,Clean Surgery/Restock,evh-treatments,true,2,0.88,"{""source_system"":""stockroom"",""source_file"":""Stockroom \u00b7 Instinct Stockroom.csv"",""source_rows"":""3139"",""classification"":""heuristic""}"
treatment,Clindoral Treatment,Clindoral Treatment,evh-treatments,true,2,0.88,"{""source_system"":""stockroom"",""source_file"":""Stockroom \u00b7 Instinct Stockroom.csv"",""source_rows"":""3139"",""classification"":""heuristic""}"
treatment,Cloth Surgery Towels,Cloth Surgery Towels,evh-treatments,true,2,0.88,"{""source_system"":""stockroom"",""source_file"":""Stockroom \u00b7 Instinct Stockroom.csv"",""source_rows"":""3139"",""classification"":""heuristic""}"
treatment,Consultation without Exam,Consultation without Exam,evh-treatments,true,2,0.88,"{""source_system"":""stockroom"",""source_file"":""Stockroom \u00b7 Instinct Stockroom.csv"",""source_rows"":""3139"",""classification"":""heuristic""}"
treatment,CRI - IV Fluid Drip (Inj. Included),CRI - IV Fluid Drip (Inj. Included),evh-treatments,true,2,0.88,"{""source_system"":""stockroom"",""source_file"":""Stockroom \u00b7 Instinct Stockroom.csv"",""source_rows"":""3139"",""classification"":""heuristic""}"
treatment,Cryoprobe Surgery,Cryoprobe Surgery,evh-treatments,true,2,0.88,"{""source_system"":""stockroom"",""source_file"":""Stockroom \u00b7 Instinct Stockroom.csv"",""source_rows"":""3139"",""classification"":""heuristic""}"
treatment,Cystocentesis - Ultrasound Assisted,Cystocentesis - Ultrasound Assisted,evh-treatments,true,2,0.88,"{""source_system"":""stockroom"",""source_file"":""Stockroom \u00b7 Instinct Stockroom.csv"",""source_rows"":""3139"",""classification"":""heuristic""}"
treatment,Cystocentesis/catheterization,Cystocentesis/catheterization,evh-treatments,true,2,0.88,"{""source_system"":""stockroom"",""source_file"":""Stockroom \u00b7 Instinct Stockroom.csv"",""source_rows"":""3139"",""classification"":""heuristic""}"
treatment,Dental Bit 37 CP (Inverted Cone) 10 Pack,Dental Bit 37 CP (Inverted Cone) 10 Pack,evh-treatments,true,2,0.88,"{""source_system"":""stockroom"",""source_file"":""Stockroom \u00b7 Instinct Stockroom.csv"",""source_rows"":""3139"",""classification"":""heuristic""}"
treatment,Dental bit 558L 10 pack,Dental bit 558L 10 pack,evh-treatments,true,2,0.88,"{""source_system"":""stockroom"",""source_file"":""Stockroom \u00b7 Instinct Stockroom.csv"",""source_rows"":""3139"",""classification"":""heuristic""}"
treatment,Dental Bit 6SU (Round Surgical) 10 pack,Dental Bit 6SU (Round Surgical) 10 pack,evh-treatments,true,2,0.88,"{""source_system"":""stockroom"",""source_file"":""Stockroom \u00b7 Instinct Stockroom.csv"",""source_rows"":""3139"",""classification"":""heuristic""}"
treatment,Dental bit 701L 10 pack,Dental bit 701L 10 pack,evh-treatments,true,2,0.88,"{""source_system"":""stockroom"",""source_file"":""Stockroom \u00b7 Instinct Stockroom.csv"",""source_rows"":""3139"",""classification"":""heuristic""}"
treatment,Dental Bit 8SU (Round Surgical) 10 Pack,Dental Bit 8SU (Round Surgical) 10 Pack,evh-treatments,true,2,0.88,"{""source_system"":""stockroom"",""source_file"":""Stockroom \u00b7 Instinct Stockroom.csv"",""source_rows"":""3139"",""classification"":""heuristic""}"
treatment,Dental Bur Carbide Round Latch10Pk,Dental Bur Carbide Round Latch10Pk,evh-treatments,true,2,0.88,"{""source_system"":""stockroom"",""source_file"":""Stockroom \u00b7 Instinct Stockroom.csv"",""source_rows"":""3139"",""classification"":""heuristic""}"
treatment,Dental Bur Crossc.Taper SL FG 701L 5 PK,Dental Bur Crossc.Taper SL FG 701L 5 PK,evh-treatments,true,2,0.88,"{""source_system"":""stockroom"",""source_file"":""Stockroom \u00b7 Instinct Stockroom.csv"",""source_rows"":""3139"",""classification"":""heuristic""}"
treatment,Dental Bur Crosscut Fiss Taper 701L 10pk,Dental Bur Crosscut Fiss Taper 701L 10pk,evh-treatments,true,2,0.88,"{""source_system"":""stockroom"",""source_file"":""Stockroom \u00b7 Instinct Stockroom.csv"",""source_rows"":""3139"",""classification"":""heuristic""}"
treatment,Dental Cleaning Grade I,Dental Cleaning Grade I,evh-treatments,true,2,0.88,"{""source_system"":""stockroom"",""source_file"":""Stockroom \u00b7 Instinct Stockroom.csv"",""source_rows"":""3139"",""classification"":""heuristic""}"
treatment,Dental Cleaning Grade II,Dental Cleaning Grade II,evh-treatments,true,2,0.88,"{""source_system"":""stockroom"",""source_file"":""Stockroom \u00b7 Instinct Stockroom.csv"",""source_rows"":""3139"",""classification"":""heuristic""}"
treatment,Dental Cleaning Grade III,Dental Cleaning Grade III,evh-treatments,true,2,0.88,"{""source_system"":""stockroom"",""source_file"":""Stockroom \u00b7 Instinct Stockroom.csv"",""source_rows"":""3139"",""classification"":""heuristic""}"
treatment,"Dental Ext./ 101,102,103,201,202,203","Dental Ext./ 101,102,103,201,202,203",evh-treatments,true,2,0.88,"{""source_system"":""stockroom"",""source_file"":""Stockroom \u00b7 Instinct Stockroom.csv"",""source_rows"":""3139"",""classification"":""heuristic""}"
treatment,"Dental Ext./ 104,204,304,404","Dental Ext./ 104,204,304,404",evh-treatments,true,2,0.88,"{""source_system"":""stockroom"",""source_file"":""Stockroom \u00b7 Instinct Stockroom.csv"",""source_rows"":""3139"",""classification"":""heuristic""}"
treatment,"Dental Ext./ 105,205,305,405","Dental Ext./ 105,205,305,405",evh-treatments,true,2,0.88,"{""source_system"":""stockroom"",""source_file"":""Stockroom \u00b7 Instinct Stockroom.csv"",""source_rows"":""3139"",""classification"":""heuristic""}"
treatment,"Dental Ext./ 106,107,206,207","Dental Ext./ 106,107,206,207",evh-treatments,true,2,0.88,"{""source_system"":""stockroom"",""source_file"":""Stockroom \u00b7 Instinct Stockroom.csv"",""source_rows"":""3139"",""classification"":""heuristic""}"
treatment,"Dental Ext./ 108,109,208,209,309,409","Dental Ext./ 108,109,208,209,309,409",evh-treatments,true,2,0.88,"{""source_system"":""stockroom"",""source_file"":""Stockroom \u00b7 Instinct Stockroom.csv"",""source_rows"":""3139"",""classification"":""heuristic""}"
treatment,"Dental Ext./ 110,210,310,410,","Dental Ext./ 110,210,310,410,",evh-treatments,true,2,0.88,"{""source_system"":""stockroom"",""source_file"":""Stockroom \u00b7 Instinct Stockroom.csv"",""source_rows"":""3139"",""classification"":""heuristic""}"
treatment,"Dental Ext./ 301,302,303,401,402,403","Dental Ext./ 301,302,303,401,402,403",evh-treatments,true,2,0.88,"{""source_system"":""stockroom"",""source_file"":""Stockroom \u00b7 Instinct Stockroom.csv"",""source_rows"":""3139"",""classification"":""heuristic""}"
treatment,"Dental Ext./ 306,307,308,406,407,408","Dental Ext./ 306,307,308,406,407,408",evh-treatments,true,2,0.88,"{""source_system"":""stockroom"",""source_file"":""Stockroom \u00b7 Instinct Stockroom.csv"",""source_rows"":""3139"",""classification"":""heuristic""}"
treatment,Dental Extraction - Decidious Canine,Dental Extraction - Decidious Canine,evh-treatments,true,2,0.88,"{""source_system"":""stockroom"",""source_file"":""Stockroom \u00b7 Instinct Stockroom.csv"",""source_rows"":""3139"",""classification"":""heuristic""}"
treatment,Dental Extraction - Mobile Tooth,Dental Extraction - Mobile Tooth,evh-treatments,true,2,0.88,"{""source_system"":""stockroom"",""source_file"":""Stockroom \u00b7 Instinct Stockroom.csv"",""source_rows"":""3139"",""classification"":""heuristic""}"
treatment,Dental Extraction Complicated,Dental Extraction Complicated,evh-treatments,true,2,0.88,"{""source_system"":""stockroom"",""source_file"":""Stockroom \u00b7 Instinct Stockroom.csv"",""source_rows"":""3139"",""classification"":""heuristic""}"
treatment,Dental Grade 1,Dental Grade 1,evh-treatments,true,2,0.88,"{""source_system"":""stockroom"",""source_file"":""Stockroom \u00b7 Instinct Stockroom.csv"",""source_rows"":""3139"",""classification"":""heuristic""}"
treatment,Dental Grade 2,Dental Grade 2,evh-treatments,true,2,0.88,"{""source_system"":""stockroom"",""source_file"":""Stockroom \u00b7 Instinct Stockroom.csv"",""source_rows"":""3139"",""classification"":""heuristic""}"
treatment,Dental Grade 3,Dental Grade 3,evh-treatments,true,2,0.88,"{""source_system"":""stockroom"",""source_file"":""Stockroom \u00b7 Instinct Stockroom.csv"",""source_rows"":""3139"",""classification"":""heuristic""}"
treatment,Dental Prophy Angles (Disposable) 144ct.,Dental Prophy Angles (Disposable) 144ct.,evh-treatments,true,2,0.88,"{""source_system"":""stockroom"",""source_file"":""Stockroom \u00b7 Instinct Stockroom.csv"",""source_rows"":""3139"",""classification"":""heuristic""}"
treatment,Dental Recheck,Dental Recheck,evh-treatments,true,2,0.88,"{""source_system"":""stockroom"",""source_file"":""Stockroom \u00b7 Instinct Stockroom.csv"",""source_rows"":""3139"",""classification"":""heuristic""}"
treatment,Dental Round Burs #6 ( 5 Count ),Dental Round Burs #6 ( 5 Count ),evh-treatments,true,2,0.88,"{""source_system"":""stockroom"",""source_file"":""Stockroom \u00b7 Instinct Stockroom.csv"",""source_rows"":""3139"",""classification"":""heuristic""}"
treatment,Dental Sample Kit,Dental Sample Kit,evh-treatments,true,2,0.88,"{""source_system"":""stockroom"",""source_file"":""Stockroom \u00b7 Instinct Stockroom.csv"",""source_rows"":""3139"",""classification"":""heuristic""}"
treatment,Dermatopathology w/ Dermatology Consult,Dermatopathology w/ Dermatology Consult,evh-treatments,true,2,0.88,"{""source_system"":""stockroom"",""source_file"":""Stockroom \u00b7 Instinct Stockroom.csv"",""source_rows"":""3139"",""classification"":""heuristic""}"
treatment,Discontinue IV fluids,Discontinue IV fluids,evh-treatments,true,2,0.88,"{""source_system"":""stockroom"",""source_file"":""Stockroom \u00b7 Instinct Stockroom.csv"",""source_rows"":""3139"",""classification"":""heuristic""}"
treatment,Discontinue Oxygen Administration,Discontinue Oxygen Administration,evh-treatments,true,2,0.88,"{""source_system"":""stockroom"",""source_file"":""Stockroom \u00b7 Instinct Stockroom.csv"",""source_rows"":""3139"",""classification"":""heuristic""}"
treatment,Echocardiogram (Thoracic Ultrasound),Echocardiogram (Thoracic Ultrasound),evh-treatments,true,2,0.88,"{""source_system"":""stockroom"",""source_file"":""Stockroom \u00b7 Instinct Stockroom.csv"",""source_rows"":""3139"",""classification"":""heuristic""}"
treatment,Echocardiogram with Abdominal Ultrasound,Echocardiogram with Abdominal Ultrasound,evh-treatments,true,2,0.88,"{""source_system"":""stockroom"",""source_file"":""Stockroom \u00b7 Instinct Stockroom.csv"",""source_rows"":""3139"",""classification"":""heuristic""}"
treatment,Empty Trash ( TX/Lab/Pharmacy/Exam Rooms),Empty Trash ( TX/Lab/Pharmacy/Exam Rooms),evh-treatments,true,2,0.88,"{""source_system"":""stockroom"",""source_file"":""Stockroom \u00b7 Instinct Stockroom.csv"",""source_rows"":""3139"",""classification"":""heuristic""}"
treatment,Exam - Acupuncture,Exam - Acupuncture,evh-treatments,true,2,0.88,"{""source_system"":""stockroom"",""source_file"":""Stockroom \u00b7 Instinct Stockroom.csv"",""source_rows"":""3139"",""classification"":""heuristic""}"
treatment,Exam - Behavioral Consultation,Exam - Behavioral Consultation,evh-treatments,true,2,0.88,"{""source_system"":""stockroom"",""source_file"":""Stockroom \u00b7 Instinct Stockroom.csv"",""source_rows"":""3139"",""classification"":""heuristic""}"
treatment,Exam - Emergency Care,Exam - Emergency Care,evh-treatments,true,2,0.88,"{""source_system"":""stockroom"",""source_file"":""Stockroom \u00b7 Instinct Stockroom.csv"",""source_rows"":""3139"",""classification"":""heuristic""}"
treatment,Exam - Exotic,Exam - Exotic,evh-treatments,true,2,0.88,"{""source_system"":""stockroom"",""source_file"":""Stockroom \u00b7 Instinct Stockroom.csv"",""source_rows"":""3139"",""classification"":""heuristic""}"
treatment,Exam - House Call,Exam - House Call,evh-treatments,true,2,0.88,"{""source_system"":""stockroom"",""source_file"":""Stockroom \u00b7 Instinct Stockroom.csv"",""source_rows"":""3139"",""classification"":""heuristic""}"
treatment,Exam - In Hospital,Exam - In Hospital,evh-treatments,true,2,0.88,"{""source_system"":""stockroom"",""source_file"":""Stockroom \u00b7 Instinct Stockroom.csv"",""source_rows"":""3139"",""classification"":""heuristic""}"
treatment,Exam - Litter (ea),Exam - Litter (ea),evh-treatments,true,2,0.88,"{""source_system"":""stockroom"",""source_file"":""Stockroom \u00b7 Instinct Stockroom.csv"",""source_rows"":""3139"",""classification"":""heuristic""}"
treatment,Exam - Medical Progress Exotic,Exam - Medical Progress Exotic,evh-treatments,true,2,0.88,"{""source_system"":""stockroom"",""source_file"":""Stockroom \u00b7 Instinct Stockroom.csv"",""source_rows"":""3139"",""classification"":""heuristic""}"
treatment,Exam - Medical Progress From VEC,Exam - Medical Progress From VEC,evh-treatments,true,2,0.88,"{""source_system"":""stockroom"",""source_file"":""Stockroom \u00b7 Instinct Stockroom.csv"",""source_rows"":""3139"",""classification"":""heuristic""}"
treatment,Exam - Specialist Consultation,Exam - Specialist Consultation,evh-treatments,true,2,0.88,"{""source_system"":""stockroom"",""source_file"":""Stockroom \u00b7 Instinct Stockroom.csv"",""source_rows"":""3139"",""classification"":""heuristic""}"
treatment,Exam - Urgent Care,Exam - Urgent Care,evh-treatments,true,2,0.88,"{""source_system"":""stockroom"",""source_file"":""Stockroom \u00b7 Instinct Stockroom.csv"",""source_rows"":""3139"",""classification"":""heuristic""}"
treatment,Exam gloves Sensicare,Exam gloves Sensicare,evh-treatments,true,2,0.88,"{""source_system"":""stockroom"",""source_file"":""Stockroom \u00b7 Instinct Stockroom.csv"",""source_rows"":""3139"",""classification"":""heuristic""}"
treatment,FEDEX Overnight,FEDEX Overnight,evh-treatments,true,2,0.88,"{""source_system"":""stockroom"",""source_file"":""Stockroom \u00b7 Instinct Stockroom.csv"",""source_rows"":""3139"",""classification"":""heuristic""}"
treatment,Fluid Therapy - IV,Fluid Therapy - IV,evh-treatments,true,2,0.88,"{""source_system"":""stockroom"",""source_file"":""Stockroom \u00b7 Instinct Stockroom.csv"",""source_rows"":""3139"",""classification"":""heuristic""}"
treatment,Fluid Therapy - IV Additional Bag,Fluid Therapy - IV Additional Bag,evh-treatments,true,2,0.88,"{""source_system"":""stockroom"",""source_file"":""Stockroom \u00b7 Instinct Stockroom.csv"",""source_rows"":""3139"",""classification"":""heuristic""}"
treatment,Fluid Therapy - SUBCUTANEOUS,Fluid Therapy - SUBCUTANEOUS,evh-treatments,true,2,0.88,"{""source_system"":""stockroom"",""source_file"":""Stockroom \u00b7 Instinct Stockroom.csv"",""source_rows"":""3139"",""classification"":""heuristic""}"
treatment,Fluoride Treatment,Fluoride Treatment,evh-treatments,true,2,0.88,"{""source_system"":""stockroom"",""source_file"":""Stockroom \u00b7 Instinct Stockroom.csv"",""source_rows"":""3139"",""classification"":""heuristic""}"
treatment,Fluoride Tx Gel 4.3 oz,Fluoride Tx Gel 4.3 oz,evh-treatments,true,2,0.88,"{""source_system"":""stockroom"",""source_file"":""Stockroom \u00b7 Instinct Stockroom.csv"",""source_rows"":""3139"",""classification"":""heuristic""}"
treatment,Full Mouth Dental X-Rays ( Cat ),Full Mouth Dental X-Rays ( Cat ),evh-treatments,true,2,0.88,"{""source_system"":""stockroom"",""source_file"":""Stockroom \u00b7 Instinct Stockroom.csv"",""source_rows"":""3139"",""classification"":""heuristic""}"
treatment,Full Mouth Dental X-Rays ( Dog 0-50lbs),Full Mouth Dental X-Rays ( Dog 0-50lbs),evh-treatments,true,2,0.88,"{""source_system"":""stockroom"",""source_file"":""Stockroom \u00b7 Instinct Stockroom.csv"",""source_rows"":""3139"",""classification"":""heuristic""}"
treatment,Full Mouth Dental X-Rays ( Dog 50+lbs),Full Mouth Dental X-Rays ( Dog 50+lbs),evh-treatments,true,2,0.88,"{""source_system"":""stockroom"",""source_file"":""Stockroom \u00b7 Instinct Stockroom.csv"",""source_rows"":""3139"",""classification"":""heuristic""}"
treatment,Full Mouth Extraction Feline,Full Mouth Extraction Feline,evh-treatments,true,2,0.88,"{""source_system"":""stockroom"",""source_file"":""Stockroom \u00b7 Instinct Stockroom.csv"",""source_rows"":""3139"",""classification"":""heuristic""}"
treatment,General Surgery Pack,General Surgery Pack,evh-treatments,true,2,0.88,"{""source_system"":""stockroom"",""source_file"":""Stockroom \u00b7 Instinct Stockroom.csv"",""source_rows"":""3139"",""classification"":""heuristic""}"
treatment,Gloves Exam Large,Gloves Exam Large,evh-treatments,true,2,0.88,"{""source_system"":""stockroom"",""source_file"":""Stockroom \u00b7 Instinct Stockroom.csv"",""source_rows"":""3139"",""classification"":""heuristic""}"
treatment,Gloves Exam Med,Gloves Exam Med,evh-treatments,true,2,0.88,"{""source_system"":""stockroom"",""source_file"":""Stockroom \u00b7 Instinct Stockroom.csv"",""source_rows"":""3139"",""classification"":""heuristic""}"
treatment,Gloves Exam Small,Gloves Exam Small,evh-treatments,true,2,0.88,"{""source_system"":""stockroom"",""source_file"":""Stockroom \u00b7 Instinct Stockroom.csv"",""source_rows"":""3139"",""classification"":""heuristic""}"
treatment,Hospital Dismissal,Hospital Dismissal,evh-treatments,true,2,0.88,"{""source_system"":""stockroom"",""source_file"":""Stockroom \u00b7 Instinct Stockroom.csv"",""source_rows"":""3139"",""classification"":""heuristic""}"
treatment,Hospitalization - Day,Hospitalization - Day,evh-treatments,true,2,0.88,"{""source_system"":""stockroom"",""source_file"":""Stockroom \u00b7 Instinct Stockroom.csv"",""source_rows"":""3139"",""classification"":""heuristic""}"
treatment,Hospitalization 1-15 lbs,Hospitalization 1-15 lbs,evh-treatments,true,2,0.88,"{""source_system"":""stockroom"",""source_file"":""Stockroom \u00b7 Instinct Stockroom.csv"",""source_rows"":""3139"",""classification"":""heuristic""}"
treatment,Hospitalization 15 -30 lbs,Hospitalization 15 -30 lbs,evh-treatments,true,2,0.88,"{""source_system"":""stockroom"",""source_file"":""Stockroom \u00b7 Instinct Stockroom.csv"",""source_rows"":""3139"",""classification"":""heuristic""}"
treatment,Hospitalization 30-60 lbs,Hospitalization 30-60 lbs,evh-treatments,true,2,0.88,"{""source_system"":""stockroom"",""source_file"":""Stockroom \u00b7 Instinct Stockroom.csv"",""source_rows"":""3139"",""classification"":""heuristic""}"
treatment,Hospitalization over 60lbs,Hospitalization over 60lbs,evh-treatments,true,2,0.88,"{""source_system"":""stockroom"",""source_file"":""Stockroom \u00b7 Instinct Stockroom.csv"",""source_rows"":""3139"",""classification"":""heuristic""}"
treatment,Humidifier Nebulizer,Humidifier Nebulizer,evh-treatments,true,2,0.88,"{""source_system"":""stockroom"",""source_file"":""Stockroom \u00b7 Instinct Stockroom.csv"",""source_rows"":""3139"",""classification"":""heuristic""}"
treatment,In House Pre-Anesthetic CBC/Prep Profile,In House Pre-Anesthetic CBC/Prep Profile,evh-treatments,true,2,0.88,"{""source_system"":""stockroom"",""source_file"":""Stockroom \u00b7 Instinct Stockroom.csv"",""source_rows"":""3139"",""classification"":""heuristic""}"
treatment,IV Catheter / Fluids with Surgery,IV Catheter / Fluids with Surgery,evh-treatments,true,2,0.88,"{""source_system"":""stockroom"",""source_file"":""Stockroom \u00b7 Instinct Stockroom.csv"",""source_rows"":""3139"",""classification"":""heuristic""}"
treatment,IV Fluid Bolus,IV Fluid Bolus,evh-treatments,true,2,0.88,"{""source_system"":""stockroom"",""source_file"":""Stockroom \u00b7 Instinct Stockroom.csv"",""source_rows"":""3139"",""classification"":""heuristic""}"
treatment,IV Fluids - 0.45% NaCl,IV Fluids - 0.45% NaCl,evh-treatments,true,2,0.88,"{""source_system"":""stockroom"",""source_file"":""Stockroom \u00b7 Instinct Stockroom.csv"",""source_rows"":""3139"",""classification"":""heuristic""}"
treatment,IV Fluids - 0.45% NaCl + 5% Dextrose,IV Fluids - 0.45% NaCl + 5% Dextrose,evh-treatments,true,2,0.88,"{""source_system"":""stockroom"",""source_file"":""Stockroom \u00b7 Instinct Stockroom.csv"",""source_rows"":""3139"",""classification"":""heuristic""}"
treatment,IV Fluids - 0.9% NaCl,IV Fluids - 0.9% NaCl,evh-treatments,true,2,0.88,"{""source_system"":""stockroom"",""source_file"":""Stockroom \u00b7 Instinct Stockroom.csv"",""source_rows"":""3139"",""classification"":""heuristic""}"
treatment,IV Fluids - D5W,IV Fluids - D5W,evh-treatments,true,2,0.88,"{""source_system"":""stockroom"",""source_file"":""Stockroom \u00b7 Instinct Stockroom.csv"",""source_rows"":""3139"",""classification"":""heuristic""}"
treatment,IV Fluids - Hetastarch/Vetstarch,IV Fluids - Hetastarch/Vetstarch,evh-treatments,true,2,0.88,"{""source_system"":""stockroom"",""source_file"":""Stockroom \u00b7 Instinct Stockroom.csv"",""source_rows"":""3139"",""classification"":""heuristic""}"
treatment,IV Fluids - Hypertonic Saline,IV Fluids - Hypertonic Saline,evh-treatments,true,2,0.88,"{""source_system"":""stockroom"",""source_file"":""Stockroom \u00b7 Instinct Stockroom.csv"",""source_rows"":""3139"",""classification"":""heuristic""}"
treatment,IV Fluids - LRS,IV Fluids - LRS,evh-treatments,true,2,0.88,"{""source_system"":""stockroom"",""source_file"":""Stockroom \u00b7 Instinct Stockroom.csv"",""source_rows"":""3139"",""classification"":""heuristic""}"
treatment,IV Fluids - Normosol R,IV Fluids - Normosol R,evh-treatments,true,2,0.88,"{""source_system"":""stockroom"",""source_file"":""Stockroom \u00b7 Instinct Stockroom.csv"",""source_rows"":""3139"",""classification"":""heuristic""}"
treatment,IV Fluids - Other,IV Fluids - Other,evh-treatments,true,2,0.88,"{""source_system"":""stockroom"",""source_file"":""Stockroom \u00b7 Instinct Stockroom.csv"",""source_rows"":""3139"",""classification"":""heuristic""}"
treatment,IV Fluids - Plasmalyte,IV Fluids - Plasmalyte,evh-treatments,true,2,0.88,"{""source_system"":""stockroom"",""source_file"":""Stockroom \u00b7 Instinct Stockroom.csv"",""source_rows"":""3139"",""classification"":""heuristic""}"
treatment,IV Set / Surgery,IV Set / Surgery,evh-treatments,true,2,0.88,"{""source_system"":""stockroom"",""source_file"":""Stockroom \u00b7 Instinct Stockroom.csv"",""source_rows"":""3139"",""classification"":""heuristic""}"
treatment,JorVet Oxygen Regulator,JorVet Oxygen Regulator,evh-treatments,true,2,0.88,"{""source_system"":""stockroom"",""source_file"":""Stockroom \u00b7 Instinct Stockroom.csv"",""source_rows"":""3139"",""classification"":""heuristic""}"
treatment,Knee Surgery - Cruciate Repair,Knee Surgery - Cruciate Repair,evh-treatments,true,2,0.88,"{""source_system"":""stockroom"",""source_file"":""Stockroom \u00b7 Instinct Stockroom.csv"",""source_rows"":""3139"",""classification"":""heuristic""}"
treatment,Knee Surgery-Corrective,Knee Surgery-Corrective,evh-treatments,true,2,0.88,"{""source_system"":""stockroom"",""source_file"":""Stockroom \u00b7 Instinct Stockroom.csv"",""source_rows"":""3139"",""classification"":""heuristic""}"
treatment,"Knowles Bandage Scissors Angled 5.5""","Knowles Bandage Scissors Angled 5.5""",evh-treatments,true,2,0.88,"{""source_system"":""stockroom"",""source_file"":""Stockroom \u00b7 Instinct Stockroom.csv"",""source_rows"":""3139"",""classification"":""heuristic""}"
treatment,KVP Splint Starter Kit- Caerus,KVP Splint Starter Kit- Caerus,evh-treatments,true,2,0.88,"{""source_system"":""stockroom"",""source_file"":""Stockroom \u00b7 Instinct Stockroom.csv"",""source_rows"":""3139"",""classification"":""heuristic""}"
treatment,Laparotomy / Biopsy - Prostate,Laparotomy / Biopsy - Prostate,evh-treatments,true,2,0.88,"{""source_system"":""stockroom"",""source_file"":""Stockroom \u00b7 Instinct Stockroom.csv"",""source_rows"":""3139"",""classification"":""heuristic""}"
treatment,Laser Treatment - Acute (3+),Laser Treatment - Acute (3+),evh-treatments,true,2,0.88,"{""source_system"":""stockroom"",""source_file"":""Stockroom \u00b7 Instinct Stockroom.csv"",""source_rows"":""3139"",""classification"":""heuristic""}"
treatment,Laser Treatment - Add. Treatment,Laser Treatment - Add. Treatment,evh-treatments,true,2,0.88,"{""source_system"":""stockroom"",""source_file"":""Stockroom \u00b7 Instinct Stockroom.csv"",""source_rows"":""3139"",""classification"":""heuristic""}"
treatment,Laser Treatment - Chronic (7+),Laser Treatment - Chronic (7+),evh-treatments,true,2,0.88,"{""source_system"":""stockroom"",""source_file"":""Stockroom \u00b7 Instinct Stockroom.csv"",""source_rows"":""3139"",""classification"":""heuristic""}"
treatment,Laser Treatment - Post Surgery Incision,Laser Treatment - Post Surgery Incision,evh-treatments,true,2,0.88,"{""source_system"":""stockroom"",""source_file"":""Stockroom \u00b7 Instinct Stockroom.csv"",""source_rows"":""3139"",""classification"":""heuristic""}"
treatment,Laser Treatment - Single,Laser Treatment - Single,evh-treatments,true,2,0.88,"{""source_system"":""stockroom"",""source_file"":""Stockroom \u00b7 Instinct Stockroom.csv"",""source_rows"":""3139"",""classification"":""heuristic""}"
treatment,"Lister Bandage Scissors 5.5""","Lister Bandage Scissors 5.5""",evh-treatments,true,2,0.88,"{""source_system"":""stockroom"",""source_file"":""Stockroom \u00b7 Instinct Stockroom.csv"",""source_rows"":""3139"",""classification"":""heuristic""}"
treatment,Mechanical Ventilator Therapy,Mechanical Ventilator Therapy,evh-treatments,true,2,0.88,"{""source_system"":""stockroom"",""source_file"":""Stockroom \u00b7 Instinct Stockroom.csv"",""source_rows"":""3139"",""classification"":""heuristic""}"
treatment,Medical Progress Exam,Medical Progress Exam,evh-treatments,true,2,0.88,"{""source_system"":""stockroom"",""source_file"":""Stockroom \u00b7 Instinct Stockroom.csv"",""source_rows"":""3139"",""classification"":""heuristic""}"
treatment,Medication Administration in Hospital,Medication Administration in Hospital,evh-treatments,true,2,0.88,"{""source_system"":""stockroom"",""source_file"":""Stockroom \u00b7 Instinct Stockroom.csv"",""source_rows"":""3139"",""classification"":""heuristic""}"
treatment,Microscope Optics Cleaning Kit,Microscope Optics Cleaning Kit,evh-treatments,true,2,0.88,"{""source_system"":""stockroom"",""source_file"":""Stockroom \u00b7 Instinct Stockroom.csv"",""source_rows"":""3139"",""classification"":""heuristic""}"
treatment,Misc Treatment,Misc Treatment,evh-treatments,true,2,0.88,"{""source_system"":""stockroom"",""source_file"":""Stockroom \u00b7 Instinct Stockroom.csv"",""source_rows"":""3139"",""classification"":""heuristic""}"
treatment,Monitor Level of Sedation,Monitor Level of Sedation,evh-treatments,true,2,0.88,"{""source_system"":""stockroom"",""source_file"":""Stockroom \u00b7 Instinct Stockroom.csv"",""source_rows"":""3139"",""classification"":""heuristic""}"
treatment,Nasal Oxygen Catheter Placement,Nasal Oxygen Catheter Placement,evh-treatments,true,2,0.88,"{""source_system"":""stockroom"",""source_file"":""Stockroom \u00b7 Instinct Stockroom.csv"",""source_rows"":""3139"",""classification"":""heuristic""}"
treatment,Nebulization,Nebulization,evh-treatments,true,2,0.88,"{""source_system"":""stockroom"",""source_file"":""Stockroom \u00b7 Instinct Stockroom.csv"",""source_rows"":""3139"",""classification"":""heuristic""}"
treatment,Nebulization - q6 (No Charge),Nebulization - q6 (No Charge),evh-treatments,true,2,0.88,"{""source_system"":""stockroom"",""source_file"":""Stockroom \u00b7 Instinct Stockroom.csv"",""source_rows"":""3139"",""classification"":""heuristic""}"
treatment,Nebulization and Coupage,Nebulization and Coupage,evh-treatments,true,2,0.88,"{""source_system"":""stockroom"",""source_file"":""Stockroom \u00b7 Instinct Stockroom.csv"",""source_rows"":""3139"",""classification"":""heuristic""}"
treatment,Olympic Exam-Treatment Gurney,Olympic Exam-Treatment Gurney,evh-treatments,true,2,0.88,"{""source_system"":""stockroom"",""source_file"":""Stockroom \u00b7 Instinct Stockroom.csv"",""source_rows"":""3139"",""classification"":""heuristic""}"
treatment,Other - Miscellaneous Treatment 1,Other - Miscellaneous Treatment 1,evh-treatments,true,2,0.88,"{""source_system"":""stockroom"",""source_file"":""Stockroom \u00b7 Instinct Stockroom.csv"",""source_rows"":""3139"",""classification"":""heuristic""}"
treatment,Other - Miscellaneous Treatment 10,Other - Miscellaneous Treatment 10,evh-treatments,true,2,0.88,"{""source_system"":""stockroom"",""source_file"":""Stockroom \u00b7 Instinct Stockroom.csv"",""source_rows"":""3139"",""classification"":""heuristic""}"
treatment,Other - Miscellaneous Treatment 2,Other - Miscellaneous Treatment 2,evh-treatments,true,2,0.88,"{""source_system"":""stockroom"",""source_file"":""Stockroom \u00b7 Instinct Stockroom.csv"",""source_rows"":""3139"",""classification"":""heuristic""}"
treatment,Other - Miscellaneous Treatment 3,Other - Miscellaneous Treatment 3,evh-treatments,true,2,0.88,"{""source_system"":""stockroom"",""source_file"":""Stockroom \u00b7 Instinct Stockroom.csv"",""source_rows"":""3139"",""classification"":""heuristic""}"
treatment,Other - Miscellaneous Treatment 4,Other - Miscellaneous Treatment 4,evh-treatments,true,2,0.88,"{""source_system"":""stockroom"",""source_file"":""Stockroom \u00b7 Instinct Stockroom.csv"",""source_rows"":""3139"",""classification"":""heuristic""}"
treatment,Other - Miscellaneous Treatment 5,Other - Miscellaneous Treatment 5,evh-treatments,true,2,0.88,"{""source_system"":""stockroom"",""source_file"":""Stockroom \u00b7 Instinct Stockroom.csv"",""source_rows"":""3139"",""classification"":""heuristic""}"
treatment,Other - Miscellaneous Treatment 6,Other - Miscellaneous Treatment 6,evh-treatments,true,2,0.88,"{""source_system"":""stockroom"",""source_file"":""Stockroom \u00b7 Instinct Stockroom.csv"",""source_rows"":""3139"",""classification"":""heuristic""}"
treatment,Other - Miscellaneous Treatment 7,Other - Miscellaneous Treatment 7,evh-treatments,true,2,0.88,"{""source_system"":""stockroom"",""source_file"":""Stockroom \u00b7 Instinct Stockroom.csv"",""source_rows"":""3139"",""classification"":""heuristic""}"
treatment,Other - Miscellaneous Treatment 8,Other - Miscellaneous Treatment 8,evh-treatments,true,2,0.88,"{""source_system"":""stockroom"",""source_file"":""Stockroom \u00b7 Instinct Stockroom.csv"",""source_rows"":""3139"",""classification"":""heuristic""}"
treatment,Other - Miscellaneous Treatment 9,Other - Miscellaneous Treatment 9,evh-treatments,true,2,0.88,"{""source_system"":""stockroom"",""source_file"":""Stockroom \u00b7 Instinct Stockroom.csv"",""source_rows"":""3139"",""classification"":""heuristic""}"
treatment,Overnight Hospital Care,Overnight Hospital Care,evh-treatments,true,2,0.88,"{""source_system"":""stockroom"",""source_file"":""Stockroom \u00b7 Instinct Stockroom.csv"",""source_rows"":""3139"",""classification"":""heuristic""}"
treatment,Oxygen Administration %,Oxygen Administration %,evh-treatments,true,2,0.88,"{""source_system"":""stockroom"",""source_file"":""Stockroom \u00b7 Instinct Stockroom.csv"",""source_rows"":""3139"",""classification"":""heuristic""}"
treatment,Oxygen Administration L/Min,Oxygen Administration L/Min,evh-treatments,true,2,0.88,"{""source_system"":""stockroom"",""source_file"":""Stockroom \u00b7 Instinct Stockroom.csv"",""source_rows"":""3139"",""classification"":""heuristic""}"
treatment,Oxygen Delivery and Hazmat fee,Oxygen Delivery and Hazmat fee,evh-treatments,true,2,0.88,"{""source_system"":""stockroom"",""source_file"":""Stockroom \u00b7 Instinct Stockroom.csv"",""source_rows"":""3139"",""classification"":""heuristic""}"
treatment,Oxygen Nasal Cannula,Oxygen Nasal Cannula,evh-treatments,true,2,0.88,"{""source_system"":""stockroom"",""source_file"":""Stockroom \u00b7 Instinct Stockroom.csv"",""source_rows"":""3139"",""classification"":""heuristic""}"
treatment,Oxygen Tank Rental (small),Oxygen Tank Rental (small),evh-treatments,true,2,0.88,"{""source_system"":""stockroom"",""source_file"":""Stockroom \u00b7 Instinct Stockroom.csv"",""source_rows"":""3139"",""classification"":""heuristic""}"
treatment,Oxygen Tank Rental Fee,Oxygen Tank Rental Fee,evh-treatments,true,2,0.88,"{""source_system"":""stockroom"",""source_file"":""Stockroom \u00b7 Instinct Stockroom.csv"",""source_rows"":""3139"",""classification"":""heuristic""}"
treatment,Oxygen Tank Rental Large,Oxygen Tank Rental Large,evh-treatments,true,2,0.88,"{""source_system"":""stockroom"",""source_file"":""Stockroom \u00b7 Instinct Stockroom.csv"",""source_rows"":""3139"",""classification"":""heuristic""}"
treatment,Oxygen Therapy/per hour,Oxygen Therapy/per hour,evh-treatments,true,2,0.88,"{""source_system"":""stockroom"",""source_file"":""Stockroom \u00b7 Instinct Stockroom.csv"",""source_rows"":""3139"",""classification"":""heuristic""}"
treatment,Phovia Gel Kit,Phovia Gel Kit,evh-treatments,true,2,0.88,"{""source_system"":""stockroom"",""source_file"":""Stockroom \u00b7 Instinct Stockroom.csv"",""source_rows"":""3139"",""classification"":""heuristic""}"
treatment,Phovia LED Lamp Treatment ( Initial ),Phovia LED Lamp Treatment ( Initial ),evh-treatments,true,2,0.88,"{""source_system"":""stockroom"",""source_file"":""Stockroom \u00b7 Instinct Stockroom.csv"",""source_rows"":""3139"",""classification"":""heuristic""}"
treatment,Phovia LED Lamp TX ( Additional Site),Phovia LED Lamp TX ( Additional Site),evh-treatments,true,2,0.88,"{""source_system"":""stockroom"",""source_file"":""Stockroom \u00b7 Instinct Stockroom.csv"",""source_rows"":""3139"",""classification"":""heuristic""}"
treatment,Physical Exam,Physical Exam,evh-treatments,true,2,0.88,"{""source_system"":""stockroom"",""source_file"":""Stockroom \u00b7 Instinct Stockroom.csv"",""source_rows"":""3139"",""classification"":""heuristic""}"
treatment,Plastic splint large,Plastic splint large,evh-treatments,true,2,0.88,"{""source_system"":""stockroom"",""source_file"":""Stockroom \u00b7 Instinct Stockroom.csv"",""source_rows"":""3139"",""classification"":""heuristic""}"
treatment,Plastic splint med.,Plastic splint med.,evh-treatments,true,2,0.88,"{""source_system"":""stockroom"",""source_file"":""Stockroom \u00b7 Instinct Stockroom.csv"",""source_rows"":""3139"",""classification"":""heuristic""}"
treatment,Plastic splint small,Plastic splint small,evh-treatments,true,2,0.88,"{""source_system"":""stockroom"",""source_file"":""Stockroom \u00b7 Instinct Stockroom.csv"",""source_rows"":""3139"",""classification"":""heuristic""}"
treatment,Ponazuril Treatment/Coccidia,Ponazuril Treatment/Coccidia,evh-treatments,true,2,0.88,"{""source_system"":""stockroom"",""source_file"":""Stockroom \u00b7 Instinct Stockroom.csv"",""source_rows"":""3139"",""classification"":""heuristic""}"
treatment,Punch Biopsy,Punch Biopsy,evh-treatments,true,2,0.88,"{""source_system"":""stockroom"",""source_file"":""Stockroom \u00b7 Instinct Stockroom.csv"",""source_rows"":""3139"",""classification"":""heuristic""}"
treatment,Quick Splint Front Large,Quick Splint Front Large,evh-treatments,true,2,0.88,"{""source_system"":""stockroom"",""source_file"":""Stockroom \u00b7 Instinct Stockroom.csv"",""source_rows"":""3139"",""classification"":""heuristic""}"
treatment,Quick splint Front Small,Quick splint Front Small,evh-treatments,true,2,0.88,"{""source_system"":""stockroom"",""source_file"":""Stockroom \u00b7 Instinct Stockroom.csv"",""source_rows"":""3139"",""classification"":""heuristic""}"
treatment,Quick Splint Med,Quick Splint Med,evh-treatments,true,2,0.88,"{""source_system"":""stockroom"",""source_file"":""Stockroom \u00b7 Instinct Stockroom.csv"",""source_rows"":""3139"",""classification"":""heuristic""}"
treatment,Quick Splint Rear Large,Quick Splint Rear Large,evh-treatments,true,2,0.88,"{""source_system"":""stockroom"",""source_file"":""Stockroom \u00b7 Instinct Stockroom.csv"",""source_rows"":""3139"",""classification"":""heuristic""}"
treatment,Quick Splint Rear Small,Quick Splint Rear Small,evh-treatments,true,2,0.88,"{""source_system"":""stockroom"",""source_file"":""Stockroom \u00b7 Instinct Stockroom.csv"",""source_rows"":""3139"",""classification"":""heuristic""}"
treatment,Radiology - Radiologist Consult,Radiology - Radiologist Consult,evh-treatments,true,2,0.88,"{""source_system"":""stockroom"",""source_file"":""Stockroom \u00b7 Instinct Stockroom.csv"",""source_rows"":""3139"",""classification"":""heuristic""}"
treatment,RECHECK APPT -,RECHECK APPT -,evh-treatments,true,2,0.88,"{""source_system"":""stockroom"",""source_file"":""Stockroom \u00b7 Instinct Stockroom.csv"",""source_rows"":""3139"",""classification"":""heuristic""}"
treatment,Recheck Exam after Dental/Surgery,Recheck Exam after Dental/Surgery,evh-treatments,true,2,0.88,"{""source_system"":""stockroom"",""source_file"":""Stockroom \u00b7 Instinct Stockroom.csv"",""source_rows"":""3139"",""classification"":""heuristic""}"
treatment,Remove Bandage,Remove Bandage,evh-treatments,true,2,0.88,"{""source_system"":""stockroom"",""source_file"":""Stockroom \u00b7 Instinct Stockroom.csv"",""source_rows"":""3139"",""classification"":""heuristic""}"
treatment,Restart IV Fluids After Transfusion,Restart IV Fluids After Transfusion,evh-treatments,true,2,0.88,"{""source_system"":""stockroom"",""source_file"":""Stockroom \u00b7 Instinct Stockroom.csv"",""source_rows"":""3139"",""classification"":""heuristic""}"
treatment,Restock Pill Drawer,Restock Pill Drawer,evh-treatments,true,2,0.88,"{""source_system"":""stockroom"",""source_file"":""Stockroom \u00b7 Instinct Stockroom.csv"",""source_rows"":""3139"",""classification"":""heuristic""}"
treatment,Restock Syringe Drawers (Pharmacy & Treatment),Restock Syringe Drawers (Pharmacy & Treatment),evh-treatments,true,2,0.88,"{""source_system"":""stockroom"",""source_file"":""Stockroom \u00b7 Instinct Stockroom.csv"",""source_rows"":""3139"",""classification"":""heuristic""}"
treatment,Royal Canin Feline Early Consult 4.4#,Royal Canin Feline Early Consult 4.4#,evh-treatments,true,2,0.88,"{""source_system"":""stockroom"",""source_file"":""Stockroom \u00b7 Instinct Stockroom.csv"",""source_rows"":""3139"",""classification"":""heuristic""}"
treatment,Royal Canin Feline Senior Consult 5.8oz,Royal Canin Feline Senior Consult 5.8oz,evh-treatments,true,2,0.88,"{""source_system"":""stockroom"",""source_file"":""Stockroom \u00b7 Instinct Stockroom.csv"",""source_rows"":""3139"",""classification"":""heuristic""}"
treatment,Royal Canin Feline/K9 ICU Recovery 8oz B,Royal Canin Feline/K9 ICU Recovery 8oz B,evh-treatments,true,2,0.88,"{""source_system"":""stockroom"",""source_file"":""Stockroom \u00b7 Instinct Stockroom.csv"",""source_rows"":""3139"",""classification"":""heuristic""}"
treatment,Soft Tissue Surgery handbook,Soft Tissue Surgery handbook,evh-treatments,true,2,0.88,"{""source_system"":""stockroom"",""source_file"":""Stockroom \u00b7 Instinct Stockroom.csv"",""source_rows"":""3139"",""classification"":""heuristic""}"
treatment,Spec cPL Canine - Follow Up,Spec cPL Canine - Follow Up,evh-treatments,true,2,0.88,"{""source_system"":""stockroom"",""source_file"":""Stockroom \u00b7 Instinct Stockroom.csv"",""source_rows"":""3139"",""classification"":""heuristic""}"
treatment,Spica Splint (Fiberglass),Spica Splint (Fiberglass),evh-treatments,true,2,0.88,"{""source_system"":""stockroom"",""source_file"":""Stockroom \u00b7 Instinct Stockroom.csv"",""source_rows"":""3139"",""classification"":""heuristic""}"
treatment,Splint Carpal Large,Splint Carpal Large,evh-treatments,true,2,0.88,"{""source_system"":""stockroom"",""source_file"":""Stockroom \u00b7 Instinct Stockroom.csv"",""source_rows"":""3139"",""classification"":""heuristic""}"
treatment,Splint Carpal Medium,Splint Carpal Medium,evh-treatments,true,2,0.88,"{""source_system"":""stockroom"",""source_file"":""Stockroom \u00b7 Instinct Stockroom.csv"",""source_rows"":""3139"",""classification"":""heuristic""}"
treatment,Splint Carpal Small,Splint Carpal Small,evh-treatments,true,2,0.88,"{""source_system"":""stockroom"",""source_file"":""Stockroom \u00b7 Instinct Stockroom.csv"",""source_rows"":""3139"",""classification"":""heuristic""}"
treatment,Splint Carpal X-Large,Splint Carpal X-Large,evh-treatments,true,2,0.88,"{""source_system"":""stockroom"",""source_file"":""Stockroom \u00b7 Instinct Stockroom.csv"",""source_rows"":""3139"",""classification"":""heuristic""}"
treatment,Stop Wellness Exam,Stop Wellness Exam,evh-treatments,true,2,0.88,"{""source_system"":""stockroom"",""source_file"":""Stockroom \u00b7 Instinct Stockroom.csv"",""source_rows"":""3139"",""classification"":""heuristic""}"
treatment,Surgery Blades #10 each,Surgery Blades #10 each,evh-treatments,true,2,0.88,"{""source_system"":""stockroom"",""source_file"":""Stockroom \u00b7 Instinct Stockroom.csv"",""source_rows"":""3139"",""classification"":""heuristic""}"
treatment,Surgery blades #11,Surgery blades #11,evh-treatments,true,2,0.88,"{""source_system"":""stockroom"",""source_file"":""Stockroom \u00b7 Instinct Stockroom.csv"",""source_rows"":""3139"",""classification"":""heuristic""}"
treatment,Surgery bulb,Surgery bulb,evh-treatments,true,2,0.88,"{""source_system"":""stockroom"",""source_file"":""Stockroom \u00b7 Instinct Stockroom.csv"",""source_rows"":""3139"",""classification"":""heuristic""}"
treatment,"Surgery Cap Bouffant 24"" 100/bx","Surgery Cap Bouffant 24"" 100/bx",evh-treatments,true,2,0.88,"{""source_system"":""stockroom"",""source_file"":""Stockroom \u00b7 Instinct Stockroom.csv"",""source_rows"":""3139"",""classification"":""heuristic""}"
treatment,Surgery Drape,Surgery Drape,evh-treatments,true,2,0.88,"{""source_system"":""stockroom"",""source_file"":""Stockroom \u00b7 Instinct Stockroom.csv"",""source_rows"":""3139"",""classification"":""heuristic""}"
treatment,Surgery Mask Tie,Surgery Mask Tie,evh-treatments,true,2,0.88,"{""source_system"":""stockroom"",""source_file"":""Stockroom \u00b7 Instinct Stockroom.csv"",""source_rows"":""3139"",""classification"":""heuristic""}"
treatment,Sweep (Treatment/SX/Lab/Pharmacy/X-Ray/Autoclave),Sweep (Treatment/SX/Lab/Pharmacy/X-Ray/Autoclave),evh-treatments,true,2,0.88,"{""source_system"":""stockroom"",""source_file"":""Stockroom \u00b7 Instinct Stockroom.csv"",""source_rows"":""3139"",""classification"":""heuristic""}"
treatment,System Phovia Light,System Phovia Light,evh-treatments,true,2,0.88,"{""source_system"":""stockroom"",""source_file"":""Stockroom \u00b7 Instinct Stockroom.csv"",""source_rows"":""3139"",""classification"":""heuristic""}"
treatment,Technician Consult Fee,Technician Consult Fee,evh-treatments,true,2,0.88,"{""source_system"":""stockroom"",""source_file"":""Stockroom \u00b7 Instinct Stockroom.csv"",""source_rows"":""3139"",""classification"":""heuristic""}"
treatment,"Tru Cut Tissue Biopsy Needle 18gx4""","Tru Cut Tissue Biopsy Needle 18gx4""",evh-treatments,true,2,0.88,"{""source_system"":""stockroom"",""source_file"":""Stockroom \u00b7 Instinct Stockroom.csv"",""source_rows"":""3139"",""classification"":""heuristic""}"
treatment,Ultrasound - Butterfly (Single Organ),Ultrasound - Butterfly (Single Organ),evh-treatments,true,2,0.88,"{""source_system"":""stockroom"",""source_file"":""Stockroom \u00b7 Instinct Stockroom.csv"",""source_rows"":""3139"",""classification"":""heuristic""}"
treatment,Ultrasound - POCUS / FAST,Ultrasound - POCUS / FAST,evh-treatments,true,2,0.88,"{""source_system"":""stockroom"",""source_file"":""Stockroom \u00b7 Instinct Stockroom.csv"",""source_rows"":""3139"",""classification"":""heuristic""}"
treatment,Ultrasound - Pregnancy Check,Ultrasound - Pregnancy Check,evh-treatments,true,2,0.88,"{""source_system"":""stockroom"",""source_file"":""Stockroom \u00b7 Instinct Stockroom.csv"",""source_rows"":""3139"",""classification"":""heuristic""}"
treatment,Ultrasound Assisted Centesis,Ultrasound Assisted Centesis,evh-treatments,true,2,0.88,"{""source_system"":""stockroom"",""source_file"":""Stockroom \u00b7 Instinct Stockroom.csv"",""source_rows"":""3139"",""classification"":""heuristic""}"
treatment,Ultrasound Gel 5 Liter Bulk Jug,Ultrasound Gel 5 Liter Bulk Jug,evh-treatments,true,2,0.88,"{""source_system"":""stockroom"",""source_file"":""Stockroom \u00b7 Instinct Stockroom.csv"",""source_rows"":""3139"",""classification"":""heuristic""}"
treatment,Ultrasound Gel 8OZ,Ultrasound Gel 8OZ,evh-treatments,true,2,0.88,"{""source_system"":""stockroom"",""source_file"":""Stockroom \u00b7 Instinct Stockroom.csv"",""source_rows"":""3139"",""classification"":""heuristic""}"
treatment,Ultrasound Guided Needle Biopsy,Ultrasound Guided Needle Biopsy,evh-treatments,true,2,0.88,"{""source_system"":""stockroom"",""source_file"":""Stockroom \u00b7 Instinct Stockroom.csv"",""source_rows"":""3139"",""classification"":""heuristic""}"
treatment,Ultrasound Guided Trucut Biopsy,Ultrasound Guided Trucut Biopsy,evh-treatments,true,2,0.88,"{""source_system"":""stockroom"",""source_file"":""Stockroom \u00b7 Instinct Stockroom.csv"",""source_rows"":""3139"",""classification"":""heuristic""}"
treatment,Unplug Oxygen in TX/ SX,Unplug Oxygen in TX/ SX,evh-treatments,true,2,0.88,"{""source_system"":""stockroom"",""source_file"":""Stockroom \u00b7 Instinct Stockroom.csv"",""source_rows"":""3139"",""classification"":""heuristic""}"
treatment,Urinary Catheter Care / Cleaning,Urinary Catheter Care / Cleaning,evh-treatments,true,2,0.88,"{""source_system"":""stockroom"",""source_file"":""Stockroom \u00b7 Instinct Stockroom.csv"",""source_rows"":""3139"",""classification"":""heuristic""}"
treatment,"Vantage Lister Bandage Scissors 5.5""","Vantage Lister Bandage Scissors 5.5""",evh-treatments,true,2,0.88,"{""source_system"":""stockroom"",""source_file"":""Stockroom \u00b7 Instinct Stockroom.csv"",""source_rows"":""3139"",""classification"":""heuristic""}"
treatment,Versa 2 Anesthesia Machine Service Kit,Versa 2 Anesthesia Machine Service Kit,evh-treatments,true,2,0.88,"{""source_system"":""stockroom"",""source_file"":""Stockroom \u00b7 Instinct Stockroom.csv"",""source_rows"":""3139"",""classification"":""heuristic""}"
treatment,Wound Care - Cleansing/Medicate,Wound Care - Cleansing/Medicate,evh-treatments,true,2,0.88,"{""source_system"":""stockroom"",""source_file"":""Stockroom \u00b7 Instinct Stockroom.csv"",""source_rows"":""3139"",""classification"":""heuristic""}"
treatment,X-Ray - Clean Table Top/Sides,X-Ray - Clean Table Top/Sides,evh-treatments,true,2,0.88,"{""source_system"":""stockroom"",""source_file"":""Stockroom \u00b7 Instinct Stockroom.csv"",""source_rows"":""3139"",""classification"":""heuristic""}"
treatment,X-Ray - Turn Off Breaker,X-Ray - Turn Off Breaker,evh-treatments,true,2,0.88,"{""source_system"":""stockroom"",""source_file"":""Stockroom \u00b7 Instinct Stockroom.csv"",""source_rows"":""3139"",""classification"":""heuristic""}"
treatment,X-Ray Apron w/ Thyroid Collar XL,X-Ray Apron w/ Thyroid Collar XL,evh-treatments,true,2,0.88,"{""source_system"":""stockroom"",""source_file"":""Stockroom \u00b7 Instinct Stockroom.csv"",""source_rows"":""3139"",""classification"":""heuristic""}"
